AGKB22101,Wrecking Wave,11,06/12/2026, 19:03:31,1412
AGKB22101,Wrecking Wave,33,06/12/2026, 21:30:58,1412
AGKB22101,Wrecking Wave,56,06/12/2026, 23:15:31,1412
AGKB22101,Wrecking Wave,75,06/13/2026, 02:59:39,1412
AGKB22101,Wrecking Wave,92,06/13/2026, 07:00:52,1412
AGKB22101,Wrecking Wave,106,06/13/2026, 10:06:11,1412
AGKB22101,Wrecking Wave,112,06/13/2026, 12:23:48,1412
AGKB22101,Wrecking Wave,122,06/13/2026, 14:58:48,1412
AGKB22101,Wrecking Wave,125,06/13/2026, 16:14:31,1412
AGKB22101,Wrecking Wave,127,06/13/2026, 18:06:07,1412
AGKB22101,Wrecking Wave,146,06/13/2026, 20:14:27,1412
AGKB22101,Wrecking Wave,151,06/13/2026, 22:01:33,1412
AGKB22101,Wrecking Wave,155,06/13/2026, 23:14:12,1412
AGKB22101,Wrecking Wave,174,06/14/2026, 03:38:04,1412
AGKB22101,Wrecking Wave,187,06/14/2026, 08:14:13,1412
AGKB22101,Wrecking Wave,190,06/14/2026, 11:29:03,1412
AGKB22101,Wrecking Wave,198,06/14/2026, 13:55:23,1412
AGKB22101,Wrecking Wave,201,06/14/2026, 15:48:47,1412
AGKB22101,Wrecking Wave,205,06/14/2026, 17:18:19,1412
AGKB22101,Wrecking Wave,211,06/14/2026, 19:21:40,1412
AGKB22101,Wrecking Wave,216,06/14/2026, 21:08:20,1412
AGKB22101,Wrecking Wave,226,06/14/2026, 23:06:25,1412
AGKB22101,Wrecking Wave,234,06/15/2026, 03:52:14,1412
AGKB22101,Wrecking Wave,241,06/15/2026, 10:00:47,1412
AGKB22101,Wrecking Wave,250,06/15/2026, 15:50:30,1412
AGKB22101,Wrecking Wave,255,06/15/2026, 19:45:45,1412
AGKB22101,Wrecking Wave,261,06/15/2026, 22:17:16,1412
AGKB22101,Wrecking Wave,263,06/16/2026, 00:29:18,1412
AGKB22101,Wrecking Wave,270,06/16/2026, 06:32:31,1412
