BKRM80522,Backrooms,11,05/08/2022, 18:15:38,821
BKRM80522,Backrooms,27,05/08/2022, 19:11:35,821
BKRM80522,Backrooms,48,05/08/2022, 20:14:19,821
BKRM80522,Backrooms,55,05/08/2022, 21:12:13,821
BKRM80522,Backrooms,68,05/08/2022, 22:14:26,821
BKRM80522,Backrooms,79,05/08/2022, 23:13:39,821
BKRM80522,Backrooms,89,05/09/2022, 01:04:32,821
BKRM80522,Backrooms,100,05/09/2022, 03:17:50,821
BKRM80522,Backrooms,105,05/09/2022, 04:27:07,821
BKRM80522,Backrooms,108,05/09/2022, 05:18:00,821
BKRM80522,Backrooms,110,05/09/2022, 06:18:16,821
BKRM80522,Backrooms,112,05/09/2022, 07:13:59,821
BKRM80522,Backrooms,116,05/09/2022, 08:18:00,821
BKRM80522,Backrooms,118,05/09/2022, 09:14:53,821
BKRM80522,Backrooms,119,05/09/2022, 10:15:44,821
BKRM80522,Backrooms,121,05/09/2022, 11:12:54,821
BKRM80522,Backrooms,124,05/09/2022, 12:27:47,821
BKRM80522,Backrooms,127,05/09/2022, 13:35:21,821
BKRM80522,Backrooms,133,05/09/2022, 14:12:42,821
BKRM80522,Backrooms,137,05/09/2022, 15:15:07,821
BKRM80522,Backrooms,142,05/09/2022, 16:26:25,821
BKRM80522,Backrooms,145,05/09/2022, 17:27:20,821
BKRM80522,Backrooms,147,05/09/2022, 18:21:35,821
BKRM80522,Backrooms,150,05/09/2022, 19:15:25,821
BKRM80522,Backrooms,154,05/09/2022, 20:18:08,821
BKRM80522,Backrooms,158,05/09/2022, 21:13:16,821
BKRM80522,Backrooms,163,05/09/2022, 22:13:58,821
BKRM80522,Backrooms,164,05/09/2022, 23:14:03,821
BKRM80522,Backrooms,168,05/10/2022, 01:00:10,821
BKRM80522,Backrooms,174,05/10/2022, 02:24:51,821
BKRM80522,Backrooms,180,05/10/2022, 03:23:34,821
BKRM80522,Backrooms,184,05/10/2022, 04:17:39,821
BKRM80522,Backrooms,186,05/10/2022, 05:13:53,821
BKRM80522,Backrooms,186,05/10/2022, 06:17:27,821
BKRM80522,Backrooms,192,05/10/2022, 07:14:02,821
BKRM80522,Backrooms,195,05/10/2022, 08:19:19,821
BKRM80522,Backrooms,196,05/10/2022, 09:19:43,821
BKRM80522,Backrooms,196,05/10/2022, 10:15:23,821
BKRM80522,Backrooms,198,05/10/2022, 11:13:20,821
BKRM80522,Backrooms,201,05/10/2022, 12:33:36,821
BKRM80522,Backrooms,202,05/10/2022, 13:43:48,821
BKRM80522,Backrooms,203,05/10/2022, 14:22:30,821
BKRM80522,Backrooms,205,05/10/2022, 15:19:21,821
BKRM80522,Backrooms,209,05/10/2022, 16:22:12,821
BKRM80522,Backrooms,210,05/10/2022, 17:24:33,821
BKRM80522,Backrooms,212,05/10/2022, 18:22:22,821
BKRM80522,Backrooms,215,05/10/2022, 19:16:13,821
BKRM80522,Backrooms,216,05/10/2022, 20:21:13,821
BKRM80522,Backrooms,219,05/10/2022, 21:17:17,821
BKRM80522,Backrooms,220,05/10/2022, 22:13:52,821
BKRM80522,Backrooms,223,05/10/2022, 23:14:37,821
BKRM80522,Backrooms,225,05/11/2022, 01:12:21,821
BKRM80522,Backrooms,231,05/11/2022, 03:18:13,821
BKRM80522,Backrooms,232,05/11/2022, 04:32:39,821
BKRM80522,Backrooms,235,05/11/2022, 05:23:51,821
BKRM80522,Backrooms,236,05/11/2022, 06:20:51,821
BKRM80522,Backrooms,236,05/11/2022, 07:19:16,821
BKRM80522,Backrooms,239,05/11/2022, 08:24:14,821
BKRM80522,Backrooms,239,05/11/2022, 09:18:18,821
BKRM80522,Backrooms,239,05/11/2022, 10:20:24,821
BKRM80522,Backrooms,239,05/11/2022, 11:14:21,821
BKRM80522,Backrooms,240,05/11/2022, 12:34:20,821
BKRM80522,Backrooms,241,05/11/2022, 13:36:43,821
BKRM80522,Backrooms,242,05/11/2022, 14:14:09,821
BKRM80522,Backrooms,246,05/11/2022, 15:15:56,821
BKRM80522,Backrooms,248,05/11/2022, 16:25:46,821
BKRM80522,Backrooms,252,05/11/2022, 17:31:26,821
BKRM80522,Backrooms,255,05/11/2022, 18:21:19,821
BKRM80522,Backrooms,258,05/11/2022, 19:12:44,821
BKRM80522,Backrooms,261,05/11/2022, 20:19:37,821
BKRM80522,Backrooms,263,05/11/2022, 21:12:31,821
BKRM80522,Backrooms,268,05/11/2022, 22:13:59,821
BKRM80522,Backrooms,271,05/11/2022, 23:14:49,821
BKRM80522,Backrooms,274,05/12/2022, 01:08:53,821
BKRM80522,Backrooms,276,05/12/2022, 03:11:40,821
BKRM80522,Backrooms,276,05/12/2022, 04:24:54,821
BKRM80522,Backrooms,276,05/12/2022, 05:20:48,821
BKRM80522,Backrooms,276,05/12/2022, 06:19:20,821
BKRM80522,Backrooms,277,05/12/2022, 07:14:17,821
BKRM80522,Backrooms,277,05/12/2022, 08:22:22,821
BKRM80522,Backrooms,278,05/12/2022, 09:20:00,821
BKRM80522,Backrooms,278,05/12/2022, 10:17:36,821
BKRM80522,Backrooms,279,05/12/2022, 11:17:15,821
BKRM80522,Backrooms,281,05/12/2022, 12:32:28,821
BKRM80522,Backrooms,282,05/12/2022, 13:40:35,821
BKRM80522,Backrooms,282,05/12/2022, 14:17:53,821
BKRM80522,Backrooms,284,05/12/2022, 15:15:21,821
BKRM80522,Backrooms,286,05/12/2022, 16:25:36,821
BKRM80522,Backrooms,289,05/12/2022, 17:26:10,821
BKRM80522,Backrooms,290,05/12/2022, 19:11:21,821
BKRM80522,Backrooms,294,05/12/2022, 20:15:27,821
BKRM80522,Backrooms,295,05/12/2022, 21:11:42,821
BKRM80522,Backrooms,299,05/12/2022, 22:15:42,821
BKRM80522,Backrooms,300,05/12/2022, 23:15:08,821
BKRM80522,Backrooms,304,05/13/2022, 01:15:46,821
BKRM80522,Backrooms,309,05/13/2022, 03:46:49,821
BKRM80522,Backrooms,313,05/13/2022, 04:50:05,821
BKRM80522,Backrooms,313,05/13/2022, 05:38:15,821
BKRM80522,Backrooms,313,05/13/2022, 06:21:02,821
BKRM80522,Backrooms,314,05/13/2022, 07:14:55,821
BKRM80522,Backrooms,314,05/13/2022, 08:21:23,821
BKRM80522,Backrooms,316,05/13/2022, 09:19:18,821
BKRM80522,Backrooms,316,05/13/2022, 10:21:24,821
BKRM80522,Backrooms,316,05/13/2022, 11:13:05,821
BKRM80522,Backrooms,317,05/13/2022, 12:38:19,821
BKRM80522,Backrooms,317,05/13/2022, 13:47:25,821
BKRM80522,Backrooms,318,05/13/2022, 14:21:11,821
BKRM80522,Backrooms,320,05/13/2022, 15:18:13,821
BKRM80522,Backrooms,322,05/13/2022, 16:25:25,821
BKRM80522,Backrooms,323,05/13/2022, 17:23:28,821
BKRM80522,Backrooms,323,05/13/2022, 18:18:25,821
BKRM80522,Backrooms,324,05/13/2022, 19:12:26,821
BKRM80522,Backrooms,328,05/13/2022, 20:16:27,821
BKRM80522,Backrooms,331,05/13/2022, 21:12:55,821
BKRM80522,Backrooms,333,05/13/2022, 22:14:03,821
BKRM80522,Backrooms,333,05/13/2022, 23:15:22,821
BKRM80522,Backrooms,336,05/14/2022, 01:18:01,821
BKRM80522,Backrooms,339,05/14/2022, 03:59:48,821
BKRM80522,Backrooms,341,05/14/2022, 05:25:55,821
BKRM80522,Backrooms,342,05/14/2022, 06:34:20,821
BKRM80522,Backrooms,342,05/14/2022, 07:19:24,821
BKRM80522,Backrooms,342,05/14/2022, 08:17:12,821
BKRM80522,Backrooms,343,05/14/2022, 09:13:46,821
BKRM80522,Backrooms,346,05/14/2022, 10:15:31,821
BKRM80522,Backrooms,348,05/14/2022, 11:11:56,821
BKRM80522,Backrooms,349,05/14/2022, 12:26:55,821
BKRM80522,Backrooms,349,05/14/2022, 13:33:30,821
BKRM80522,Backrooms,351,05/14/2022, 14:13:03,821
BKRM80522,Backrooms,354,05/14/2022, 15:14:20,821
BKRM80522,Backrooms,356,05/14/2022, 16:18:01,821
BKRM80522,Backrooms,357,05/14/2022, 17:18:06,821
BKRM80522,Backrooms,360,05/14/2022, 18:16:48,821
BKRM80522,Backrooms,361,05/14/2022, 19:11:38,821
BKRM80522,Backrooms,362,05/14/2022, 20:13:54,821
BKRM80522,Backrooms,367,05/14/2022, 21:12:35,821
BKRM80522,Backrooms,368,05/14/2022, 22:14:25,821
BKRM80522,Backrooms,369,05/14/2022, 23:14:16,821
BKRM80522,Backrooms,370,05/15/2022, 01:16:56,821
BKRM80522,Backrooms,373,05/15/2022, 03:13:04,821
BKRM80522,Backrooms,375,05/15/2022, 04:21:13,821
BKRM80522,Backrooms,376,05/15/2022, 05:16:47,821
BKRM80522,Backrooms,378,05/15/2022, 06:17:28,821
BKRM80522,Backrooms,378,05/15/2022, 07:13:15,821
BKRM80522,Backrooms,378,05/15/2022, 08:16:59,821
BKRM80522,Backrooms,379,05/15/2022, 09:14:22,821
BKRM80522,Backrooms,380,05/15/2022, 10:16:04,821
BKRM80522,Backrooms,380,05/15/2022, 11:12:15,821
BKRM80522,Backrooms,381,05/15/2022, 12:25:42,821
BKRM80522,Backrooms,382,05/15/2022, 13:29:16,821
BKRM80522,Backrooms,383,05/15/2022, 14:12:53,821
BKRM80522,Backrooms,384,05/15/2022, 15:14:03,821
BKRM80522,Backrooms,384,05/15/2022, 16:18:53,821
BKRM80522,Backrooms,387,05/15/2022, 17:19:16,821
BKRM80522,Backrooms,391,05/15/2022, 18:26:56,821
BKRM80522,Backrooms,392,05/15/2022, 19:11:47,821
BKRM80522,Backrooms,393,05/15/2022, 20:15:00,821
BKRM80522,Backrooms,396,05/15/2022, 21:12:23,821
BKRM80522,Backrooms,398,05/15/2022, 22:13:18,821
BKRM80522,Backrooms,401,05/15/2022, 23:14:03,821
BKRM80522,Backrooms,403,05/16/2022, 01:08:15,821
BKRM80522,Backrooms,405,05/16/2022, 02:58:37,821
BKRM80522,Backrooms,405,05/16/2022, 03:38:14,821
BKRM80522,Backrooms,405,05/16/2022, 04:21:09,821
BKRM80522,Backrooms,407,05/16/2022, 05:19:08,821
BKRM80522,Backrooms,408,05/16/2022, 06:20:09,821
BKRM80522,Backrooms,409,05/16/2022, 07:17:00,821
BKRM80522,Backrooms,410,05/16/2022, 08:18:55,821
BKRM80522,Backrooms,410,05/16/2022, 09:14:31,821
BKRM80522,Backrooms,412,05/16/2022, 10:17:12,821
BKRM80522,Backrooms,413,05/16/2022, 11:12:36,821
BKRM80522,Backrooms,415,05/16/2022, 12:29:07,821
BKRM80522,Backrooms,417,05/16/2022, 13:38:07,821
BKRM80522,Backrooms,417,05/16/2022, 14:14:51,821
BKRM80522,Backrooms,420,05/16/2022, 15:16:15,821
BKRM80522,Backrooms,421,05/16/2022, 16:22:16,821
BKRM80522,Backrooms,422,05/16/2022, 17:20:07,821
BKRM80522,Backrooms,424,05/16/2022, 18:18:47,821
BKRM80522,Backrooms,425,05/16/2022, 19:11:39,821
BKRM80522,Backrooms,428,05/16/2022, 20:15:47,821
BKRM80522,Backrooms,429,05/16/2022, 21:13:16,821
BKRM80522,Backrooms,430,05/16/2022, 22:14:06,821
BKRM80522,Backrooms,431,05/16/2022, 23:14:38,821
BKRM80522,Backrooms,432,05/17/2022, 01:05:46,821
BKRM80522,Backrooms,434,05/17/2022, 03:22:28,821
BKRM80522,Backrooms,434,05/17/2022, 04:29:27,821
BKRM80522,Backrooms,434,05/17/2022, 05:18:49,821
BKRM80522,Backrooms,435,05/17/2022, 06:18:22,821
BKRM80522,Backrooms,435,05/17/2022, 07:13:35,821
BKRM80522,Backrooms,435,05/17/2022, 08:18:55,821
BKRM80522,Backrooms,435,05/17/2022, 09:14:20,821
BKRM80522,Backrooms,436,05/17/2022, 10:15:35,821
BKRM80522,Backrooms,438,05/17/2022, 11:12:19,821
BKRM80522,Backrooms,438,05/17/2022, 12:28:52,821
BKRM80522,Backrooms,440,05/17/2022, 13:32:57,821
BKRM80522,Backrooms,440,05/17/2022, 14:12:17,821
BKRM80522,Backrooms,441,05/17/2022, 15:15:07,821
BKRM80522,Backrooms,445,05/17/2022, 16:20:54,821
BKRM80522,Backrooms,446,05/17/2022, 17:21:13,821
BKRM80522,Backrooms,446,05/17/2022, 18:17:48,821
BKRM80522,Backrooms,447,05/17/2022, 19:10:11,821
BKRM80522,Backrooms,448,05/17/2022, 20:15:04,821
BKRM80522,Backrooms,448,05/17/2022, 21:10:55,821
BKRM80522,Backrooms,449,05/17/2022, 22:14:51,821
BKRM80522,Backrooms,450,05/17/2022, 23:14:20,821
BKRM80522,Backrooms,452,05/18/2022, 00:55:41,821
BKRM80522,Backrooms,455,05/18/2022, 02:53:42,821
BKRM80522,Backrooms,457,05/18/2022, 03:51:43,821
BKRM80522,Backrooms,458,05/18/2022, 04:26:52,821
BKRM80522,Backrooms,458,05/18/2022, 05:18:44,821
BKRM80522,Backrooms,461,05/18/2022, 06:18:25,821
BKRM80522,Backrooms,462,05/18/2022, 07:13:34,821
BKRM80522,Backrooms,464,05/18/2022, 08:17:27,821
BKRM80522,Backrooms,464,05/18/2022, 09:17:27,821
BKRM80522,Backrooms,464,05/18/2022, 10:15:41,821
BKRM80522,Backrooms,465,05/18/2022, 11:12:20,821
BKRM80522,Backrooms,467,05/18/2022, 12:27:38,821
BKRM80522,Backrooms,468,05/18/2022, 13:37:20,821
BKRM80522,Backrooms,468,05/18/2022, 14:16:12,821
BKRM80522,Backrooms,469,05/18/2022, 15:15:12,821
BKRM80522,Backrooms,470,05/18/2022, 16:19:36,821
BKRM80522,Backrooms,472,05/18/2022, 17:21:31,821
BKRM80522,Backrooms,473,05/18/2022, 18:19:12,821
BKRM80522,Backrooms,474,05/18/2022, 19:12:09,821
BKRM80522,Backrooms,476,05/18/2022, 20:15:19,821
BKRM80522,Backrooms,478,05/18/2022, 21:13:28,821
BKRM80522,Backrooms,478,05/18/2022, 22:14:05,821
BKRM80522,Backrooms,482,05/18/2022, 23:14:12,821
BKRM80522,Backrooms,483,05/19/2022, 01:16:46,821
BKRM80522,Backrooms,487,05/19/2022, 03:23:06,821
BKRM80522,Backrooms,487,05/19/2022, 04:29:14,821
BKRM80522,Backrooms,487,05/19/2022, 05:18:59,821
BKRM80522,Backrooms,487,05/19/2022, 06:18:07,821
BKRM80522,Backrooms,487,05/19/2022, 07:13:57,821
BKRM80522,Backrooms,487,05/19/2022, 08:18:29,821
BKRM80522,Backrooms,487,05/19/2022, 09:14:52,821
BKRM80522,Backrooms,487,05/19/2022, 10:16:34,821
BKRM80522,Backrooms,489,05/19/2022, 11:12:37,821
BKRM80522,Backrooms,490,05/19/2022, 12:27:11,821
BKRM80522,Backrooms,490,05/19/2022, 13:37:12,821
BKRM80522,Backrooms,490,05/19/2022, 14:13:22,821
BKRM80522,Backrooms,490,05/19/2022, 15:20:42,821
BKRM80522,Backrooms,492,05/19/2022, 16:38:12,821
BKRM80522,Backrooms,492,05/19/2022, 17:42:35,821
BKRM80522,Backrooms,492,05/19/2022, 18:25:16,821
BKRM80522,Backrooms,493,05/19/2022, 19:12:39,821
BKRM80522,Backrooms,494,05/19/2022, 20:15:17,821
BKRM80522,Backrooms,496,05/19/2022, 21:13:06,821
BKRM80522,Backrooms,496,05/19/2022, 22:13:31,821
BKRM80522,Backrooms,496,05/19/2022, 23:14:24,821
BKRM80522,Backrooms,496,05/20/2022, 01:08:26,821
BKRM80522,Backrooms,496,05/20/2022, 03:12:26,821
BKRM80522,Backrooms,496,05/20/2022, 04:23:31,821
BKRM80522,Backrooms,497,05/20/2022, 05:16:07,821
BKRM80522,Backrooms,498,05/20/2022, 06:18:02,821
BKRM80522,Backrooms,499,05/20/2022, 07:13:42,821
BKRM80522,Backrooms,499,05/20/2022, 08:17:56,821
BKRM80522,Backrooms,500,05/20/2022, 09:18:24,821
BKRM80522,Backrooms,501,05/20/2022, 10:16:18,821
BKRM80522,Backrooms,501,05/20/2022, 11:12:37,821
BKRM80522,Backrooms,501,05/20/2022, 12:27:00,821
BKRM80522,Backrooms,501,05/20/2022, 13:34:05,821
BKRM80522,Backrooms,502,05/20/2022, 14:13:14,821
BKRM80522,Backrooms,502,05/20/2022, 15:15:31,821
BKRM80522,Backrooms,504,05/20/2022, 16:19:36,821
BKRM80522,Backrooms,505,05/20/2022, 17:20:20,821
BKRM80522,Backrooms,506,05/20/2022, 18:17:17,821
BKRM80522,Backrooms,507,05/20/2022, 19:11:59,821
BKRM80522,Backrooms,507,05/20/2022, 20:15:22,821
BKRM80522,Backrooms,510,05/20/2022, 21:13:53,821
BKRM80522,Backrooms,510,05/20/2022, 22:14:45,821
BKRM80522,Backrooms,511,05/20/2022, 23:15:00,821
BKRM80522,Backrooms,513,05/21/2022, 00:58:21,821
BKRM80522,Backrooms,514,05/21/2022, 02:24:03,821
BKRM80522,Backrooms,514,05/21/2022, 03:25:06,821
BKRM80522,Backrooms,514,05/21/2022, 04:17:42,821
BKRM80522,Backrooms,515,05/21/2022, 05:13:38,821
BKRM80522,Backrooms,515,05/21/2022, 06:17:57,821
BKRM80522,Backrooms,517,05/21/2022, 07:13:22,821
BKRM80522,Backrooms,520,05/21/2022, 08:17:22,821
BKRM80522,Backrooms,520,05/21/2022, 09:13:41,821
BKRM80522,Backrooms,521,05/21/2022, 10:14:51,821
BKRM80522,Backrooms,522,05/21/2022, 11:11:57,821
BKRM80522,Backrooms,524,05/21/2022, 12:23:16,821
BKRM80522,Backrooms,524,05/21/2022, 13:24:27,821
BKRM80522,Backrooms,525,05/21/2022, 14:12:39,821
BKRM80522,Backrooms,527,05/21/2022, 15:14:45,821
BKRM80522,Backrooms,528,05/21/2022, 16:18:04,821
BKRM80522,Backrooms,529,05/21/2022, 17:16:43,821
BKRM80522,Backrooms,530,05/21/2022, 18:16:16,821
BKRM80522,Backrooms,530,05/21/2022, 19:11:43,821
BKRM80522,Backrooms,533,05/21/2022, 20:15:03,821
BKRM80522,Backrooms,535,05/21/2022, 21:12:32,821
BKRM80522,Backrooms,538,05/21/2022, 22:13:33,821
BKRM80522,Backrooms,540,05/21/2022, 23:14:04,821
BKRM80522,Backrooms,542,05/22/2022, 01:04:46,821
BKRM80522,Backrooms,542,05/22/2022, 03:06:05,821
BKRM80522,Backrooms,542,05/22/2022, 04:18:23,821
BKRM80522,Backrooms,542,05/22/2022, 05:13:37,821
BKRM80522,Backrooms,542,05/22/2022, 06:17:22,821
BKRM80522,Backrooms,543,05/22/2022, 07:13:34,821
BKRM80522,Backrooms,545,05/22/2022, 08:16:49,821
BKRM80522,Backrooms,546,05/22/2022, 09:13:38,821
BKRM80522,Backrooms,547,05/22/2022, 10:15:23,821
BKRM80522,Backrooms,548,05/22/2022, 11:11:59,821
BKRM80522,Backrooms,550,05/22/2022, 12:23:30,821
BKRM80522,Backrooms,551,05/22/2022, 13:24:48,821
BKRM80522,Backrooms,551,05/22/2022, 14:13:06,821
BKRM80522,Backrooms,555,05/22/2022, 15:15:14,821
BKRM80522,Backrooms,558,05/22/2022, 16:18:10,821
BKRM80522,Backrooms,559,05/22/2022, 17:17:09,821
BKRM80522,Backrooms,560,05/22/2022, 18:16:05,821
BKRM80522,Backrooms,561,05/22/2022, 19:11:46,821
BKRM80522,Backrooms,562,05/22/2022, 20:14:30,821
BKRM80522,Backrooms,562,05/22/2022, 21:12:44,821
BKRM80522,Backrooms,564,05/22/2022, 22:13:54,821
BKRM80522,Backrooms,566,05/22/2022, 23:14:15,821
BKRM80522,Backrooms,567,05/23/2022, 01:01:33,821
BKRM80522,Backrooms,571,05/23/2022, 03:17:38,821
BKRM80522,Backrooms,572,05/23/2022, 04:30:15,821
BKRM80522,Backrooms,572,05/23/2022, 05:20:15,821
BKRM80522,Backrooms,573,05/23/2022, 06:20:03,821
BKRM80522,Backrooms,574,05/23/2022, 07:16:05,821
BKRM80522,Backrooms,575,05/23/2022, 08:18:14,821
BKRM80522,Backrooms,575,05/23/2022, 09:14:43,821
BKRM80522,Backrooms,575,05/23/2022, 10:16:20,821
BKRM80522,Backrooms,576,05/23/2022, 11:12:58,821
BKRM80522,Backrooms,576,05/23/2022, 12:27:40,821
BKRM80522,Backrooms,576,05/23/2022, 13:35:06,821
BKRM80522,Backrooms,576,05/23/2022, 14:14:28,821
BKRM80522,Backrooms,576,05/23/2022, 15:15:42,821
BKRM80522,Backrooms,577,05/23/2022, 16:19:31,821
BKRM80522,Backrooms,578,05/23/2022, 17:24:00,821
BKRM80522,Backrooms,578,05/23/2022, 18:17:34,821
BKRM80522,Backrooms,579,05/23/2022, 19:11:41,821
BKRM80522,Backrooms,579,05/23/2022, 20:15:49,821
BKRM80522,Backrooms,581,05/23/2022, 21:13:20,821
BKRM80522,Backrooms,581,05/23/2022, 22:15:05,821
BKRM80522,Backrooms,582,05/23/2022, 23:14:21,821
BKRM80522,Backrooms,583,05/24/2022, 01:10:59,821
BKRM80522,Backrooms,584,05/24/2022, 03:21:23,821
BKRM80522,Backrooms,584,05/24/2022, 04:30:37,821
BKRM80522,Backrooms,584,05/24/2022, 05:19:39,821
BKRM80522,Backrooms,585,05/24/2022, 06:18:02,821
BKRM80522,Backrooms,587,05/24/2022, 07:13:43,821
BKRM80522,Backrooms,587,05/24/2022, 08:18:40,821
BKRM80522,Backrooms,587,05/24/2022, 09:15:25,821
BKRM80522,Backrooms,587,05/24/2022, 10:15:57,821
BKRM80522,Backrooms,587,05/24/2022, 11:12:20,821
BKRM80522,Backrooms,587,05/24/2022, 12:28:53,821
BKRM80522,Backrooms,587,05/24/2022, 13:36:21,821
BKRM80522,Backrooms,587,05/24/2022, 14:14:17,821
BKRM80522,Backrooms,589,05/24/2022, 15:15:09,821
BKRM80522,Backrooms,589,05/24/2022, 16:20:56,821
BKRM80522,Backrooms,589,05/24/2022, 17:21:42,821
BKRM80522,Backrooms,589,05/24/2022, 18:18:44,821
BKRM80522,Backrooms,589,05/24/2022, 19:11:35,821
BKRM80522,Backrooms,591,05/24/2022, 20:16:25,821
BKRM80522,Backrooms,593,05/24/2022, 21:13:29,821
BKRM80522,Backrooms,594,05/24/2022, 22:14:27,821
BKRM80522,Backrooms,596,05/24/2022, 23:14:55,821
BKRM80522,Backrooms,597,05/25/2022, 01:08:27,821
BKRM80522,Backrooms,601,05/25/2022, 03:17:33,821
BKRM80522,Backrooms,604,05/25/2022, 04:26:44,821
BKRM80522,Backrooms,606,05/25/2022, 05:18:35,821
BKRM80522,Backrooms,606,05/25/2022, 06:18:27,821
BKRM80522,Backrooms,606,05/25/2022, 07:13:49,821
BKRM80522,Backrooms,606,05/25/2022, 08:18:02,821
BKRM80522,Backrooms,606,05/25/2022, 09:14:35,821
BKRM80522,Backrooms,607,05/25/2022, 10:17:41,821
BKRM80522,Backrooms,607,05/25/2022, 11:13:19,821
BKRM80522,Backrooms,608,05/25/2022, 12:27:44,821
BKRM80522,Backrooms,610,05/25/2022, 13:38:10,821
BKRM80522,Backrooms,610,05/25/2022, 14:15:16,821
BKRM80522,Backrooms,612,05/25/2022, 15:16:44,821
BKRM80522,Backrooms,612,05/25/2022, 16:20:28,821
BKRM80522,Backrooms,615,05/25/2022, 17:22:27,821
BKRM80522,Backrooms,615,05/25/2022, 18:17:28,821
BKRM80522,Backrooms,615,05/25/2022, 19:12:00,821
BKRM80522,Backrooms,616,05/25/2022, 20:15:19,821
BKRM80522,Backrooms,617,05/25/2022, 21:13:34,821
BKRM80522,Backrooms,617,05/25/2022, 22:14:47,821
BKRM80522,Backrooms,619,05/25/2022, 23:14:24,821
BKRM80522,Backrooms,620,05/26/2022, 01:11:33,821
BKRM80522,Backrooms,621,05/26/2022, 03:21:46,821
BKRM80522,Backrooms,621,05/26/2022, 04:27:50,821
BKRM80522,Backrooms,622,05/26/2022, 05:18:18,821
BKRM80522,Backrooms,622,05/26/2022, 06:17:57,821
BKRM80522,Backrooms,622,05/26/2022, 07:14:00,821
BKRM80522,Backrooms,623,05/26/2022, 08:19:24,821
BKRM80522,Backrooms,624,05/26/2022, 09:14:50,821
BKRM80522,Backrooms,625,05/26/2022, 10:15:45,821
BKRM80522,Backrooms,625,05/26/2022, 11:12:45,821
BKRM80522,Backrooms,627,05/26/2022, 12:28:10,821
BKRM80522,Backrooms,627,05/26/2022, 13:33:10,821
BKRM80522,Backrooms,627,05/26/2022, 14:13:38,821
BKRM80522,Backrooms,627,05/26/2022, 15:16:47,821
BKRM80522,Backrooms,627,05/26/2022, 16:20:48,821
BKRM80522,Backrooms,629,05/26/2022, 17:21:45,821
BKRM80522,Backrooms,631,05/26/2022, 18:18:09,821
BKRM80522,Backrooms,631,05/26/2022, 19:11:25,821
BKRM80522,Backrooms,632,05/26/2022, 20:16:15,821
BKRM80522,Backrooms,633,05/26/2022, 21:13:58,821
BKRM80522,Backrooms,635,05/26/2022, 22:15:10,821
BKRM80522,Backrooms,636,05/26/2022, 23:13:38,821
BKRM80522,Backrooms,637,05/27/2022, 01:04:28,821
BKRM80522,Backrooms,637,05/27/2022, 03:23:04,821
BKRM80522,Backrooms,637,05/27/2022, 04:29:05,821
BKRM80522,Backrooms,638,05/27/2022, 05:18:58,821
BKRM80522,Backrooms,638,05/27/2022, 06:18:43,821
BKRM80522,Backrooms,639,05/27/2022, 07:13:52,821
BKRM80522,Backrooms,639,05/27/2022, 08:18:08,821
BKRM80522,Backrooms,640,05/27/2022, 09:15:12,821
BKRM80522,Backrooms,641,05/27/2022, 10:16:39,821
BKRM80522,Backrooms,641,05/27/2022, 11:13:54,821
BKRM80522,Backrooms,641,05/27/2022, 12:28:18,821
BKRM80522,Backrooms,644,05/27/2022, 13:35:02,821
BKRM80522,Backrooms,644,05/27/2022, 14:13:06,821
BKRM80522,Backrooms,645,05/27/2022, 15:15:02,821
BKRM80522,Backrooms,647,05/27/2022, 16:20:14,821
BKRM80522,Backrooms,647,05/27/2022, 17:19:51,821
BKRM80522,Backrooms,647,05/27/2022, 18:17:32,821
BKRM80522,Backrooms,649,05/27/2022, 19:11:47,821
BKRM80522,Backrooms,650,05/27/2022, 20:15:28,821
BKRM80522,Backrooms,653,05/27/2022, 21:13:28,821
BKRM80522,Backrooms,653,05/27/2022, 22:13:53,821
BKRM80522,Backrooms,654,05/27/2022, 23:14:17,821
BKRM80522,Backrooms,654,05/28/2022, 01:04:40,821
BKRM80522,Backrooms,654,05/28/2022, 03:06:51,821
BKRM80522,Backrooms,655,05/28/2022, 04:18:28,821
BKRM80522,Backrooms,658,05/28/2022, 05:13:53,821
BKRM80522,Backrooms,659,05/28/2022, 06:17:39,821
BKRM80522,Backrooms,661,05/28/2022, 07:13:20,821
BKRM80522,Backrooms,661,05/28/2022, 08:18:29,821
BKRM80522,Backrooms,662,05/28/2022, 09:13:30,821
BKRM80522,Backrooms,663,05/28/2022, 10:14:57,821
BKRM80522,Backrooms,663,05/28/2022, 11:12:21,821
BKRM80522,Backrooms,663,05/28/2022, 12:22:43,821
BKRM80522,Backrooms,665,05/28/2022, 13:24:54,821
BKRM80522,Backrooms,667,05/28/2022, 14:13:18,821
BKRM80522,Backrooms,668,05/28/2022, 15:14:34,821
BKRM80522,Backrooms,669,05/28/2022, 16:20:07,821
BKRM80522,Backrooms,673,05/28/2022, 17:18:06,821
BKRM80522,Backrooms,673,05/28/2022, 18:16:22,821
BKRM80522,Backrooms,674,05/28/2022, 19:11:49,821
BKRM80522,Backrooms,675,05/28/2022, 21:12:38,821
BKRM80522,Backrooms,676,05/28/2022, 22:13:52,821
BKRM80522,Backrooms,676,05/28/2022, 23:14:19,821
BKRM80522,Backrooms,678,05/29/2022, 01:09:27,821
BKRM80522,Backrooms,682,05/29/2022, 03:24:43,821
BKRM80522,Backrooms,682,05/29/2022, 04:27:50,821
BKRM80522,Backrooms,682,05/29/2022, 05:17:19,821
BKRM80522,Backrooms,682,05/29/2022, 06:17:19,821
BKRM80522,Backrooms,683,05/29/2022, 07:13:18,821
BKRM80522,Backrooms,683,05/29/2022, 08:17:05,821
BKRM80522,Backrooms,684,05/29/2022, 09:13:41,821
BKRM80522,Backrooms,684,05/29/2022, 10:15:14,821
BKRM80522,Backrooms,685,05/29/2022, 11:12:05,821
BKRM80522,Backrooms,686,05/29/2022, 12:23:25,821
BKRM80522,Backrooms,686,05/29/2022, 13:25:22,821
BKRM80522,Backrooms,687,05/29/2022, 14:13:15,821
BKRM80522,Backrooms,688,05/29/2022, 15:14:13,821
BKRM80522,Backrooms,688,05/29/2022, 16:18:12,821
BKRM80522,Backrooms,690,05/29/2022, 17:17:59,821
BKRM80522,Backrooms,690,05/29/2022, 18:16:21,821
BKRM80522,Backrooms,690,05/29/2022, 19:12:07,821
BKRM80522,Backrooms,691,05/29/2022, 20:15:20,821
BKRM80522,Backrooms,692,05/29/2022, 21:12:50,821
BKRM80522,Backrooms,692,05/29/2022, 22:14:09,821
BKRM80522,Backrooms,693,05/29/2022, 23:13:59,821
BKRM80522,Backrooms,693,05/30/2022, 01:12:38,821
BKRM80522,Backrooms,693,05/30/2022, 03:28:34,821
BKRM80522,Backrooms,694,05/30/2022, 04:34:29,821
BKRM80522,Backrooms,694,05/30/2022, 05:23:35,821
BKRM80522,Backrooms,696,05/30/2022, 06:21:21,821
BKRM80522,Backrooms,696,05/30/2022, 07:16:16,821
BKRM80522,Backrooms,696,05/30/2022, 08:19:41,821
BKRM80522,Backrooms,696,05/30/2022, 09:16:28,821
BKRM80522,Backrooms,697,05/30/2022, 10:15:16,821
BKRM80522,Backrooms,698,05/30/2022, 11:12:59,821
BKRM80522,Backrooms,698,05/30/2022, 12:25:46,821
BKRM80522,Backrooms,699,05/30/2022, 13:38:47,821
BKRM80522,Backrooms,699,05/30/2022, 14:14:46,821
BKRM80522,Backrooms,700,05/30/2022, 15:16:39,821
BKRM80522,Backrooms,702,05/30/2022, 16:19:40,821
BKRM80522,Backrooms,702,05/30/2022, 17:20:35,821
BKRM80522,Backrooms,704,05/30/2022, 18:17:19,821
BKRM80522,Backrooms,705,05/30/2022, 19:11:59,821
BKRM80522,Backrooms,705,05/30/2022, 20:15:29,821
BKRM80522,Backrooms,706,05/30/2022, 21:13:20,821
BKRM80522,Backrooms,706,05/30/2022, 22:15:06,821
BKRM80522,Backrooms,708,05/30/2022, 23:14:49,821
BKRM80522,Backrooms,708,05/31/2022, 01:07:31,821
BKRM80522,Backrooms,708,05/31/2022, 03:20:35,821
BKRM80522,Backrooms,708,05/31/2022, 04:29:29,821
BKRM80522,Backrooms,710,05/31/2022, 05:20:01,821
BKRM80522,Backrooms,710,05/31/2022, 06:18:15,821
BKRM80522,Backrooms,710,05/31/2022, 07:14:26,821
BKRM80522,Backrooms,711,05/31/2022, 08:21:02,821
BKRM80522,Backrooms,711,05/31/2022, 09:14:02,821
BKRM80522,Backrooms,712,05/31/2022, 10:16:45,821
BKRM80522,Backrooms,712,05/31/2022, 11:12:47,821
BKRM80522,Backrooms,713,05/31/2022, 12:27:29,821
BKRM80522,Backrooms,715,05/31/2022, 13:37:06,821
BKRM80522,Backrooms,715,05/31/2022, 14:14:14,821
BKRM80522,Backrooms,716,05/31/2022, 15:18:30,821
BKRM80522,Backrooms,716,05/31/2022, 16:22:26,821
BKRM80522,Backrooms,716,05/31/2022, 17:25:18,821
BKRM80522,Backrooms,717,05/31/2022, 18:17:38,821
BKRM80522,Backrooms,720,05/31/2022, 19:11:36,821
BKRM80522,Backrooms,721,05/31/2022, 20:16:52,821
BKRM80522,Backrooms,722,05/31/2022, 21:13:22,821
BKRM80522,Backrooms,722,05/31/2022, 22:14:32,821
BKRM80522,Backrooms,724,05/31/2022, 23:14:45,821
BKRM80522,Backrooms,725,06/01/2022, 01:17:00,821
BKRM80522,Backrooms,725,06/01/2022, 04:00:37,821
BKRM80522,Backrooms,726,06/01/2022, 05:18:37,821
BKRM80522,Backrooms,728,06/01/2022, 06:22:14,821
BKRM80522,Backrooms,728,06/01/2022, 07:16:07,821
BKRM80522,Backrooms,729,06/01/2022, 08:21:13,821
BKRM80522,Backrooms,729,06/01/2022, 09:16:22,821
BKRM80522,Backrooms,729,06/01/2022, 10:19:00,821
BKRM80522,Backrooms,729,06/01/2022, 11:12:59,821
BKRM80522,Backrooms,729,06/01/2022, 12:31:24,821
BKRM80522,Backrooms,729,06/01/2022, 13:44:31,821
BKRM80522,Backrooms,729,06/01/2022, 14:21:10,821
BKRM80522,Backrooms,729,06/01/2022, 15:16:34,821
BKRM80522,Backrooms,730,06/01/2022, 16:20:40,821
BKRM80522,Backrooms,730,06/01/2022, 17:23:46,821
BKRM80522,Backrooms,731,06/01/2022, 18:17:59,821
BKRM80522,Backrooms,733,06/01/2022, 19:14:26,821
BKRM80522,Backrooms,733,06/01/2022, 20:15:54,821
BKRM80522,Backrooms,736,06/01/2022, 21:14:05,821
BKRM80522,Backrooms,737,06/01/2022, 22:15:15,821
BKRM80522,Backrooms,737,06/01/2022, 23:14:54,821
BKRM80522,Backrooms,738,06/02/2022, 01:11:53,821
BKRM80522,Backrooms,742,06/02/2022, 03:43:56,821
BKRM80522,Backrooms,744,06/02/2022, 05:28:25,821
BKRM80522,Backrooms,745,06/02/2022, 06:18:32,821
BKRM80522,Backrooms,746,06/02/2022, 07:15:18,821
BKRM80522,Backrooms,746,06/02/2022, 09:14:36,821
BKRM80522,Backrooms,748,06/02/2022, 10:16:41,821
BKRM80522,Backrooms,751,06/02/2022, 11:13:20,821
BKRM80522,Backrooms,751,06/02/2022, 12:29:57,821
BKRM80522,Backrooms,754,06/02/2022, 13:41:42,821
BKRM80522,Backrooms,754,06/02/2022, 14:17:06,821
BKRM80522,Backrooms,757,06/02/2022, 15:15:34,821
BKRM80522,Backrooms,758,06/02/2022, 16:20:46,821
BKRM80522,Backrooms,758,06/02/2022, 17:25:22,821
BKRM80522,Backrooms,760,06/02/2022, 18:17:36,821
BKRM80522,Backrooms,760,06/02/2022, 19:11:48,821
BKRM80522,Backrooms,761,06/02/2022, 20:14:58,821
BKRM80522,Backrooms,763,06/02/2022, 21:12:36,821
BKRM80522,Backrooms,766,06/02/2022, 22:12:52,821
BKRM80522,Backrooms,766,06/02/2022, 23:14:07,821
BKRM80522,Backrooms,766,06/03/2022, 00:59:42,821
BKRM80522,Backrooms,767,06/03/2022, 02:54:06,821
BKRM80522,Backrooms,767,06/03/2022, 03:42:26,821
BKRM80522,Backrooms,767,06/03/2022, 04:17:13,821
BKRM80522,Backrooms,767,06/03/2022, 05:13:17,821
BKRM80522,Backrooms,768,06/03/2022, 06:16:41,821
BKRM80522,Backrooms,768,06/03/2022, 07:13:10,821
BKRM80522,Backrooms,770,06/03/2022, 08:16:19,821
BKRM80522,Backrooms,770,06/03/2022, 09:14:17,821
BKRM80522,Backrooms,771,06/03/2022, 10:16:11,821
BKRM80522,Backrooms,771,06/03/2022, 11:11:31,821
BKRM80522,Backrooms,771,06/03/2022, 12:24:33,821
BKRM80522,Backrooms,772,06/03/2022, 13:28:36,821
BKRM80522,Backrooms,772,06/03/2022, 14:12:08,821
BKRM80522,Backrooms,772,06/03/2022, 15:13:54,821
BKRM80522,Backrooms,775,06/03/2022, 16:18:34,821
BKRM80522,Backrooms,780,06/03/2022, 17:15:23,821
BKRM80522,Backrooms,785,06/03/2022, 18:16:32,821
BKRM80522,Backrooms,789,06/03/2022, 19:10:46,821
BKRM80522,Backrooms,793,06/03/2022, 20:14:21,821
BKRM80522,Backrooms,797,06/03/2022, 21:11:33,821
BKRM80522,Backrooms,799,06/03/2022, 22:13:02,821
BKRM80522,Backrooms,803,06/03/2022, 23:12:58,821
BKRM80522,Backrooms,811,06/04/2022, 01:01:30,821
BKRM80522,Backrooms,815,06/04/2022, 03:05:51,821
BKRM80522,Backrooms,817,06/04/2022, 04:15:45,821
BKRM80522,Backrooms,820,06/04/2022, 05:11:58,821
BKRM80522,Backrooms,822,06/04/2022, 06:15:26,821
BKRM80522,Backrooms,824,06/04/2022, 07:12:55,821
BKRM80522,Backrooms,828,06/04/2022, 08:15:41,821
BKRM80522,Backrooms,828,06/04/2022, 09:13:11,821
BKRM80522,Backrooms,829,06/04/2022, 10:13:33,821
BKRM80522,Backrooms,832,06/04/2022, 11:12:26,821
BKRM80522,Backrooms,833,06/04/2022, 12:20:39,821
BKRM80522,Backrooms,836,06/04/2022, 13:19:30,821
BKRM80522,Backrooms,837,06/04/2022, 14:11:25,821
BKRM80522,Backrooms,843,06/04/2022, 15:12:47,821
BKRM80522,Backrooms,849,06/04/2022, 16:16:22,821
BKRM80522,Backrooms,851,06/04/2022, 17:11:58,821
BKRM80522,Backrooms,860,06/04/2022, 18:14:45,821
BKRM80522,Backrooms,862,06/04/2022, 19:10:23,821
BKRM80522,Backrooms,868,06/04/2022, 20:13:15,821
BKRM80522,Backrooms,872,06/04/2022, 21:13:19,821
BKRM80522,Backrooms,873,06/04/2022, 22:12:23,821
BKRM80522,Backrooms,877,06/04/2022, 23:13:38,821
BKRM80522,Backrooms,878,06/05/2022, 01:11:08,821
BKRM80522,Backrooms,879,06/05/2022, 03:07:46,821
BKRM80522,Backrooms,882,06/05/2022, 04:15:27,821
BKRM80522,Backrooms,883,06/05/2022, 05:13:21,821
BKRM80522,Backrooms,887,06/05/2022, 06:15:38,821
BKRM80522,Backrooms,890,06/05/2022, 07:12:49,821
BKRM80522,Backrooms,891,06/05/2022, 08:16:09,821
BKRM80522,Backrooms,892,06/05/2022, 09:12:14,821
BKRM80522,Backrooms,893,06/05/2022, 10:13:23,821
BKRM80522,Backrooms,894,06/05/2022, 11:11:10,821
BKRM80522,Backrooms,896,06/05/2022, 12:21:36,821
BKRM80522,Backrooms,896,06/05/2022, 13:20:08,821
BKRM80522,Backrooms,897,06/05/2022, 14:12:20,821
BKRM80522,Backrooms,898,06/05/2022, 15:13:03,821
BKRM80522,Backrooms,900,06/05/2022, 16:17:02,821
BKRM80522,Backrooms,903,06/05/2022, 17:11:33,821
BKRM80522,Backrooms,905,06/05/2022, 18:15:42,821
BKRM80522,Backrooms,908,06/05/2022, 19:11:46,821
BKRM80522,Backrooms,911,06/05/2022, 20:13:19,821
BKRM80522,Backrooms,913,06/05/2022, 21:12:08,821
BKRM80522,Backrooms,917,06/05/2022, 22:12:10,821
BKRM80522,Backrooms,921,06/05/2022, 23:12:44,821
BKRM80522,Backrooms,924,06/06/2022, 01:06:59,821
BKRM80522,Backrooms,928,06/06/2022, 03:16:56,821
BKRM80522,Backrooms,929,06/06/2022, 04:27:53,821
BKRM80522,Backrooms,931,06/06/2022, 05:15:11,821
BKRM80522,Backrooms,933,06/06/2022, 06:17:32,821
BKRM80522,Backrooms,934,06/06/2022, 07:12:54,821
BKRM80522,Backrooms,936,06/06/2022, 08:16:23,821
BKRM80522,Backrooms,937,06/06/2022, 09:13:21,821
BKRM80522,Backrooms,937,06/06/2022, 10:16:21,821
BKRM80522,Backrooms,937,06/06/2022, 11:10:47,821
BKRM80522,Backrooms,938,06/06/2022, 12:26:34,821
BKRM80522,Backrooms,939,06/06/2022, 13:35:46,821
BKRM80522,Backrooms,939,06/06/2022, 14:11:43,821
BKRM80522,Backrooms,940,06/06/2022, 15:14:24,821
BKRM80522,Backrooms,940,06/06/2022, 16:18:38,821
BKRM80522,Backrooms,940,06/06/2022, 17:17:09,821
BKRM80522,Backrooms,941,06/06/2022, 18:20:14,821
BKRM80522,Backrooms,942,06/06/2022, 19:12:34,821
BKRM80522,Backrooms,943,06/06/2022, 20:13:59,821
BKRM80522,Backrooms,944,06/06/2022, 21:11:42,821
BKRM80522,Backrooms,944,06/06/2022, 22:13:51,821
BKRM80522,Backrooms,945,06/06/2022, 23:13:28,821
BKRM80522,Backrooms,945,06/07/2022, 01:00:57,821
BKRM80522,Backrooms,946,06/07/2022, 02:59:48,821
BKRM80522,Backrooms,947,06/07/2022, 03:57:16,821
BKRM80522,Backrooms,947,06/07/2022, 04:23:07,821
BKRM80522,Backrooms,947,06/07/2022, 05:12:01,821
BKRM80522,Backrooms,950,06/07/2022, 06:21:25,821
BKRM80522,Backrooms,951,06/07/2022, 07:14:03,821
BKRM80522,Backrooms,951,06/07/2022, 08:17:51,821
BKRM80522,Backrooms,951,06/07/2022, 09:13:27,821
BKRM80522,Backrooms,951,06/07/2022, 10:15:10,821
BKRM80522,Backrooms,952,06/07/2022, 11:12:17,821
BKRM80522,Backrooms,953,06/07/2022, 12:27:30,821
BKRM80522,Backrooms,953,06/07/2022, 13:32:01,821
BKRM80522,Backrooms,953,06/07/2022, 14:12:52,821
BKRM80522,Backrooms,954,06/07/2022, 15:13:58,821
BKRM80522,Backrooms,955,06/07/2022, 16:18:58,821
BKRM80522,Backrooms,956,06/07/2022, 17:19:04,821
BKRM80522,Backrooms,960,06/07/2022, 18:16:05,821
BKRM80522,Backrooms,964,06/07/2022, 19:11:54,821
BKRM80522,Backrooms,967,06/07/2022, 20:15:16,821
BKRM80522,Backrooms,968,06/07/2022, 21:11:59,821
BKRM80522,Backrooms,968,06/07/2022, 22:12:58,821
BKRM80522,Backrooms,968,06/07/2022, 23:13:07,821
BKRM80522,Backrooms,973,06/08/2022, 01:03:09,821
BKRM80522,Backrooms,978,06/08/2022, 03:20:00,821
BKRM80522,Backrooms,978,06/08/2022, 04:27:10,821
BKRM80522,Backrooms,978,06/08/2022, 05:13:25,821
BKRM80522,Backrooms,980,06/08/2022, 06:16:47,821
BKRM80522,Backrooms,981,06/08/2022, 07:13:36,821
BKRM80522,Backrooms,981,06/08/2022, 08:19:47,821
BKRM80522,Backrooms,982,06/08/2022, 09:13:29,821
BKRM80522,Backrooms,984,06/08/2022, 10:14:47,821
BKRM80522,Backrooms,986,06/08/2022, 11:11:16,821
BKRM80522,Backrooms,986,06/08/2022, 12:28:59,821
BKRM80522,Backrooms,988,06/08/2022, 13:35:45,821
BKRM80522,Backrooms,989,06/08/2022, 14:12:34,821
BKRM80522,Backrooms,990,06/08/2022, 15:13:27,821
BKRM80522,Backrooms,990,06/08/2022, 16:17:55,821
BKRM80522,Backrooms,991,06/08/2022, 17:17:30,821
BKRM80522,Backrooms,993,06/08/2022, 18:16:08,821
BKRM80522,Backrooms,995,06/08/2022, 19:11:12,821
BKRM80522,Backrooms,996,06/08/2022, 20:18:13,821
BKRM80522,Backrooms,997,06/08/2022, 21:12:08,821
BKRM80522,Backrooms,999,06/08/2022, 22:13:07,821
BKRM80522,Backrooms,999,06/08/2022, 23:13:49,821
BKRM80522,Backrooms,1000,06/09/2022, 01:06:16,821
BKRM80522,Backrooms,1004,06/09/2022, 03:20:46,821
BKRM80522,Backrooms,1007,06/09/2022, 04:25:26,821
BKRM80522,Backrooms,1009,06/09/2022, 05:13:21,821
BKRM80522,Backrooms,1010,06/09/2022, 06:17:19,821
BKRM80522,Backrooms,1010,06/09/2022, 07:13:34,821
BKRM80522,Backrooms,1011,06/09/2022, 08:19:35,821
BKRM80522,Backrooms,1013,06/09/2022, 09:18:23,821
BKRM80522,Backrooms,1014,06/09/2022, 10:16:05,821
BKRM80522,Backrooms,1016,06/09/2022, 11:11:38,821
BKRM80522,Backrooms,1016,06/09/2022, 12:28:31,821
BKRM80522,Backrooms,1016,06/09/2022, 13:34:25,821
BKRM80522,Backrooms,1019,06/09/2022, 14:12:19,821
BKRM80522,Backrooms,1019,06/09/2022, 15:14:11,821
BKRM80522,Backrooms,1020,06/09/2022, 16:18:08,821
BKRM80522,Backrooms,1023,06/09/2022, 17:18:08,821
BKRM80522,Backrooms,1025,06/09/2022, 18:16:33,821
BKRM80522,Backrooms,1027,06/09/2022, 19:11:36,821
BKRM80522,Backrooms,1029,06/09/2022, 20:15:09,821
BKRM80522,Backrooms,1029,06/09/2022, 21:10:45,821
BKRM80522,Backrooms,1031,06/09/2022, 22:14:22,821
BKRM80522,Backrooms,1032,06/09/2022, 23:13:29,821
BKRM80522,Backrooms,1034,06/10/2022, 01:08:17,821
BKRM80522,Backrooms,1035,06/10/2022, 03:18:08,821
BKRM80522,Backrooms,1037,06/10/2022, 04:21:43,821
BKRM80522,Backrooms,1038,06/10/2022, 05:12:17,821
BKRM80522,Backrooms,1038,06/10/2022, 06:16:36,821
BKRM80522,Backrooms,1040,06/10/2022, 07:14:09,821
BKRM80522,Backrooms,1040,06/10/2022, 08:16:56,821
BKRM80522,Backrooms,1040,06/10/2022, 09:13:19,821
BKRM80522,Backrooms,1041,06/10/2022, 10:14:54,821
BKRM80522,Backrooms,1041,06/10/2022, 11:12:16,821
BKRM80522,Backrooms,1043,06/10/2022, 12:27:47,821
BKRM80522,Backrooms,1043,06/10/2022, 13:32:12,821
BKRM80522,Backrooms,1043,06/10/2022, 14:12:25,821
BKRM80522,Backrooms,1045,06/10/2022, 15:16:06,821
BKRM80522,Backrooms,1048,06/10/2022, 16:20:38,821
BKRM80522,Backrooms,1049,06/10/2022, 17:16:56,821
BKRM80522,Backrooms,1050,06/10/2022, 18:17:18,821
BKRM80522,Backrooms,1050,06/10/2022, 19:11:13,821
BKRM80522,Backrooms,1050,06/10/2022, 20:13:54,821
BKRM80522,Backrooms,1050,06/10/2022, 21:11:59,821
BKRM80522,Backrooms,1050,06/10/2022, 22:12:48,821
BKRM80522,Backrooms,1051,06/10/2022, 23:13:55,821
BKRM80522,Backrooms,1052,06/11/2022, 01:01:01,821
BKRM80522,Backrooms,1052,06/11/2022, 02:59:35,821
BKRM80522,Backrooms,1053,06/11/2022, 03:45:58,821
BKRM80522,Backrooms,1053,06/11/2022, 04:17:56,821
BKRM80522,Backrooms,1054,06/11/2022, 05:11:56,821
BKRM80522,Backrooms,1055,06/11/2022, 06:15:51,821
BKRM80522,Backrooms,1055,06/11/2022, 07:12:34,821
BKRM80522,Backrooms,1056,06/11/2022, 08:15:56,821
BKRM80522,Backrooms,1057,06/11/2022, 09:12:17,821
BKRM80522,Backrooms,1058,06/11/2022, 10:13:41,821
BKRM80522,Backrooms,1059,06/11/2022, 11:11:22,821
BKRM80522,Backrooms,1060,06/11/2022, 12:21:47,821
BKRM80522,Backrooms,1062,06/11/2022, 13:20:38,821
BKRM80522,Backrooms,1062,06/11/2022, 14:11:59,821
BKRM80522,Backrooms,1062,06/11/2022, 15:12:56,821
BKRM80522,Backrooms,1067,06/11/2022, 16:16:21,821
BKRM80522,Backrooms,1068,06/11/2022, 17:11:39,821
BKRM80522,Backrooms,1070,06/11/2022, 18:14:53,821
BKRM80522,Backrooms,1072,06/11/2022, 19:10:27,821
BKRM80522,Backrooms,1074,06/11/2022, 20:13:43,821
BKRM80522,Backrooms,1075,06/11/2022, 21:11:09,821
BKRM80522,Backrooms,1076,06/11/2022, 22:12:15,821
BKRM80522,Backrooms,1080,06/11/2022, 23:12:44,821
BKRM80522,Backrooms,1082,06/12/2022, 01:08:29,821
BKRM80522,Backrooms,1083,06/12/2022, 03:20:21,821
BKRM80522,Backrooms,1084,06/12/2022, 04:20:34,821
BKRM80522,Backrooms,1086,06/12/2022, 05:11:47,821
BKRM80522,Backrooms,1086,06/12/2022, 06:17:02,821
BKRM80522,Backrooms,1086,06/12/2022, 07:12:27,821
BKRM80522,Backrooms,1089,06/12/2022, 08:15:33,821
BKRM80522,Backrooms,1089,06/12/2022, 09:13:29,821
