BTMR12345,Beat Master,1535,06/18/2020, 12:35:47,505
BTMR12345,Beat Master,1535,06/18/2020, 13:04:35,505
BTMR12345,Beat Master,1535,06/18/2020, 14:06:21,505
BTMR12345,Beat Master,1535,06/18/2020, 15:04:55,505
BTMR12345,Beat Master,1535,06/18/2020, 16:05:12,505
BTMR12345,Beat Master,1536,06/18/2020, 17:05:41,505
BTMR12345,Beat Master,1536,06/18/2020, 18:05:02,505
BTMR12345,Beat Master,1536,06/18/2020, 19:04:27,505
BTMR12345,Beat Master,1536,06/18/2020, 20:05:19,505
BTMR12345,Beat Master,1544,06/18/2020, 21:05:10,505
BTMR12345,Beat Master,1545,06/18/2020, 22:04:46,505
BTMR12345,Beat Master,1545,06/18/2020, 23:05:11,505
BTMR12345,Beat Master,1545,06/19/2020, 00:13:11,505
BTMR12345,Beat Master,1545,06/19/2020, 01:06:05,505
BTMR12345,Beat Master,1545,06/19/2020, 02:04:57,505
BTMR12345,Beat Master,1545,06/19/2020, 03:04:46,505
BTMR12345,Beat Master,1545,06/19/2020, 04:05:13,505
BTMR12345,Beat Master,1545,06/19/2020, 05:06:07,505
BTMR12345,Beat Master,1545,06/19/2020, 06:06:05,505
BTMR12345,Beat Master,1546,06/19/2020, 07:05:04,505
BTMR12345,Beat Master,1546,06/19/2020, 08:06:41,505
BTMR12345,Beat Master,1546,06/19/2020, 09:04:55,505
BTMR12345,Beat Master,1546,06/19/2020, 10:04:43,505
BTMR12345,Beat Master,1546,06/19/2020, 11:04:34,505
BTMR12345,Beat Master,1546,06/19/2020, 12:06:20,505
BTMR12345,Beat Master,1546,06/19/2020, 13:04:42,505
BTMR12345,Beat Master,1548,06/19/2020, 14:05:08,505
BTMR12345,Beat Master,1548,06/19/2020, 15:04:58,505
BTMR12345,Beat Master,1548,06/19/2020, 16:05:19,505
BTMR12345,Beat Master,1548,06/19/2020, 17:04:50,505
BTMR12345,Beat Master,1548,06/19/2020, 18:05:08,505
BTMR12345,Beat Master,1548,06/19/2020, 19:04:30,505
BTMR12345,Beat Master,1549,06/19/2020, 20:05:26,505
BTMR12345,Beat Master,1549,06/19/2020, 21:04:53,505
BTMR12345,Beat Master,1549,06/19/2020, 22:04:36,505
BTMR12345,Beat Master,1550,06/19/2020, 23:04:21,505
BTMR12345,Beat Master,1551,06/20/2020, 00:12:44,505
BTMR12345,Beat Master,1551,06/20/2020, 01:05:16,505
BTMR12345,Beat Master,1551,06/20/2020, 02:05:48,505
BTMR12345,Beat Master,1551,06/20/2020, 03:05:55,505
BTMR12345,Beat Master,1551,06/20/2020, 04:06:13,505
BTMR12345,Beat Master,1552,06/20/2020, 05:05:00,505
BTMR12345,Beat Master,1552,06/20/2020, 06:05:56,505
BTMR12345,Beat Master,1552,06/20/2020, 07:06:07,505
BTMR12345,Beat Master,1552,06/20/2020, 08:05:12,505
BTMR12345,Beat Master,1552,06/20/2020, 09:05:33,505
BTMR12345,Beat Master,1552,06/20/2020, 10:05:49,505
BTMR12345,Beat Master,1552,06/20/2020, 11:05:49,505
BTMR12345,Beat Master,1552,06/20/2020, 12:06:20,505
BTMR12345,Beat Master,1552,06/20/2020, 13:05:02,505
BTMR12345,Beat Master,1552,06/20/2020, 14:05:52,505
BTMR12345,Beat Master,1553,06/20/2020, 15:04:41,505
BTMR12345,Beat Master,1553,06/20/2020, 16:05:09,505
BTMR12345,Beat Master,1553,06/20/2020, 17:05:16,505
BTMR12345,Beat Master,1554,06/20/2020, 18:05:07,505
BTMR12345,Beat Master,1555,06/20/2020, 19:05:51,505
BTMR12345,Beat Master,1555,06/20/2020, 20:05:20,505
BTMR12345,Beat Master,1555,06/20/2020, 21:05:02,505
BTMR12345,Beat Master,1556,06/20/2020, 22:04:21,505
BTMR12345,Beat Master,1556,06/20/2020, 23:06:32,505
BTMR12345,Beat Master,1556,06/21/2020, 00:13:56,505
BTMR12345,Beat Master,1556,06/21/2020, 01:05:05,505
BTMR12345,Beat Master,1556,06/21/2020, 02:09:09,505
BTMR12345,Beat Master,1556,06/21/2020, 03:05:06,505
BTMR12345,Beat Master,1556,06/21/2020, 04:06:08,505
BTMR12345,Beat Master,1556,06/21/2020, 05:04:41,505
BTMR12345,Beat Master,1556,06/21/2020, 06:06:03,505
BTMR12345,Beat Master,1556,06/21/2020, 07:04:56,505
BTMR12345,Beat Master,1556,06/21/2020, 08:05:14,505
BTMR12345,Beat Master,1556,06/21/2020, 09:05:00,505
BTMR12345,Beat Master,1556,06/21/2020, 10:06:08,505
BTMR12345,Beat Master,1556,06/21/2020, 11:05:57,505
BTMR12345,Beat Master,1556,06/21/2020, 12:06:15,505
BTMR12345,Beat Master,1556,06/21/2020, 13:04:49,505
BTMR12345,Beat Master,1556,06/21/2020, 14:05:51,505
BTMR12345,Beat Master,1557,06/21/2020, 15:05:39,505
BTMR12345,Beat Master,1557,06/21/2020, 16:04:51,505
BTMR12345,Beat Master,1557,06/21/2020, 17:04:40,505
BTMR12345,Beat Master,1557,06/21/2020, 18:05:32,505
BTMR12345,Beat Master,1558,06/21/2020, 19:06:02,505
BTMR12345,Beat Master,1558,06/21/2020, 20:05:29,505
BTMR12345,Beat Master,1558,06/21/2020, 21:04:52,505
BTMR12345,Beat Master,1558,06/21/2020, 22:04:51,505
BTMR12345,Beat Master,1558,06/21/2020, 23:04:58,505
BTMR12345,Beat Master,1558,06/22/2020, 00:13:04,505
BTMR12345,Beat Master,1559,06/22/2020, 01:05:16,505
BTMR12345,Beat Master,1560,06/22/2020, 02:05:28,505
BTMR12345,Beat Master,1562,06/22/2020, 03:05:02,505
BTMR12345,Beat Master,1562,06/22/2020, 04:05:20,505
BTMR12345,Beat Master,1562,06/22/2020, 05:05:04,505
BTMR12345,Beat Master,1562,06/22/2020, 06:06:04,505
BTMR12345,Beat Master,1562,06/22/2020, 07:04:51,505
BTMR12345,Beat Master,1563,06/22/2020, 08:05:46,505
BTMR12345,Beat Master,1563,06/22/2020, 09:04:58,505
BTMR12345,Beat Master,1563,06/22/2020, 10:05:33,505
BTMR12345,Beat Master,1563,06/22/2020, 11:05:04,505
BTMR12345,Beat Master,1564,06/22/2020, 12:06:42,505
BTMR12345,Beat Master,1564,06/22/2020, 13:05:14,505
BTMR12345,Beat Master,1564,06/22/2020, 14:05:02,505
BTMR12345,Beat Master,1564,06/22/2020, 15:05:30,505
BTMR12345,Beat Master,1564,06/22/2020, 16:05:01,505
BTMR12345,Beat Master,1565,06/22/2020, 17:04:47,505
BTMR12345,Beat Master,1565,06/22/2020, 18:05:12,505
BTMR12345,Beat Master,1566,06/22/2020, 19:04:33,505
BTMR12345,Beat Master,1566,06/22/2020, 20:05:48,505
BTMR12345,Beat Master,1566,06/22/2020, 21:04:48,505
BTMR12345,Beat Master,1568,06/22/2020, 22:04:35,505
BTMR12345,Beat Master,1568,06/22/2020, 23:04:24,505
BTMR12345,Beat Master,1568,06/23/2020, 00:12:58,505
BTMR12345,Beat Master,1568,06/23/2020, 01:05:16,505
BTMR12345,Beat Master,1568,06/23/2020, 02:05:57,505
BTMR12345,Beat Master,1568,06/23/2020, 03:04:56,505
BTMR12345,Beat Master,1568,06/23/2020, 04:05:17,505
BTMR12345,Beat Master,1570,06/23/2020, 05:06:06,505
BTMR12345,Beat Master,1570,06/23/2020, 06:05:36,505
BTMR12345,Beat Master,1570,06/23/2020, 07:05:05,505
BTMR12345,Beat Master,1570,06/23/2020, 08:06:03,505
BTMR12345,Beat Master,1570,06/23/2020, 09:04:48,505
BTMR12345,Beat Master,1570,06/23/2020, 10:04:48,505
BTMR12345,Beat Master,1570,06/23/2020, 11:04:37,505
BTMR12345,Beat Master,1570,06/23/2020, 12:06:26,505
BTMR12345,Beat Master,1570,06/23/2020, 13:04:46,505
BTMR12345,Beat Master,1570,06/23/2020, 14:31:49,505
BTMR12345,Beat Master,1570,06/23/2020, 15:05:00,505
BTMR12345,Beat Master,1570,06/23/2020, 16:05:01,505
BTMR12345,Beat Master,1571,06/23/2020, 17:04:46,505
BTMR12345,Beat Master,1571,06/23/2020, 18:05:13,505
BTMR12345,Beat Master,1572,06/23/2020, 19:04:32,505
BTMR12345,Beat Master,1572,06/23/2020, 20:05:30,505
BTMR12345,Beat Master,1572,06/23/2020, 21:04:46,505
BTMR12345,Beat Master,1572,06/23/2020, 22:04:35,505
BTMR12345,Beat Master,1573,06/23/2020, 23:04:23,505
BTMR12345,Beat Master,1573,06/24/2020, 00:12:39,505
BTMR12345,Beat Master,1573,06/24/2020, 01:05:34,505
BTMR12345,Beat Master,1573,06/24/2020, 02:06:20,505
BTMR12345,Beat Master,1573,06/24/2020, 03:04:45,505
BTMR12345,Beat Master,1573,06/24/2020, 04:06:00,505
BTMR12345,Beat Master,1573,06/24/2020, 05:04:54,505
BTMR12345,Beat Master,1573,06/24/2020, 06:05:16,505
BTMR12345,Beat Master,1573,06/24/2020, 07:05:18,505
BTMR12345,Beat Master,1573,06/24/2020, 08:05:48,505
BTMR12345,Beat Master,1573,06/24/2020, 09:04:55,505
BTMR12345,Beat Master,1573,06/24/2020, 10:04:47,505
BTMR12345,Beat Master,1574,06/24/2020, 11:04:57,505
BTMR12345,Beat Master,1574,06/24/2020, 12:06:27,505
BTMR12345,Beat Master,1574,06/24/2020, 13:05:08,505
BTMR12345,Beat Master,1574,06/24/2020, 14:05:04,505
BTMR12345,Beat Master,1574,06/24/2020, 15:06:28,505
BTMR12345,Beat Master,1574,06/24/2020, 16:05:09,505
BTMR12345,Beat Master,1574,06/24/2020, 17:05:41,505
BTMR12345,Beat Master,1574,06/24/2020, 18:04:53,505
BTMR12345,Beat Master,1574,06/24/2020, 19:04:45,505
BTMR12345,Beat Master,1574,06/24/2020, 20:05:14,505
BTMR12345,Beat Master,1574,06/24/2020, 21:06:44,505
BTMR12345,Beat Master,1574,06/24/2020, 22:04:52,505
BTMR12345,Beat Master,1574,06/24/2020, 23:04:55,505
BTMR12345,Beat Master,1575,06/25/2020, 00:13:08,505
BTMR12345,Beat Master,1575,06/25/2020, 01:05:36,505
BTMR12345,Beat Master,1575,06/25/2020, 02:06:05,505
BTMR12345,Beat Master,1575,06/25/2020, 03:04:48,505
BTMR12345,Beat Master,1575,06/25/2020, 04:07:10,505
BTMR12345,Beat Master,1575,06/25/2020, 05:05:45,505
BTMR12345,Beat Master,1575,06/25/2020, 06:13:28,505
BTMR12345,Beat Master,1575,06/25/2020, 07:05:45,505
BTMR12345,Beat Master,1575,06/25/2020, 08:05:40,505
BTMR12345,Beat Master,1575,06/25/2020, 09:05:13,505
BTMR12345,Beat Master,1575,06/25/2020, 10:04:59,505
BTMR12345,Beat Master,1575,06/25/2020, 11:04:54,505
BTMR12345,Beat Master,1575,06/25/2020, 12:06:33,505
BTMR12345,Beat Master,1575,06/25/2020, 13:04:48,505
BTMR12345,Beat Master,1576,06/25/2020, 14:04:58,505
BTMR12345,Beat Master,1576,06/25/2020, 15:04:55,505
BTMR12345,Beat Master,1576,06/25/2020, 16:05:03,505
BTMR12345,Beat Master,1576,06/25/2020, 17:05:41,505
BTMR12345,Beat Master,1576,06/25/2020, 18:07:17,505
BTMR12345,Beat Master,1576,06/25/2020, 19:04:48,505
BTMR12345,Beat Master,1576,06/25/2020, 20:06:34,505
BTMR12345,Beat Master,1578,06/25/2020, 21:04:48,505
BTMR12345,Beat Master,1578,06/25/2020, 22:06:40,505
BTMR12345,Beat Master,1578,06/25/2020, 23:04:37,505
BTMR12345,Beat Master,1578,06/26/2020, 00:13:15,505
BTMR12345,Beat Master,1578,06/26/2020, 01:05:22,505
BTMR12345,Beat Master,1578,06/26/2020, 02:05:42,505
BTMR12345,Beat Master,1579,06/26/2020, 03:05:08,505
BTMR12345,Beat Master,1579,06/26/2020, 04:05:16,505
BTMR12345,Beat Master,1579,06/26/2020, 05:05:03,505
BTMR12345,Beat Master,1579,06/26/2020, 06:06:20,505
BTMR12345,Beat Master,1579,06/26/2020, 07:04:51,505
BTMR12345,Beat Master,1579,06/26/2020, 08:05:48,505
BTMR12345,Beat Master,1579,06/26/2020, 09:05:07,505
BTMR12345,Beat Master,1579,06/26/2020, 10:04:59,505
BTMR12345,Beat Master,1579,06/26/2020, 11:04:49,505
BTMR12345,Beat Master,1579,06/26/2020, 12:06:56,505
BTMR12345,Beat Master,1579,06/26/2020, 13:05:06,505
BTMR12345,Beat Master,1579,06/26/2020, 14:04:54,505
BTMR12345,Beat Master,1579,06/26/2020, 15:04:49,505
BTMR12345,Beat Master,1579,06/26/2020, 16:05:04,505
BTMR12345,Beat Master,1579,06/26/2020, 17:05:23,505
BTMR12345,Beat Master,1580,06/26/2020, 18:05:21,505
BTMR12345,Beat Master,1580,06/26/2020, 19:04:42,505
BTMR12345,Beat Master,1580,06/26/2020, 20:05:47,505
BTMR12345,Beat Master,1581,06/26/2020, 21:04:56,505
BTMR12345,Beat Master,1581,06/26/2020, 22:04:48,505
BTMR12345,Beat Master,1581,06/26/2020, 23:04:38,505
BTMR12345,Beat Master,1581,06/27/2020, 00:13:15,505
BTMR12345,Beat Master,1581,06/27/2020, 01:05:35,505
BTMR12345,Beat Master,1582,06/27/2020, 02:07:18,505
BTMR12345,Beat Master,1582,06/27/2020, 03:04:48,505
BTMR12345,Beat Master,1582,06/27/2020, 04:07:48,505
BTMR12345,Beat Master,1582,06/27/2020, 05:08:45,505
BTMR12345,Beat Master,1582,06/27/2020, 06:05:58,505
BTMR12345,Beat Master,1582,06/27/2020, 07:07:04,505
BTMR12345,Beat Master,1582,06/27/2020, 08:06:57,505
BTMR12345,Beat Master,1582,06/27/2020, 09:07:06,505
BTMR12345,Beat Master,1582,06/27/2020, 10:06:55,505
BTMR12345,Beat Master,1582,06/27/2020, 11:04:45,505
BTMR12345,Beat Master,1582,06/27/2020, 12:06:05,505
BTMR12345,Beat Master,1582,06/27/2020, 13:05:10,505
BTMR12345,Beat Master,1582,06/27/2020, 14:05:46,505
BTMR12345,Beat Master,1582,06/27/2020, 15:04:47,505
BTMR12345,Beat Master,1583,06/27/2020, 16:05:12,505
BTMR12345,Beat Master,1583,06/27/2020, 17:05:34,505
BTMR12345,Beat Master,1583,06/27/2020, 18:05:25,505
BTMR12345,Beat Master,1583,06/27/2020, 19:04:56,505
BTMR12345,Beat Master,1583,06/27/2020, 20:05:37,505
BTMR12345,Beat Master,1583,06/27/2020, 21:05:53,505
BTMR12345,Beat Master,1583,06/27/2020, 22:05:04,505
BTMR12345,Beat Master,1583,06/27/2020, 23:05:44,505
BTMR12345,Beat Master,1583,06/28/2020, 00:14:11,505
BTMR12345,Beat Master,1583,06/28/2020, 01:05:24,505
BTMR12345,Beat Master,1583,06/28/2020, 02:06:01,505
BTMR12345,Beat Master,1583,06/28/2020, 03:05:18,505
BTMR12345,Beat Master,1583,06/28/2020, 04:06:18,505
BTMR12345,Beat Master,1583,06/28/2020, 05:04:44,505
BTMR12345,Beat Master,1583,06/28/2020, 06:06:43,505
BTMR12345,Beat Master,1584,06/28/2020, 07:05:12,505
BTMR12345,Beat Master,1584,06/28/2020, 08:05:32,505
BTMR12345,Beat Master,1584,06/28/2020, 09:05:34,505
BTMR12345,Beat Master,1584,06/28/2020, 10:05:06,505
BTMR12345,Beat Master,1584,06/28/2020, 11:05:07,505
BTMR12345,Beat Master,1584,06/28/2020, 12:06:10,505
BTMR12345,Beat Master,1584,06/28/2020, 13:04:55,505
BTMR12345,Beat Master,1584,06/28/2020, 14:07:57,505
BTMR12345,Beat Master,1584,06/28/2020, 15:10:33,505
BTMR12345,Beat Master,1585,06/28/2020, 16:05:02,505
BTMR12345,Beat Master,1585,06/28/2020, 17:04:46,505
BTMR12345,Beat Master,1585,06/28/2020, 18:05:06,505
BTMR12345,Beat Master,1587,06/28/2020, 19:07:04,505
BTMR12345,Beat Master,1587,06/28/2020, 20:05:15,505
BTMR12345,Beat Master,1588,06/28/2020, 21:08:13,505
BTMR12345,Beat Master,1588,06/28/2020, 22:07:08,505
BTMR12345,Beat Master,1591,06/28/2020, 23:04:41,505
BTMR12345,Beat Master,1592,06/29/2020, 00:13:46,505
BTMR12345,Beat Master,1592,06/29/2020, 01:05:18,505
BTMR12345,Beat Master,1592,06/29/2020, 02:05:51,505
BTMR12345,Beat Master,1592,06/29/2020, 03:05:05,505
BTMR12345,Beat Master,1592,06/29/2020, 04:05:13,505
BTMR12345,Beat Master,1592,06/29/2020, 05:05:08,505
BTMR12345,Beat Master,1592,06/29/2020, 06:05:33,505
BTMR12345,Beat Master,1592,06/29/2020, 07:05:16,505
BTMR12345,Beat Master,1592,06/29/2020, 08:05:45,505
BTMR12345,Beat Master,1592,06/29/2020, 09:06:33,505
BTMR12345,Beat Master,1593,06/29/2020, 11:05:30,505
BTMR12345,Beat Master,1593,06/29/2020, 12:06:37,505
BTMR12345,Beat Master,1593,06/29/2020, 13:04:58,505
BTMR12345,Beat Master,1593,06/29/2020, 14:05:21,505
BTMR12345,Beat Master,1594,06/29/2020, 15:04:50,505
BTMR12345,Beat Master,1594,06/29/2020, 16:09:13,505
BTMR12345,Beat Master,1594,06/29/2020, 17:05:23,505
BTMR12345,Beat Master,1595,06/29/2020, 18:05:27,505
BTMR12345,Beat Master,1595,06/29/2020, 19:04:50,505
BTMR12345,Beat Master,1595,06/29/2020, 20:05:41,505
BTMR12345,Beat Master,1595,06/29/2020, 21:05:10,505
BTMR12345,Beat Master,1595,06/29/2020, 22:04:55,505
BTMR12345,Beat Master,1595,06/29/2020, 23:04:56,505
BTMR12345,Beat Master,1596,06/30/2020, 00:13:24,505
BTMR12345,Beat Master,1596,06/30/2020, 01:05:14,505
BTMR12345,Beat Master,1596,06/30/2020, 02:05:48,505
BTMR12345,Beat Master,1596,06/30/2020, 03:04:54,505
BTMR12345,Beat Master,1596,06/30/2020, 04:05:57,505
BTMR12345,Beat Master,1596,06/30/2020, 05:05:05,505
BTMR12345,Beat Master,1596,06/30/2020, 06:05:25,505
BTMR12345,Beat Master,1596,06/30/2020, 07:05:08,505
BTMR12345,Beat Master,1597,06/30/2020, 08:05:56,505
BTMR12345,Beat Master,1597,06/30/2020, 09:05:08,505
BTMR12345,Beat Master,1597,06/30/2020, 10:05:06,505
BTMR12345,Beat Master,1598,06/30/2020, 11:04:51,505
BTMR12345,Beat Master,1598,06/30/2020, 12:06:27,505
BTMR12345,Beat Master,1599,06/30/2020, 13:04:51,505
BTMR12345,Beat Master,1599,06/30/2020, 14:31:49,505
BTMR12345,Beat Master,1599,06/30/2020, 15:05:08,505
BTMR12345,Beat Master,1599,06/30/2020, 16:05:36,505
BTMR12345,Beat Master,1599,06/30/2020, 17:04:50,505
BTMR12345,Beat Master,1599,06/30/2020, 18:05:28,505
BTMR12345,Beat Master,1599,06/30/2020, 19:04:44,505
BTMR12345,Beat Master,1599,06/30/2020, 20:06:49,505
BTMR12345,Beat Master,1599,06/30/2020, 21:05:21,505
BTMR12345,Beat Master,1599,06/30/2020, 22:05:55,505
BTMR12345,Beat Master,1599,06/30/2020, 23:05:36,505
BTMR12345,Beat Master,1599,07/01/2020, 00:16:39,505
BTMR12345,Beat Master,1599,07/01/2020, 01:06:32,505
BTMR12345,Beat Master,1599,07/01/2020, 02:06:28,505
BTMR12345,Beat Master,1600,07/01/2020, 03:06:11,505
BTMR12345,Beat Master,1600,07/01/2020, 04:06:17,505
BTMR12345,Beat Master,1600,07/01/2020, 05:05:51,505
BTMR12345,Beat Master,1600,07/01/2020, 06:06:43,505
BTMR12345,Beat Master,1600,07/01/2020, 07:07:33,505
BTMR12345,Beat Master,1600,07/01/2020, 08:06:39,505
BTMR12345,Beat Master,1600,07/01/2020, 09:06:12,505
BTMR12345,Beat Master,1600,07/01/2020, 10:06:10,505
BTMR12345,Beat Master,1600,07/01/2020, 11:05:30,505
BTMR12345,Beat Master,1600,07/01/2020, 12:07:52,505
BTMR12345,Beat Master,1600,07/01/2020, 13:04:53,505
BTMR12345,Beat Master,1600,07/01/2020, 14:05:37,505
BTMR12345,Beat Master,1600,07/01/2020, 15:05:58,505
BTMR12345,Beat Master,1600,07/01/2020, 16:06:26,505
BTMR12345,Beat Master,1600,07/01/2020, 17:06:02,505
BTMR12345,Beat Master,1600,07/01/2020, 18:06:16,505
BTMR12345,Beat Master,1600,07/01/2020, 19:05:42,505
BTMR12345,Beat Master,1600,07/01/2020, 20:07:12,505
BTMR12345,Beat Master,1600,07/01/2020, 21:05:41,505
BTMR12345,Beat Master,1600,07/01/2020, 22:05:47,505
BTMR12345,Beat Master,1600,07/01/2020, 23:05:40,505
BTMR12345,Beat Master,1600,07/02/2020, 00:16:07,505
BTMR12345,Beat Master,1600,07/02/2020, 01:07:00,505
BTMR12345,Beat Master,1600,07/02/2020, 02:06:30,505
BTMR12345,Beat Master,1600,07/02/2020, 03:06:19,505
BTMR12345,Beat Master,1600,07/02/2020, 04:07:11,505
BTMR12345,Beat Master,1600,07/02/2020, 05:05:56,505
BTMR12345,Beat Master,1600,07/02/2020, 06:06:46,505
BTMR12345,Beat Master,1600,07/02/2020, 07:05:44,505
BTMR12345,Beat Master,1600,07/02/2020, 08:06:39,505
BTMR12345,Beat Master,1601,07/02/2020, 09:05:48,505
BTMR12345,Beat Master,1601,07/02/2020, 10:06:08,505
BTMR12345,Beat Master,1601,07/02/2020, 11:05:35,505
BTMR12345,Beat Master,1601,07/02/2020, 12:08:14,505
BTMR12345,Beat Master,1602,07/02/2020, 13:06:14,505
BTMR12345,Beat Master,1602,07/02/2020, 14:06:33,505
BTMR12345,Beat Master,1602,07/02/2020, 15:05:56,505
BTMR12345,Beat Master,1602,07/02/2020, 16:06:27,505
BTMR12345,Beat Master,1602,07/02/2020, 17:06:10,505
BTMR12345,Beat Master,1602,07/02/2020, 18:06:25,505
BTMR12345,Beat Master,1602,07/02/2020, 19:05:40,505
BTMR12345,Beat Master,1602,07/02/2020, 20:07:08,505
BTMR12345,Beat Master,1603,07/02/2020, 21:05:36,505
BTMR12345,Beat Master,1604,07/02/2020, 22:05:43,505
BTMR12345,Beat Master,1604,07/02/2020, 23:06:05,505
BTMR12345,Beat Master,1604,07/03/2020, 00:16:47,505
BTMR12345,Beat Master,1604,07/03/2020, 01:06:39,505
BTMR12345,Beat Master,1604,07/03/2020, 02:06:38,505
BTMR12345,Beat Master,1604,07/03/2020, 03:06:12,505
BTMR12345,Beat Master,1605,07/03/2020, 04:06:36,505
BTMR12345,Beat Master,1605,07/03/2020, 05:05:27,505
BTMR12345,Beat Master,1605,07/03/2020, 06:06:22,505
BTMR12345,Beat Master,1605,07/03/2020, 07:05:50,505
BTMR12345,Beat Master,1605,07/03/2020, 08:06:44,505
BTMR12345,Beat Master,1605,07/03/2020, 09:06:07,505
BTMR12345,Beat Master,1605,07/03/2020, 10:06:10,505
BTMR12345,Beat Master,1605,07/03/2020, 11:05:22,505
BTMR12345,Beat Master,1605,07/03/2020, 12:08:38,505
BTMR12345,Beat Master,1606,07/03/2020, 13:05:52,505
BTMR12345,Beat Master,1606,07/03/2020, 14:06:37,505
BTMR12345,Beat Master,1606,07/03/2020, 15:05:40,505
BTMR12345,Beat Master,1606,07/03/2020, 16:06:35,505
BTMR12345,Beat Master,1606,07/03/2020, 17:05:42,505
BTMR12345,Beat Master,1606,07/03/2020, 18:06:27,505
BTMR12345,Beat Master,1606,07/03/2020, 19:05:21,505
BTMR12345,Beat Master,1606,07/03/2020, 20:06:54,505
BTMR12345,Beat Master,1606,07/03/2020, 21:05:43,505
BTMR12345,Beat Master,1606,07/03/2020, 22:06:04,505
BTMR12345,Beat Master,1606,07/03/2020, 23:05:33,505
BTMR12345,Beat Master,1606,07/04/2020, 00:16:09,505
BTMR12345,Beat Master,1607,07/04/2020, 01:06:31,505
BTMR12345,Beat Master,1607,07/04/2020, 02:06:28,505
BTMR12345,Beat Master,1607,07/04/2020, 03:05:52,505
BTMR12345,Beat Master,1607,07/04/2020, 04:06:48,505
BTMR12345,Beat Master,1607,07/04/2020, 05:05:43,505
BTMR12345,Beat Master,1607,07/04/2020, 06:06:37,505
BTMR12345,Beat Master,1607,07/04/2020, 07:06:03,505
BTMR12345,Beat Master,1607,07/04/2020, 08:07:09,505
BTMR12345,Beat Master,1607,07/04/2020, 09:05:33,505
BTMR12345,Beat Master,1607,07/04/2020, 10:06:10,505
BTMR12345,Beat Master,1607,07/04/2020, 11:05:43,505
BTMR12345,Beat Master,1607,07/04/2020, 12:07:42,505
BTMR12345,Beat Master,1607,07/04/2020, 13:06:05,505
BTMR12345,Beat Master,1607,07/04/2020, 14:08:00,505
BTMR12345,Beat Master,1607,07/04/2020, 15:05:42,505
BTMR12345,Beat Master,1607,07/04/2020, 16:06:17,505
BTMR12345,Beat Master,1607,07/04/2020, 17:06:33,505
BTMR12345,Beat Master,1607,07/04/2020, 18:06:27,505
BTMR12345,Beat Master,1607,07/04/2020, 19:05:22,505
BTMR12345,Beat Master,1607,07/04/2020, 20:06:44,505
BTMR12345,Beat Master,1607,07/04/2020, 21:05:42,505
BTMR12345,Beat Master,1607,07/04/2020, 22:06:16,505
BTMR12345,Beat Master,1607,07/04/2020, 23:06:10,505
BTMR12345,Beat Master,1607,07/05/2020, 00:17:08,505
BTMR12345,Beat Master,1607,07/05/2020, 01:06:44,505
BTMR12345,Beat Master,1607,07/05/2020, 02:06:28,505
BTMR12345,Beat Master,1607,07/05/2020, 03:05:53,505
BTMR12345,Beat Master,1608,07/05/2020, 04:06:30,505
BTMR12345,Beat Master,1609,07/05/2020, 05:05:38,505
BTMR12345,Beat Master,1609,07/05/2020, 06:06:35,505
BTMR12345,Beat Master,1609,07/05/2020, 07:06:06,505
BTMR12345,Beat Master,1609,07/05/2020, 08:06:26,505
BTMR12345,Beat Master,1609,07/05/2020, 09:05:49,505
BTMR12345,Beat Master,1609,07/05/2020, 10:06:51,505
BTMR12345,Beat Master,1609,07/05/2020, 11:05:40,505
BTMR12345,Beat Master,1609,07/05/2020, 12:07:48,505
BTMR12345,Beat Master,1609,07/05/2020, 13:07:05,505
BTMR12345,Beat Master,1609,07/05/2020, 14:06:21,505
BTMR12345,Beat Master,1609,07/05/2020, 15:05:46,505
BTMR12345,Beat Master,1609,07/05/2020, 16:06:30,505
BTMR12345,Beat Master,1610,07/05/2020, 17:05:44,505
BTMR12345,Beat Master,1610,07/05/2020, 18:06:32,505
BTMR12345,Beat Master,1610,07/05/2020, 19:05:29,505
BTMR12345,Beat Master,1610,07/05/2020, 20:06:50,505
BTMR12345,Beat Master,1610,07/05/2020, 21:05:43,505
BTMR12345,Beat Master,1611,07/05/2020, 22:06:14,505
BTMR12345,Beat Master,1611,07/05/2020, 23:06:02,505
BTMR12345,Beat Master,1611,07/06/2020, 00:16:38,505
BTMR12345,Beat Master,1611,07/06/2020, 01:06:36,505
BTMR12345,Beat Master,1611,07/06/2020, 02:06:39,505
BTMR12345,Beat Master,1611,07/06/2020, 03:05:57,505
BTMR12345,Beat Master,1611,07/06/2020, 04:06:24,505
BTMR12345,Beat Master,1611,07/06/2020, 05:05:41,505
BTMR12345,Beat Master,1611,07/06/2020, 06:06:40,505
BTMR12345,Beat Master,1611,07/06/2020, 07:06:02,505
BTMR12345,Beat Master,1611,07/06/2020, 08:06:56,505
BTMR12345,Beat Master,1611,07/06/2020, 09:06:25,505
BTMR12345,Beat Master,1611,07/06/2020, 10:06:05,505
BTMR12345,Beat Master,1611,07/06/2020, 11:05:35,505
BTMR12345,Beat Master,1611,07/06/2020, 12:08:23,505
BTMR12345,Beat Master,1611,07/06/2020, 13:05:56,505
BTMR12345,Beat Master,1611,07/06/2020, 14:06:30,505
BTMR12345,Beat Master,1611,07/06/2020, 15:05:58,505
BTMR12345,Beat Master,1611,07/06/2020, 16:06:31,505
BTMR12345,Beat Master,1611,07/06/2020, 17:06:00,505
BTMR12345,Beat Master,1612,07/06/2020, 18:06:33,505
BTMR12345,Beat Master,1612,07/06/2020, 19:05:38,505
BTMR12345,Beat Master,1613,07/06/2020, 20:07:03,505
BTMR12345,Beat Master,1613,07/06/2020, 21:05:56,505
BTMR12345,Beat Master,1613,07/06/2020, 22:05:50,505
BTMR12345,Beat Master,1613,07/06/2020, 23:05:47,505
BTMR12345,Beat Master,1613,07/07/2020, 00:16:23,505
BTMR12345,Beat Master,1613,07/07/2020, 01:06:24,505
BTMR12345,Beat Master,1613,07/07/2020, 02:06:20,505
BTMR12345,Beat Master,1613,07/07/2020, 03:05:49,505
BTMR12345,Beat Master,1613,07/07/2020, 04:06:22,505
BTMR12345,Beat Master,1613,07/07/2020, 05:05:42,505
BTMR12345,Beat Master,1613,07/07/2020, 06:06:34,505
BTMR12345,Beat Master,1614,07/07/2020, 07:06:15,505
BTMR12345,Beat Master,1614,07/07/2020, 08:06:30,505
BTMR12345,Beat Master,1614,07/07/2020, 09:06:00,505
BTMR12345,Beat Master,1614,07/07/2020, 10:06:05,505
BTMR12345,Beat Master,1614,07/07/2020, 11:05:31,505
BTMR12345,Beat Master,1614,07/07/2020, 12:07:39,505
BTMR12345,Beat Master,1614,07/07/2020, 13:06:00,505
BTMR12345,Beat Master,1614,07/07/2020, 14:06:51,505
BTMR12345,Beat Master,1614,07/07/2020, 15:05:46,505
BTMR12345,Beat Master,1614,07/07/2020, 16:06:17,505
BTMR12345,Beat Master,1614,07/07/2020, 17:05:53,505
BTMR12345,Beat Master,1615,07/07/2020, 18:06:16,505
BTMR12345,Beat Master,1615,07/07/2020, 19:05:20,505
BTMR12345,Beat Master,1615,07/07/2020, 20:06:51,505
BTMR12345,Beat Master,1616,07/07/2020, 21:05:53,505
BTMR12345,Beat Master,1616,07/07/2020, 22:05:45,505
BTMR12345,Beat Master,1616,07/07/2020, 23:05:55,505
BTMR12345,Beat Master,1616,07/08/2020, 00:16:20,505
BTMR12345,Beat Master,1616,07/08/2020, 01:06:24,505
BTMR12345,Beat Master,1616,07/08/2020, 02:06:25,505
BTMR12345,Beat Master,1616,07/08/2020, 03:05:47,505
BTMR12345,Beat Master,1616,07/08/2020, 04:06:13,505
BTMR12345,Beat Master,1616,07/08/2020, 05:06:03,505
BTMR12345,Beat Master,1616,07/08/2020, 06:06:36,505
BTMR12345,Beat Master,1616,07/08/2020, 07:06:11,505
BTMR12345,Beat Master,1616,07/08/2020, 08:07:03,505
BTMR12345,Beat Master,1616,07/08/2020, 09:06:05,505
BTMR12345,Beat Master,1616,07/08/2020, 10:06:01,505
BTMR12345,Beat Master,1616,07/08/2020, 11:05:30,505
BTMR12345,Beat Master,1616,07/08/2020, 12:07:53,505
BTMR12345,Beat Master,1616,07/08/2020, 13:05:57,505
BTMR12345,Beat Master,1616,07/08/2020, 14:06:30,505
BTMR12345,Beat Master,1616,07/08/2020, 15:05:55,505
BTMR12345,Beat Master,1616,07/08/2020, 16:06:19,505
BTMR12345,Beat Master,1617,07/08/2020, 17:06:02,505
BTMR12345,Beat Master,1617,07/08/2020, 18:06:27,505
BTMR12345,Beat Master,1617,07/08/2020, 19:05:48,505
BTMR12345,Beat Master,1617,07/08/2020, 20:07:16,505
BTMR12345,Beat Master,1617,07/08/2020, 21:05:45,505
BTMR12345,Beat Master,1617,07/08/2020, 22:05:44,505
BTMR12345,Beat Master,1618,07/08/2020, 23:06:04,505
BTMR12345,Beat Master,1618,07/09/2020, 00:16:42,505
BTMR12345,Beat Master,1619,07/09/2020, 01:06:17,505
BTMR12345,Beat Master,1619,07/09/2020, 02:06:41,505
BTMR12345,Beat Master,1619,07/09/2020, 03:06:10,505
BTMR12345,Beat Master,1619,07/09/2020, 04:06:45,505
BTMR12345,Beat Master,1619,07/09/2020, 05:05:57,505
BTMR12345,Beat Master,1619,07/09/2020, 06:06:28,505
BTMR12345,Beat Master,1619,07/09/2020, 07:05:57,505
BTMR12345,Beat Master,1619,07/09/2020, 08:06:18,505
BTMR12345,Beat Master,1619,07/09/2020, 09:05:43,505
BTMR12345,Beat Master,1619,07/09/2020, 10:06:05,505
BTMR12345,Beat Master,1620,07/09/2020, 11:05:36,505
BTMR12345,Beat Master,1620,07/09/2020, 12:08:03,505
BTMR12345,Beat Master,1620,07/09/2020, 13:06:02,505
BTMR12345,Beat Master,1620,07/09/2020, 14:06:52,505
BTMR12345,Beat Master,1620,07/09/2020, 15:06:10,505
BTMR12345,Beat Master,1620,07/09/2020, 16:06:21,505
BTMR12345,Beat Master,1620,07/09/2020, 17:06:12,505
BTMR12345,Beat Master,1620,07/09/2020, 18:06:43,505
BTMR12345,Beat Master,1620,07/09/2020, 19:05:44,505
BTMR12345,Beat Master,1620,07/09/2020, 20:06:59,505
BTMR12345,Beat Master,1620,07/09/2020, 21:06:05,505
BTMR12345,Beat Master,1620,07/09/2020, 22:06:06,505
BTMR12345,Beat Master,1620,07/09/2020, 23:05:51,505
BTMR12345,Beat Master,1620,07/10/2020, 00:16:56,505
BTMR12345,Beat Master,1620,07/10/2020, 01:06:56,505
BTMR12345,Beat Master,1620,07/10/2020, 02:06:51,505
BTMR12345,Beat Master,1620,07/10/2020, 03:06:16,505
BTMR12345,Beat Master,1621,07/10/2020, 04:06:43,505
BTMR12345,Beat Master,1621,07/10/2020, 05:05:43,505
BTMR12345,Beat Master,1621,07/10/2020, 06:06:35,505
BTMR12345,Beat Master,1621,07/10/2020, 07:06:22,505
BTMR12345,Beat Master,1622,07/10/2020, 08:07:09,505
BTMR12345,Beat Master,1622,07/10/2020, 09:06:34,505
BTMR12345,Beat Master,1622,07/10/2020, 10:05:57,505
BTMR12345,Beat Master,1622,07/10/2020, 11:05:54,505
BTMR12345,Beat Master,1622,07/10/2020, 12:08:53,505
BTMR12345,Beat Master,1622,07/10/2020, 13:05:56,505
BTMR12345,Beat Master,1622,07/10/2020, 14:06:49,505
BTMR12345,Beat Master,1622,07/10/2020, 15:06:01,505
BTMR12345,Beat Master,1622,07/10/2020, 16:06:24,505
BTMR12345,Beat Master,1623,07/10/2020, 17:05:48,505
BTMR12345,Beat Master,1623,07/10/2020, 18:06:45,505
BTMR12345,Beat Master,1623,07/10/2020, 19:05:45,505
BTMR12345,Beat Master,1623,07/10/2020, 20:07:06,505
BTMR12345,Beat Master,1623,07/10/2020, 21:05:58,505
BTMR12345,Beat Master,1623,07/10/2020, 22:05:54,505
BTMR12345,Beat Master,1623,07/10/2020, 23:06:09,505
BTMR12345,Beat Master,1623,07/11/2020, 00:16:59,505
BTMR12345,Beat Master,1623,07/11/2020, 01:06:40,505
BTMR12345,Beat Master,1623,07/11/2020, 02:06:46,505
BTMR12345,Beat Master,1623,07/11/2020, 03:06:08,505
BTMR12345,Beat Master,1623,07/11/2020, 04:06:31,505
BTMR12345,Beat Master,1623,07/11/2020, 05:05:35,505
BTMR12345,Beat Master,1623,07/11/2020, 06:06:58,505
BTMR12345,Beat Master,1623,07/11/2020, 07:06:31,505
BTMR12345,Beat Master,1623,07/11/2020, 08:06:47,505
BTMR12345,Beat Master,1624,07/11/2020, 09:06:06,505
BTMR12345,Beat Master,1624,07/11/2020, 10:06:17,505
BTMR12345,Beat Master,1624,07/11/2020, 11:05:57,505
BTMR12345,Beat Master,1625,07/11/2020, 12:07:58,505
BTMR12345,Beat Master,1625,07/11/2020, 13:06:21,505
BTMR12345,Beat Master,1625,07/11/2020, 14:06:58,505
BTMR12345,Beat Master,1625,07/11/2020, 15:05:43,505
BTMR12345,Beat Master,1625,07/11/2020, 16:06:35,505
BTMR12345,Beat Master,1625,07/11/2020, 17:05:52,505
BTMR12345,Beat Master,1625,07/11/2020, 18:06:29,505
BTMR12345,Beat Master,1626,07/11/2020, 19:06:06,505
BTMR12345,Beat Master,1626,07/11/2020, 20:07:25,505
BTMR12345,Beat Master,1626,07/11/2020, 21:06:09,505
BTMR12345,Beat Master,1626,07/11/2020, 22:06:06,505
BTMR12345,Beat Master,1626,07/11/2020, 23:06:03,505
BTMR12345,Beat Master,1627,07/12/2020, 00:17:48,505
BTMR12345,Beat Master,1627,07/12/2020, 01:06:34,505
BTMR12345,Beat Master,1628,07/12/2020, 02:06:35,505
BTMR12345,Beat Master,1628,07/12/2020, 03:06:36,505
BTMR12345,Beat Master,1628,07/12/2020, 04:06:49,505
BTMR12345,Beat Master,1628,07/12/2020, 05:05:52,505
BTMR12345,Beat Master,1629,07/12/2020, 06:06:57,505
BTMR12345,Beat Master,1629,07/12/2020, 07:06:07,505
BTMR12345,Beat Master,1629,07/12/2020, 08:06:29,505
BTMR12345,Beat Master,1629,07/12/2020, 09:05:59,505
BTMR12345,Beat Master,1629,07/12/2020, 10:06:20,505
BTMR12345,Beat Master,1629,07/12/2020, 11:05:42,505
BTMR12345,Beat Master,1629,07/12/2020, 12:08:14,505
BTMR12345,Beat Master,1629,07/12/2020, 13:06:01,505
BTMR12345,Beat Master,1629,07/12/2020, 14:06:41,505
BTMR12345,Beat Master,1630,07/12/2020, 15:06:03,505
BTMR12345,Beat Master,1630,07/12/2020, 16:06:18,505
BTMR12345,Beat Master,1630,07/12/2020, 17:06:03,505
BTMR12345,Beat Master,1630,07/12/2020, 18:06:52,505
BTMR12345,Beat Master,1630,07/12/2020, 19:05:41,505
BTMR12345,Beat Master,1630,07/12/2020, 20:07:04,505
BTMR12345,Beat Master,1630,07/12/2020, 21:06:00,505
BTMR12345,Beat Master,1631,07/12/2020, 22:06:01,505
BTMR12345,Beat Master,1631,07/12/2020, 23:06:13,505
BTMR12345,Beat Master,1631,07/13/2020, 00:17:20,505
BTMR12345,Beat Master,1631,07/13/2020, 01:06:52,505
BTMR12345,Beat Master,1631,07/13/2020, 02:06:53,505
BTMR12345,Beat Master,1633,07/13/2020, 03:06:51,505
BTMR12345,Beat Master,1633,07/13/2020, 04:06:55,505
BTMR12345,Beat Master,1633,07/13/2020, 05:08:11,505
BTMR12345,Beat Master,1633,07/13/2020, 07:07:36,505
BTMR12345,Beat Master,1633,07/13/2020, 09:06:24,505
BTMR12345,Beat Master,1633,07/13/2020, 10:06:21,505
BTMR12345,Beat Master,1633,07/13/2020, 11:05:53,505
BTMR12345,Beat Master,1633,07/13/2020, 12:08:01,505
BTMR12345,Beat Master,1633,07/13/2020, 13:06:08,505
BTMR12345,Beat Master,1634,07/13/2020, 14:07:06,505
BTMR12345,Beat Master,1634,07/13/2020, 15:06:07,505
BTMR12345,Beat Master,1634,07/13/2020, 16:06:22,505
BTMR12345,Beat Master,1634,07/13/2020, 17:05:48,505
BTMR12345,Beat Master,1634,07/13/2020, 18:06:49,505
BTMR12345,Beat Master,1634,07/13/2020, 19:05:44,505
BTMR12345,Beat Master,1634,07/13/2020, 20:07:14,505
BTMR12345,Beat Master,1634,07/13/2020, 21:06:08,505
BTMR12345,Beat Master,1634,07/13/2020, 22:06:06,505
BTMR12345,Beat Master,1634,07/13/2020, 23:05:58,505
BTMR12345,Beat Master,1635,07/14/2020, 00:17:08,505
BTMR12345,Beat Master,1635,07/14/2020, 01:06:36,505
BTMR12345,Beat Master,1635,07/14/2020, 02:07:10,505
BTMR12345,Beat Master,1635,07/14/2020, 03:06:29,505
BTMR12345,Beat Master,1635,07/14/2020, 04:06:26,505
BTMR12345,Beat Master,1635,07/14/2020, 05:06:05,505
BTMR12345,Beat Master,1636,07/14/2020, 06:06:55,505
BTMR12345,Beat Master,1636,07/14/2020, 07:06:18,505
BTMR12345,Beat Master,1636,07/14/2020, 08:06:49,505
BTMR12345,Beat Master,1636,07/14/2020, 09:06:25,505
BTMR12345,Beat Master,1636,07/14/2020, 10:06:12,505
BTMR12345,Beat Master,1636,07/14/2020, 11:05:55,505
BTMR12345,Beat Master,1636,07/14/2020, 12:08:53,505
BTMR12345,Beat Master,1636,07/14/2020, 13:07:00,505
BTMR12345,Beat Master,1636,07/14/2020, 14:35:45,505
BTMR12345,Beat Master,1636,07/14/2020, 15:06:15,505
BTMR12345,Beat Master,1636,07/14/2020, 16:06:26,505
BTMR12345,Beat Master,1636,07/14/2020, 17:05:59,505
BTMR12345,Beat Master,1636,07/14/2020, 18:06:45,505
BTMR12345,Beat Master,1636,07/14/2020, 19:06:06,505
BTMR12345,Beat Master,1636,07/14/2020, 20:06:57,505
BTMR12345,Beat Master,1636,07/14/2020, 21:05:19,505
BTMR12345,Beat Master,1636,07/14/2020, 22:06:00,505
BTMR12345,Beat Master,1636,07/14/2020, 23:06:16,505
BTMR12345,Beat Master,1636,07/15/2020, 00:17:28,505
BTMR12345,Beat Master,1636,07/15/2020, 01:06:56,505
BTMR12345,Beat Master,1636,07/15/2020, 02:06:53,505
BTMR12345,Beat Master,1636,07/15/2020, 03:06:31,505
BTMR12345,Beat Master,1636,07/15/2020, 04:06:27,505
BTMR12345,Beat Master,1636,07/15/2020, 05:05:48,505
BTMR12345,Beat Master,1636,07/15/2020, 06:07:18,505
BTMR12345,Beat Master,1636,07/15/2020, 07:06:51,505
BTMR12345,Beat Master,1636,07/15/2020, 08:06:48,505
BTMR12345,Beat Master,1636,07/15/2020, 09:06:36,505
BTMR12345,Beat Master,1636,07/15/2020, 10:06:10,505
BTMR12345,Beat Master,1636,07/15/2020, 11:06:01,505
BTMR12345,Beat Master,1636,07/15/2020, 12:08:00,505
BTMR12345,Beat Master,1636,07/15/2020, 13:05:58,505
BTMR12345,Beat Master,1636,07/15/2020, 14:06:45,505
BTMR12345,Beat Master,1636,07/15/2020, 15:06:20,505
BTMR12345,Beat Master,1636,07/15/2020, 16:06:26,505
BTMR12345,Beat Master,1637,07/15/2020, 17:05:54,505
BTMR12345,Beat Master,1637,07/15/2020, 18:06:26,505
BTMR12345,Beat Master,1637,07/15/2020, 19:05:07,505
BTMR12345,Beat Master,1637,07/15/2020, 20:06:08,505
BTMR12345,Beat Master,1637,07/15/2020, 21:05:54,505
BTMR12345,Beat Master,1637,07/15/2020, 22:06:06,505
BTMR12345,Beat Master,1637,07/15/2020, 23:06:06,505
BTMR12345,Beat Master,1638,07/16/2020, 00:17:04,505
BTMR12345,Beat Master,1638,07/16/2020, 01:06:37,505
BTMR12345,Beat Master,1638,07/16/2020, 02:07:03,505
BTMR12345,Beat Master,1638,07/16/2020, 03:06:32,505
BTMR12345,Beat Master,1638,07/16/2020, 04:06:47,505
BTMR12345,Beat Master,1638,07/16/2020, 05:05:58,505
BTMR12345,Beat Master,1638,07/16/2020, 06:06:27,505
BTMR12345,Beat Master,1638,07/16/2020, 07:06:21,505
BTMR12345,Beat Master,1638,07/16/2020, 08:06:20,505
BTMR12345,Beat Master,1638,07/16/2020, 09:06:39,505
BTMR12345,Beat Master,1638,07/16/2020, 10:06:16,505
BTMR12345,Beat Master,1638,07/16/2020, 11:05:47,505
BTMR12345,Beat Master,1638,07/16/2020, 12:08:24,505
BTMR12345,Beat Master,1638,07/16/2020, 13:06:13,505
BTMR12345,Beat Master,1638,07/16/2020, 14:06:45,505
BTMR12345,Beat Master,1639,07/16/2020, 15:06:23,505
BTMR12345,Beat Master,1639,07/16/2020, 16:06:43,505
BTMR12345,Beat Master,1639,07/16/2020, 17:06:29,505
BTMR12345,Beat Master,1639,07/16/2020, 18:06:41,505
BTMR12345,Beat Master,1640,07/16/2020, 19:05:54,505
BTMR12345,Beat Master,1640,07/16/2020, 20:06:51,505
BTMR12345,Beat Master,1640,07/16/2020, 21:06:14,505
BTMR12345,Beat Master,1640,07/16/2020, 22:05:59,505
BTMR12345,Beat Master,1640,07/16/2020, 23:07:00,505
BTMR12345,Beat Master,1640,07/17/2020, 00:17:10,505
BTMR12345,Beat Master,1640,07/17/2020, 01:07:04,505
BTMR12345,Beat Master,1640,07/17/2020, 02:07:15,505
BTMR12345,Beat Master,1640,07/17/2020, 03:06:36,505
BTMR12345,Beat Master,1640,07/17/2020, 04:07:07,505
BTMR12345,Beat Master,1640,07/17/2020, 05:05:59,505
BTMR12345,Beat Master,1640,07/17/2020, 06:06:56,505
BTMR12345,Beat Master,1640,07/17/2020, 07:06:23,505
BTMR12345,Beat Master,1640,07/17/2020, 08:06:51,505
BTMR12345,Beat Master,1640,07/17/2020, 09:06:22,505
BTMR12345,Beat Master,1640,07/17/2020, 10:06:17,505
BTMR12345,Beat Master,1640,07/17/2020, 11:05:50,505
BTMR12345,Beat Master,1640,07/17/2020, 12:08:47,505
BTMR12345,Beat Master,1640,07/17/2020, 13:06:07,505
BTMR12345,Beat Master,1640,07/17/2020, 14:06:33,505
BTMR12345,Beat Master,1640,07/17/2020, 15:05:59,505
BTMR12345,Beat Master,1640,07/17/2020, 16:07:05,505
BTMR12345,Beat Master,1640,07/17/2020, 17:05:49,505
BTMR12345,Beat Master,1640,07/17/2020, 18:06:29,505
BTMR12345,Beat Master,1640,07/17/2020, 19:06:05,505
BTMR12345,Beat Master,1641,07/17/2020, 20:07:08,505
BTMR12345,Beat Master,1641,07/17/2020, 21:05:32,505
BTMR12345,Beat Master,1641,07/17/2020, 22:06:06,505
BTMR12345,Beat Master,1641,07/17/2020, 23:06:04,505
BTMR12345,Beat Master,1641,07/18/2020, 00:17:27,505
BTMR12345,Beat Master,1641,07/18/2020, 01:06:51,505
BTMR12345,Beat Master,1641,07/18/2020, 02:07:04,505
BTMR12345,Beat Master,1641,07/18/2020, 03:06:33,505
BTMR12345,Beat Master,1641,07/18/2020, 04:06:33,505
BTMR12345,Beat Master,1641,07/18/2020, 05:05:58,505
BTMR12345,Beat Master,1641,07/18/2020, 06:06:44,505
BTMR12345,Beat Master,1641,07/18/2020, 07:06:28,505
BTMR12345,Beat Master,1641,07/18/2020, 09:06:13,505
BTMR12345,Beat Master,1644,07/18/2020, 10:06:10,505
BTMR12345,Beat Master,1644,07/18/2020, 11:06:06,505
BTMR12345,Beat Master,1644,07/18/2020, 12:08:03,505
BTMR12345,Beat Master,1644,07/18/2020, 13:05:55,505
BTMR12345,Beat Master,1645,07/18/2020, 14:06:26,505
BTMR12345,Beat Master,1645,07/18/2020, 15:05:56,505
BTMR12345,Beat Master,1645,07/18/2020, 16:06:18,505
BTMR12345,Beat Master,1645,07/18/2020, 17:05:38,505
BTMR12345,Beat Master,1645,07/18/2020, 18:06:52,505
BTMR12345,Beat Master,1645,07/18/2020, 19:05:35,505
BTMR12345,Beat Master,1645,07/18/2020, 20:07:09,505
BTMR12345,Beat Master,1646,07/18/2020, 21:06:25,505
BTMR12345,Beat Master,1646,07/18/2020, 22:05:52,505
BTMR12345,Beat Master,1646,07/18/2020, 23:05:42,505
BTMR12345,Beat Master,1646,07/19/2020, 00:18:09,505
BTMR12345,Beat Master,1646,07/19/2020, 01:06:52,505
BTMR12345,Beat Master,1646,07/19/2020, 02:07:01,505
BTMR12345,Beat Master,1650,07/19/2020, 03:06:18,505
BTMR12345,Beat Master,1650,07/19/2020, 04:06:49,505
BTMR12345,Beat Master,1651,07/19/2020, 05:06:16,505
BTMR12345,Beat Master,1651,07/19/2020, 06:07:15,505
BTMR12345,Beat Master,1651,07/19/2020, 07:06:40,505
BTMR12345,Beat Master,1651,07/19/2020, 08:06:25,505
BTMR12345,Beat Master,1651,07/19/2020, 09:06:30,505
BTMR12345,Beat Master,1651,07/19/2020, 10:06:17,505
BTMR12345,Beat Master,1651,07/19/2020, 11:05:48,505
BTMR12345,Beat Master,1651,07/19/2020, 12:08:21,505
BTMR12345,Beat Master,1651,07/19/2020, 13:06:07,505
BTMR12345,Beat Master,1651,07/19/2020, 14:07:05,505
BTMR12345,Beat Master,1651,07/19/2020, 15:05:56,505
BTMR12345,Beat Master,1651,07/19/2020, 16:06:37,505
BTMR12345,Beat Master,1651,07/19/2020, 17:05:47,505
BTMR12345,Beat Master,1652,07/19/2020, 18:06:22,505
BTMR12345,Beat Master,1654,07/19/2020, 19:05:44,505
BTMR12345,Beat Master,1654,07/19/2020, 20:07:17,505
BTMR12345,Beat Master,1654,07/19/2020, 21:06:37,505
BTMR12345,Beat Master,1654,07/19/2020, 22:06:02,505
BTMR12345,Beat Master,1654,07/19/2020, 23:06:01,505
BTMR12345,Beat Master,1654,07/20/2020, 00:17:39,505
BTMR12345,Beat Master,1654,07/20/2020, 01:07:01,505
BTMR12345,Beat Master,1655,07/20/2020, 02:07:10,505
BTMR12345,Beat Master,1655,07/20/2020, 03:06:44,505
BTMR12345,Beat Master,1655,07/20/2020, 04:07:21,505
BTMR12345,Beat Master,1655,07/20/2020, 05:06:17,505
BTMR12345,Beat Master,1655,07/20/2020, 06:06:48,505
BTMR12345,Beat Master,1655,07/20/2020, 07:06:41,505
BTMR12345,Beat Master,1655,07/20/2020, 08:07:27,505
BTMR12345,Beat Master,1655,07/20/2020, 09:06:40,505
BTMR12345,Beat Master,1655,07/20/2020, 10:06:55,505
BTMR12345,Beat Master,1655,07/20/2020, 11:05:53,505
BTMR12345,Beat Master,1655,07/20/2020, 12:08:03,505
BTMR12345,Beat Master,1655,07/20/2020, 13:05:56,505
BTMR12345,Beat Master,1655,07/20/2020, 14:07:02,505
BTMR12345,Beat Master,1655,07/20/2020, 15:06:33,505
BTMR12345,Beat Master,1656,07/20/2020, 16:06:33,505
BTMR12345,Beat Master,1656,07/20/2020, 17:05:56,505
BTMR12345,Beat Master,1657,07/20/2020, 18:06:36,505
BTMR12345,Beat Master,1657,07/20/2020, 19:06:08,505
BTMR12345,Beat Master,1657,07/20/2020, 20:07:27,505
BTMR12345,Beat Master,1657,07/20/2020, 21:06:26,505
BTMR12345,Beat Master,1657,07/20/2020, 22:05:59,505
BTMR12345,Beat Master,1657,07/20/2020, 23:05:52,505
BTMR12345,Beat Master,1657,07/21/2020, 00:17:41,505
BTMR12345,Beat Master,1657,07/21/2020, 01:07:19,505
BTMR12345,Beat Master,1657,07/21/2020, 02:07:34,505
BTMR12345,Beat Master,1657,07/21/2020, 03:06:35,505
BTMR12345,Beat Master,1657,07/21/2020, 04:06:59,505
BTMR12345,Beat Master,1657,07/21/2020, 05:06:29,505
BTMR12345,Beat Master,1657,07/21/2020, 06:07:06,505
BTMR12345,Beat Master,1657,07/21/2020, 07:06:45,505
BTMR12345,Beat Master,1657,07/21/2020, 08:06:58,505
BTMR12345,Beat Master,1657,07/21/2020, 09:06:31,505
BTMR12345,Beat Master,1657,07/21/2020, 10:06:29,505
BTMR12345,Beat Master,1657,07/21/2020, 11:06:30,505
BTMR12345,Beat Master,1657,07/21/2020, 12:08:24,505
BTMR12345,Beat Master,1657,07/21/2020, 13:05:51,505
BTMR12345,Beat Master,1657,07/21/2020, 14:06:56,505
BTMR12345,Beat Master,1657,07/21/2020, 15:06:31,505
BTMR12345,Beat Master,1657,07/21/2020, 16:06:31,505
BTMR12345,Beat Master,1657,07/21/2020, 17:06:18,505
BTMR12345,Beat Master,1657,07/21/2020, 18:06:48,505
BTMR12345,Beat Master,1658,07/21/2020, 19:06:10,505
BTMR12345,Beat Master,1658,07/21/2020, 20:07:01,505
BTMR12345,Beat Master,1658,07/21/2020, 21:06:18,505
BTMR12345,Beat Master,1658,07/21/2020, 22:06:25,505
BTMR12345,Beat Master,1658,07/21/2020, 23:05:48,505
BTMR12345,Beat Master,1658,07/22/2020, 00:17:33,505
BTMR12345,Beat Master,1658,07/22/2020, 01:07:02,505
BTMR12345,Beat Master,1658,07/22/2020, 02:07:22,505
BTMR12345,Beat Master,1658,07/22/2020, 03:06:30,505
BTMR12345,Beat Master,1658,07/22/2020, 04:07:00,505
BTMR12345,Beat Master,1658,07/22/2020, 05:06:20,505
BTMR12345,Beat Master,1658,07/22/2020, 06:06:59,505
BTMR12345,Beat Master,1658,07/22/2020, 07:06:49,505
BTMR12345,Beat Master,1659,07/22/2020, 08:07:29,505
BTMR12345,Beat Master,1659,07/22/2020, 09:06:24,505
BTMR12345,Beat Master,1659,07/22/2020, 10:06:34,505
BTMR12345,Beat Master,1659,07/22/2020, 11:05:54,505
BTMR12345,Beat Master,1659,07/22/2020, 12:08:06,505
BTMR12345,Beat Master,1659,07/22/2020, 13:05:59,505
BTMR12345,Beat Master,1659,07/22/2020, 14:07:14,505
BTMR12345,Beat Master,1659,07/22/2020, 15:06:24,505
BTMR12345,Beat Master,1659,07/22/2020, 16:06:47,505
BTMR12345,Beat Master,1659,07/22/2020, 17:06:10,505
BTMR12345,Beat Master,1659,07/22/2020, 18:07:04,505
BTMR12345,Beat Master,1659,07/22/2020, 19:06:08,505
BTMR12345,Beat Master,1659,07/22/2020, 20:07:25,505
BTMR12345,Beat Master,1659,07/22/2020, 21:06:34,505
BTMR12345,Beat Master,1659,07/22/2020, 22:06:28,505
BTMR12345,Beat Master,1659,07/22/2020, 23:06:06,505
BTMR12345,Beat Master,1659,07/23/2020, 00:17:38,505
BTMR12345,Beat Master,1659,07/23/2020, 01:06:44,505
BTMR12345,Beat Master,1659,07/23/2020, 02:07:11,505
BTMR12345,Beat Master,1659,07/23/2020, 03:06:37,505
BTMR12345,Beat Master,1659,07/23/2020, 04:07:12,505
BTMR12345,Beat Master,1659,07/23/2020, 05:06:34,505
BTMR12345,Beat Master,1659,07/23/2020, 06:07:10,505
BTMR12345,Beat Master,1659,07/23/2020, 07:06:35,505
BTMR12345,Beat Master,1659,07/23/2020, 08:07:09,505
BTMR12345,Beat Master,1659,07/23/2020, 09:06:54,505
BTMR12345,Beat Master,1659,07/23/2020, 10:06:40,505
BTMR12345,Beat Master,1659,07/23/2020, 11:06:04,505
BTMR12345,Beat Master,1659,07/23/2020, 12:08:20,505
BTMR12345,Beat Master,1659,07/23/2020, 13:06:24,505
BTMR12345,Beat Master,1659,07/23/2020, 14:06:50,505
BTMR12345,Beat Master,1659,07/23/2020, 15:06:33,505
BTMR12345,Beat Master,1659,07/23/2020, 16:06:44,505
BTMR12345,Beat Master,1659,07/23/2020, 17:06:41,505
BTMR12345,Beat Master,1659,07/23/2020, 18:06:51,505
BTMR12345,Beat Master,1659,07/23/2020, 19:06:24,505
BTMR12345,Beat Master,1659,07/23/2020, 20:07:14,505
BTMR12345,Beat Master,1659,07/23/2020, 21:06:39,505
BTMR12345,Beat Master,1659,07/23/2020, 22:06:33,505
BTMR12345,Beat Master,1659,07/23/2020, 23:06:01,505
BTMR12345,Beat Master,1659,07/24/2020, 00:17:59,505
BTMR12345,Beat Master,1659,07/24/2020, 01:07:29,505
BTMR12345,Beat Master,1659,07/24/2020, 02:07:51,505
BTMR12345,Beat Master,1659,07/24/2020, 03:06:35,505
BTMR12345,Beat Master,1659,07/24/2020, 04:06:58,505
BTMR12345,Beat Master,1659,07/24/2020, 05:06:26,505
BTMR12345,Beat Master,1659,07/24/2020, 06:06:59,505
BTMR12345,Beat Master,1659,07/24/2020, 07:06:52,505
BTMR12345,Beat Master,1659,07/24/2020, 08:07:25,505
BTMR12345,Beat Master,1659,07/24/2020, 09:06:20,505
BTMR12345,Beat Master,1659,07/24/2020, 10:06:20,505
BTMR12345,Beat Master,1660,07/24/2020, 11:06:16,505
BTMR12345,Beat Master,1662,07/24/2020, 12:09:23,505
BTMR12345,Beat Master,1662,07/24/2020, 13:05:52,505
BTMR12345,Beat Master,1662,07/24/2020, 14:06:55,505
BTMR12345,Beat Master,1662,07/24/2020, 15:06:09,505
BTMR12345,Beat Master,1662,07/24/2020, 16:06:38,505
BTMR12345,Beat Master,1662,07/24/2020, 17:06:17,505
BTMR12345,Beat Master,1662,07/24/2020, 18:06:54,505
BTMR12345,Beat Master,1663,07/24/2020, 19:06:18,505
BTMR12345,Beat Master,1663,07/24/2020, 20:07:21,505
BTMR12345,Beat Master,1663,07/24/2020, 21:06:18,505
BTMR12345,Beat Master,1663,07/24/2020, 22:06:16,505
BTMR12345,Beat Master,1663,07/24/2020, 23:06:09,505
BTMR12345,Beat Master,1663,07/25/2020, 00:18:05,505
BTMR12345,Beat Master,1663,07/25/2020, 01:06:43,505
BTMR12345,Beat Master,1663,07/25/2020, 02:07:13,505
BTMR12345,Beat Master,1663,07/25/2020, 03:06:46,505
BTMR12345,Beat Master,1663,07/25/2020, 04:07:05,505
BTMR12345,Beat Master,1663,07/25/2020, 05:06:30,505
BTMR12345,Beat Master,1663,07/25/2020, 06:07:01,505
BTMR12345,Beat Master,1663,07/25/2020, 07:07:04,505
BTMR12345,Beat Master,1663,07/25/2020, 08:06:51,505
BTMR12345,Beat Master,1663,07/25/2020, 09:06:54,505
BTMR12345,Beat Master,1664,07/25/2020, 10:06:42,505
BTMR12345,Beat Master,1664,07/25/2020, 11:06:09,505
BTMR12345,Beat Master,1664,07/25/2020, 12:08:06,505
BTMR12345,Beat Master,1664,07/25/2020, 13:06:01,505
BTMR12345,Beat Master,1666,07/25/2020, 14:06:51,505
BTMR12345,Beat Master,1666,07/25/2020, 15:06:18,505
BTMR12345,Beat Master,1666,07/25/2020, 16:06:55,505
BTMR12345,Beat Master,1667,07/25/2020, 17:06:23,505
BTMR12345,Beat Master,1667,07/25/2020, 18:07:20,505
BTMR12345,Beat Master,1668,07/25/2020, 19:06:40,505
BTMR12345,Beat Master,1671,07/25/2020, 20:07:12,505
BTMR12345,Beat Master,1671,07/25/2020, 21:06:38,505
BTMR12345,Beat Master,1671,07/25/2020, 22:06:24,505
BTMR12345,Beat Master,1671,07/25/2020, 23:05:49,505
BTMR12345,Beat Master,1671,07/26/2020, 00:18:48,505
BTMR12345,Beat Master,1671,07/26/2020, 01:06:53,505
BTMR12345,Beat Master,1672,07/26/2020, 02:07:26,505
BTMR12345,Beat Master,1672,07/26/2020, 03:06:21,505
BTMR12345,Beat Master,1672,07/26/2020, 04:06:42,505
BTMR12345,Beat Master,1672,07/26/2020, 05:06:20,505
BTMR12345,Beat Master,1673,07/26/2020, 06:07:15,505
BTMR12345,Beat Master,1673,07/26/2020, 07:07:06,505
BTMR12345,Beat Master,1673,07/26/2020, 08:07:36,505
BTMR12345,Beat Master,1673,07/26/2020, 09:06:32,505
BTMR12345,Beat Master,1673,07/26/2020, 10:06:26,505
BTMR12345,Beat Master,1673,07/26/2020, 11:05:51,505
BTMR12345,Beat Master,1674,07/26/2020, 12:08:14,505
BTMR12345,Beat Master,1674,07/26/2020, 13:06:08,505
BTMR12345,Beat Master,1674,07/26/2020, 14:06:48,505
BTMR12345,Beat Master,1675,07/26/2020, 15:06:33,505
BTMR12345,Beat Master,1675,07/26/2020, 16:06:57,505
BTMR12345,Beat Master,1675,07/26/2020, 17:06:25,505
BTMR12345,Beat Master,1675,07/26/2020, 18:07:07,505
BTMR12345,Beat Master,1675,07/26/2020, 19:06:24,505
BTMR12345,Beat Master,1675,07/26/2020, 20:07:25,505
BTMR12345,Beat Master,1675,07/26/2020, 21:06:43,505
BTMR12345,Beat Master,1675,07/26/2020, 22:06:40,505
BTMR12345,Beat Master,1676,07/26/2020, 23:06:07,505
BTMR12345,Beat Master,1676,07/27/2020, 00:18:16,505
BTMR12345,Beat Master,1676,07/27/2020, 01:06:51,505
BTMR12345,Beat Master,1676,07/27/2020, 02:07:15,505
BTMR12345,Beat Master,1677,07/27/2020, 03:06:45,505
BTMR12345,Beat Master,1677,07/27/2020, 04:07:17,505
BTMR12345,Beat Master,1677,07/27/2020, 05:06:39,505
BTMR12345,Beat Master,1677,07/27/2020, 06:07:36,505
BTMR12345,Beat Master,1677,07/27/2020, 07:06:43,505
BTMR12345,Beat Master,1677,07/27/2020, 08:07:48,505
BTMR12345,Beat Master,1677,07/27/2020, 09:06:41,505
BTMR12345,Beat Master,1677,07/27/2020, 10:06:40,505
BTMR12345,Beat Master,1677,07/27/2020, 11:06:21,505
BTMR12345,Beat Master,1677,07/27/2020, 12:08:28,505
BTMR12345,Beat Master,1677,07/27/2020, 13:06:16,505
BTMR12345,Beat Master,1677,07/27/2020, 14:06:47,505
BTMR12345,Beat Master,1677,07/27/2020, 15:06:56,505
BTMR12345,Beat Master,1678,07/27/2020, 16:06:03,505
BTMR12345,Beat Master,1678,07/27/2020, 17:05:37,505
BTMR12345,Beat Master,1678,07/27/2020, 18:06:27,505
BTMR12345,Beat Master,1678,07/27/2020, 19:05:24,505
BTMR12345,Beat Master,1678,07/27/2020, 20:06:16,505
BTMR12345,Beat Master,1678,07/27/2020, 21:05:19,505
BTMR12345,Beat Master,1678,07/27/2020, 22:06:19,505
BTMR12345,Beat Master,1678,07/27/2020, 23:05:48,505
BTMR12345,Beat Master,1678,07/28/2020, 00:18:01,505
BTMR12345,Beat Master,1678,07/28/2020, 01:07:02,505
BTMR12345,Beat Master,1678,07/28/2020, 02:07:33,505
BTMR12345,Beat Master,1678,07/28/2020, 03:06:31,505
BTMR12345,Beat Master,1678,07/28/2020, 04:06:54,505
BTMR12345,Beat Master,1678,07/28/2020, 05:06:29,505
BTMR12345,Beat Master,1678,07/28/2020, 06:07:30,505
BTMR12345,Beat Master,1678,07/28/2020, 07:06:47,505
BTMR12345,Beat Master,1678,07/28/2020, 08:07:40,505
BTMR12345,Beat Master,1678,07/28/2020, 09:06:45,505
BTMR12345,Beat Master,1678,07/28/2020, 10:06:43,505
BTMR12345,Beat Master,1678,07/28/2020, 11:06:16,505
BTMR12345,Beat Master,1678,07/28/2020, 12:08:38,505
BTMR12345,Beat Master,1678,07/28/2020, 13:06:35,505
BTMR12345,Beat Master,1678,07/28/2020, 14:07:02,505
BTMR12345,Beat Master,1678,07/28/2020, 15:07:11,505
BTMR12345,Beat Master,1678,07/28/2020, 16:07:20,505
BTMR12345,Beat Master,1678,07/28/2020, 17:06:19,505
BTMR12345,Beat Master,1679,07/28/2020, 18:06:50,505
BTMR12345,Beat Master,1679,07/28/2020, 19:06:38,505
BTMR12345,Beat Master,1679,07/28/2020, 20:07:27,505
BTMR12345,Beat Master,1679,07/28/2020, 21:07:00,505
BTMR12345,Beat Master,1679,07/28/2020, 22:06:42,505
BTMR12345,Beat Master,1679,07/28/2020, 23:06:28,505
BTMR12345,Beat Master,1679,07/29/2020, 00:17:02,505
BTMR12345,Beat Master,1679,07/29/2020, 01:07:29,505
BTMR12345,Beat Master,1679,07/29/2020, 02:07:31,505
BTMR12345,Beat Master,1679,07/29/2020, 03:06:41,505
BTMR12345,Beat Master,1679,07/29/2020, 04:07:01,505
BTMR12345,Beat Master,1679,07/29/2020, 05:06:34,505
BTMR12345,Beat Master,1679,07/29/2020, 06:07:37,505
BTMR12345,Beat Master,1679,07/29/2020, 07:06:32,505
BTMR12345,Beat Master,1679,07/29/2020, 08:07:02,505
BTMR12345,Beat Master,1679,07/29/2020, 09:06:37,505
BTMR12345,Beat Master,1679,07/29/2020, 10:06:35,505
BTMR12345,Beat Master,1679,07/29/2020, 11:06:30,505
BTMR12345,Beat Master,1679,07/29/2020, 12:08:38,505
BTMR12345,Beat Master,1680,07/29/2020, 13:06:47,505
BTMR12345,Beat Master,1680,07/29/2020, 14:07:11,505
BTMR12345,Beat Master,1680,07/29/2020, 15:07:49,505
BTMR12345,Beat Master,1680,07/29/2020, 16:07:16,505
BTMR12345,Beat Master,1680,07/29/2020, 17:06:20,505
BTMR12345,Beat Master,1680,07/29/2020, 18:07:21,505
BTMR12345,Beat Master,1680,07/29/2020, 19:06:41,505
BTMR12345,Beat Master,1681,07/29/2020, 20:07:48,505
BTMR12345,Beat Master,1681,07/29/2020, 21:06:40,505
BTMR12345,Beat Master,1681,07/29/2020, 22:06:40,505
BTMR12345,Beat Master,1681,07/29/2020, 23:06:38,505
BTMR12345,Beat Master,1681,07/30/2020, 00:18:26,505
BTMR12345,Beat Master,1681,07/30/2020, 01:07:17,505
BTMR12345,Beat Master,1681,07/30/2020, 02:07:19,505
BTMR12345,Beat Master,1681,07/30/2020, 03:06:59,505
BTMR12345,Beat Master,1681,07/30/2020, 04:06:52,505
BTMR12345,Beat Master,1681,07/30/2020, 05:06:52,505
BTMR12345,Beat Master,1681,07/30/2020, 06:07:52,505
BTMR12345,Beat Master,1681,07/30/2020, 07:06:48,505
BTMR12345,Beat Master,1682,07/30/2020, 08:07:27,505
BTMR12345,Beat Master,1682,07/30/2020, 09:06:50,505
BTMR12345,Beat Master,1683,07/30/2020, 10:06:29,505
BTMR12345,Beat Master,1683,07/30/2020, 11:06:45,505
BTMR12345,Beat Master,1683,07/30/2020, 12:08:58,505
BTMR12345,Beat Master,1683,07/30/2020, 13:06:31,505
BTMR12345,Beat Master,1683,07/30/2020, 14:08:07,505
BTMR12345,Beat Master,1683,07/30/2020, 15:07:42,505
BTMR12345,Beat Master,1684,07/30/2020, 16:07:25,505
BTMR12345,Beat Master,1684,07/30/2020, 17:06:48,505
BTMR12345,Beat Master,1684,07/30/2020, 18:07:25,505
BTMR12345,Beat Master,1684,07/30/2020, 19:06:11,505
BTMR12345,Beat Master,1684,07/30/2020, 20:06:45,505
BTMR12345,Beat Master,1684,07/30/2020, 21:05:39,505
BTMR12345,Beat Master,1684,07/30/2020, 22:05:41,505
BTMR12345,Beat Master,1684,07/30/2020, 23:06:32,505
BTMR12345,Beat Master,1685,07/31/2020, 00:19:01,505
BTMR12345,Beat Master,1685,07/31/2020, 01:07:37,505
BTMR12345,Beat Master,1685,07/31/2020, 02:07:51,505
BTMR12345,Beat Master,1685,07/31/2020, 03:06:45,505
BTMR12345,Beat Master,1685,07/31/2020, 04:07:17,505
BTMR12345,Beat Master,1685,07/31/2020, 05:06:52,505
BTMR12345,Beat Master,1685,07/31/2020, 06:07:24,505
BTMR12345,Beat Master,1686,07/31/2020, 07:06:55,505
BTMR12345,Beat Master,1686,07/31/2020, 08:08:06,505
BTMR12345,Beat Master,1686,07/31/2020, 09:06:50,505
BTMR12345,Beat Master,1688,07/31/2020, 10:06:32,505
BTMR12345,Beat Master,1688,07/31/2020, 11:06:27,505
BTMR12345,Beat Master,1688,07/31/2020, 12:09:41,505
BTMR12345,Beat Master,1689,07/31/2020, 13:06:41,505
BTMR12345,Beat Master,1689,07/31/2020, 14:07:13,505
BTMR12345,Beat Master,1689,07/31/2020, 15:07:05,505
BTMR12345,Beat Master,1689,07/31/2020, 16:07:14,505
BTMR12345,Beat Master,1689,07/31/2020, 17:06:39,505
BTMR12345,Beat Master,1689,07/31/2020, 18:07:28,505
BTMR12345,Beat Master,1689,07/31/2020, 19:06:25,505
BTMR12345,Beat Master,1689,07/31/2020, 20:07:46,505
BTMR12345,Beat Master,1689,07/31/2020, 21:06:36,505
BTMR12345,Beat Master,1689,07/31/2020, 22:06:26,505
BTMR12345,Beat Master,1689,07/31/2020, 23:06:27,505
BTMR12345,Beat Master,1690,08/01/2020, 00:19:16,505
BTMR12345,Beat Master,1690,08/01/2020, 01:07:29,505
BTMR12345,Beat Master,1690,08/01/2020, 02:07:35,505
BTMR12345,Beat Master,1690,08/01/2020, 03:06:46,505
BTMR12345,Beat Master,1690,08/01/2020, 04:07:20,505
BTMR12345,Beat Master,1691,08/01/2020, 05:06:47,505
BTMR12345,Beat Master,1691,08/01/2020, 06:07:45,505
BTMR12345,Beat Master,1691,08/01/2020, 07:07:07,505
BTMR12345,Beat Master,1691,08/01/2020, 08:07:37,505
BTMR12345,Beat Master,1691,08/01/2020, 09:07:10,505
BTMR12345,Beat Master,1691,08/01/2020, 10:06:48,505
BTMR12345,Beat Master,1691,08/01/2020, 11:06:36,505
BTMR12345,Beat Master,1691,08/01/2020, 12:08:49,505
BTMR12345,Beat Master,1691,08/01/2020, 13:06:34,505
BTMR12345,Beat Master,1692,08/01/2020, 14:07:18,505
BTMR12345,Beat Master,1692,08/01/2020, 15:07:06,505
BTMR12345,Beat Master,1692,08/01/2020, 16:07:34,505
BTMR12345,Beat Master,1692,08/01/2020, 17:06:45,505
BTMR12345,Beat Master,1692,08/01/2020, 18:07:39,505
BTMR12345,Beat Master,1692,08/01/2020, 19:06:40,505
BTMR12345,Beat Master,1692,08/01/2020, 20:07:43,505
BTMR12345,Beat Master,1693,08/01/2020, 21:06:37,505
BTMR12345,Beat Master,1693,08/01/2020, 22:06:30,505
BTMR12345,Beat Master,1693,08/01/2020, 23:06:30,505
BTMR12345,Beat Master,1693,08/02/2020, 00:19:40,505
BTMR12345,Beat Master,1693,08/02/2020, 01:07:14,505
BTMR12345,Beat Master,1694,08/02/2020, 02:07:42,505
BTMR12345,Beat Master,1694,08/02/2020, 03:06:51,505
BTMR12345,Beat Master,1694,08/02/2020, 04:07:24,505
BTMR12345,Beat Master,1694,08/02/2020, 05:06:53,505
BTMR12345,Beat Master,1694,08/02/2020, 06:07:43,505
BTMR12345,Beat Master,1694,08/02/2020, 07:07:20,505
BTMR12345,Beat Master,1694,08/02/2020, 08:07:21,505
BTMR12345,Beat Master,1694,08/02/2020, 09:06:43,505
BTMR12345,Beat Master,1694,08/02/2020, 10:06:42,505
BTMR12345,Beat Master,1695,08/02/2020, 11:06:40,505
BTMR12345,Beat Master,1695,08/02/2020, 12:08:41,505
BTMR12345,Beat Master,1695,08/02/2020, 13:06:58,505
BTMR12345,Beat Master,1695,08/02/2020, 14:07:25,505
BTMR12345,Beat Master,1695,08/02/2020, 15:07:10,505
BTMR12345,Beat Master,1695,08/02/2020, 16:07:21,505
BTMR12345,Beat Master,1695,08/02/2020, 17:06:39,505
BTMR12345,Beat Master,1695,08/02/2020, 18:07:18,505
BTMR12345,Beat Master,1695,08/02/2020, 19:06:46,505
BTMR12345,Beat Master,1695,08/02/2020, 20:07:49,505
BTMR12345,Beat Master,1695,08/02/2020, 21:06:36,505
BTMR12345,Beat Master,1695,08/02/2020, 22:06:34,505
BTMR12345,Beat Master,1695,08/02/2020, 23:06:57,505
BTMR12345,Beat Master,1697,08/03/2020, 00:19:20,505
BTMR12345,Beat Master,1697,08/03/2020, 01:07:26,505
BTMR12345,Beat Master,1697,08/03/2020, 02:07:49,505
BTMR12345,Beat Master,1697,08/03/2020, 03:06:49,505
BTMR12345,Beat Master,1697,08/03/2020, 04:07:27,505
BTMR12345,Beat Master,1697,08/03/2020, 05:06:55,505
BTMR12345,Beat Master,1697,08/03/2020, 06:07:43,505
BTMR12345,Beat Master,1697,08/03/2020, 07:07:08,505
BTMR12345,Beat Master,1697,08/03/2020, 08:07:47,505
BTMR12345,Beat Master,1697,08/03/2020, 09:07:14,505
BTMR12345,Beat Master,1697,08/03/2020, 10:07:12,505
BTMR12345,Beat Master,1697,08/03/2020, 11:06:49,505
BTMR12345,Beat Master,1698,08/03/2020, 12:09:18,505
BTMR12345,Beat Master,1698,08/03/2020, 13:06:29,505
BTMR12345,Beat Master,1698,08/03/2020, 14:07:34,505
BTMR12345,Beat Master,1699,08/03/2020, 15:07:03,505
BTMR12345,Beat Master,1699,08/03/2020, 16:07:09,505
BTMR12345,Beat Master,1700,08/03/2020, 17:06:46,505
BTMR12345,Beat Master,1700,08/03/2020, 18:07:25,505
BTMR12345,Beat Master,1701,08/03/2020, 19:06:41,505
BTMR12345,Beat Master,1701,08/03/2020, 20:08:20,505
BTMR12345,Beat Master,1703,08/03/2020, 21:06:43,505
BTMR12345,Beat Master,1704,08/03/2020, 22:06:31,505
BTMR12345,Beat Master,1704,08/03/2020, 23:06:30,505
BTMR12345,Beat Master,1704,08/04/2020, 00:19:14,505
BTMR12345,Beat Master,1704,08/04/2020, 01:07:26,505
BTMR12345,Beat Master,1704,08/04/2020, 02:07:56,505
BTMR12345,Beat Master,1704,08/04/2020, 03:07:03,505
BTMR12345,Beat Master,1704,08/04/2020, 04:07:25,505
BTMR12345,Beat Master,1704,08/04/2020, 05:07:02,505
BTMR12345,Beat Master,1704,08/04/2020, 06:07:33,505
BTMR12345,Beat Master,1704,08/04/2020, 07:07:05,505
BTMR12345,Beat Master,1704,08/04/2020, 08:08:11,505
BTMR12345,Beat Master,1704,08/04/2020, 09:06:50,505
BTMR12345,Beat Master,1704,08/04/2020, 10:06:57,505
BTMR12345,Beat Master,1704,08/04/2020, 11:06:44,505
BTMR12345,Beat Master,1704,08/04/2020, 12:09:19,505
BTMR12345,Beat Master,1705,08/04/2020, 13:06:52,505
BTMR12345,Beat Master,1705,08/04/2020, 14:07:29,505
BTMR12345,Beat Master,1705,08/04/2020, 15:07:08,505
BTMR12345,Beat Master,1705,08/04/2020, 16:07:25,505
BTMR12345,Beat Master,1705,08/04/2020, 17:06:53,505
BTMR12345,Beat Master,1705,08/04/2020, 18:07:35,505
BTMR12345,Beat Master,1706,08/04/2020, 19:06:44,505
BTMR12345,Beat Master,1707,08/04/2020, 20:07:52,505
BTMR12345,Beat Master,1708,08/04/2020, 21:06:58,505
BTMR12345,Beat Master,1709,08/04/2020, 22:06:42,505
BTMR12345,Beat Master,1709,08/04/2020, 23:06:05,505
BTMR12345,Beat Master,1709,08/05/2020, 00:19:22,505
BTMR12345,Beat Master,1709,08/05/2020, 01:07:47,505
BTMR12345,Beat Master,1709,08/05/2020, 02:08:07,505
BTMR12345,Beat Master,1709,08/05/2020, 03:06:58,505
BTMR12345,Beat Master,1709,08/05/2020, 04:07:33,505
BTMR12345,Beat Master,1709,08/05/2020, 05:07:06,505
BTMR12345,Beat Master,1709,08/05/2020, 06:07:37,505
BTMR12345,Beat Master,1709,08/05/2020, 07:07:28,505
BTMR12345,Beat Master,1711,08/05/2020, 08:07:55,505
BTMR12345,Beat Master,1711,08/05/2020, 09:06:59,505
BTMR12345,Beat Master,1711,08/05/2020, 10:07:01,505
BTMR12345,Beat Master,1711,08/05/2020, 11:06:44,505
BTMR12345,Beat Master,1711,08/05/2020, 12:09:04,505
BTMR12345,Beat Master,1711,08/05/2020, 13:06:51,505
BTMR12345,Beat Master,1711,08/05/2020, 14:07:44,505
BTMR12345,Beat Master,1711,08/05/2020, 15:07:00,505
BTMR12345,Beat Master,1711,08/05/2020, 16:07:16,505
BTMR12345,Beat Master,1711,08/05/2020, 17:07:09,505
BTMR12345,Beat Master,1712,08/05/2020, 18:07:45,505
BTMR12345,Beat Master,1712,08/05/2020, 19:07:00,505
BTMR12345,Beat Master,1712,08/05/2020, 20:08:01,505
BTMR12345,Beat Master,1712,08/05/2020, 21:06:51,505
BTMR12345,Beat Master,1712,08/05/2020, 22:06:31,505
BTMR12345,Beat Master,1712,08/05/2020, 23:06:59,505
BTMR12345,Beat Master,1713,08/06/2020, 00:19:35,505
BTMR12345,Beat Master,1713,08/06/2020, 01:07:51,505
BTMR12345,Beat Master,1713,08/06/2020, 02:07:47,505
BTMR12345,Beat Master,1713,08/06/2020, 03:07:02,505
BTMR12345,Beat Master,1714,08/06/2020, 04:07:33,505
BTMR12345,Beat Master,1714,08/06/2020, 05:06:58,505
BTMR12345,Beat Master,1714,08/06/2020, 06:07:39,505
BTMR12345,Beat Master,1714,08/06/2020, 07:07:08,505
BTMR12345,Beat Master,1714,08/06/2020, 08:08:00,505
BTMR12345,Beat Master,1714,08/06/2020, 09:06:58,505
BTMR12345,Beat Master,1714,08/06/2020, 10:07:02,505
BTMR12345,Beat Master,1714,08/06/2020, 11:07:05,505
BTMR12345,Beat Master,1714,08/06/2020, 12:09:24,505
BTMR12345,Beat Master,1714,08/06/2020, 13:07:00,505
BTMR12345,Beat Master,1714,08/06/2020, 14:07:55,505
BTMR12345,Beat Master,1714,08/06/2020, 15:07:09,505
BTMR12345,Beat Master,1714,08/06/2020, 16:07:23,505
BTMR12345,Beat Master,1714,08/06/2020, 17:07:00,505
BTMR12345,Beat Master,1714,08/06/2020, 18:07:32,505
BTMR12345,Beat Master,1714,08/06/2020, 19:06:55,505
BTMR12345,Beat Master,1714,08/06/2020, 20:07:55,505
BTMR12345,Beat Master,1714,08/06/2020, 21:07:09,505
BTMR12345,Beat Master,1715,08/06/2020, 22:07:05,505
BTMR12345,Beat Master,1716,08/06/2020, 23:07:10,505
BTMR12345,Beat Master,1716,08/07/2020, 00:19:52,505
BTMR12345,Beat Master,1716,08/07/2020, 01:08:01,505
BTMR12345,Beat Master,1716,08/07/2020, 02:07:58,505
BTMR12345,Beat Master,1716,08/07/2020, 03:07:17,505
BTMR12345,Beat Master,1716,08/07/2020, 04:07:41,505
BTMR12345,Beat Master,1716,08/07/2020, 05:07:21,505
BTMR12345,Beat Master,1716,08/07/2020, 06:07:53,505
BTMR12345,Beat Master,1716,08/07/2020, 07:08:09,505
BTMR12345,Beat Master,1716,08/07/2020, 08:07:57,505
BTMR12345,Beat Master,1716,08/07/2020, 09:07:06,505
BTMR12345,Beat Master,1716,08/07/2020, 10:07:43,505
BTMR12345,Beat Master,1717,08/07/2020, 11:06:51,505
BTMR12345,Beat Master,1717,08/07/2020, 12:10:08,505
BTMR12345,Beat Master,1717,08/07/2020, 13:06:59,505
BTMR12345,Beat Master,1717,08/07/2020, 14:07:40,505
BTMR12345,Beat Master,1717,08/07/2020, 15:07:16,505
BTMR12345,Beat Master,1717,08/07/2020, 16:07:28,505
BTMR12345,Beat Master,1717,08/07/2020, 17:07:05,505
BTMR12345,Beat Master,1717,08/07/2020, 18:07:37,505
BTMR12345,Beat Master,1718,08/07/2020, 19:06:42,505
BTMR12345,Beat Master,1718,08/07/2020, 20:07:58,505
BTMR12345,Beat Master,1718,08/07/2020, 21:06:55,505
BTMR12345,Beat Master,1718,08/07/2020, 22:06:51,505
BTMR12345,Beat Master,1718,08/07/2020, 23:06:53,505
BTMR12345,Beat Master,1718,08/08/2020, 00:19:49,505
BTMR12345,Beat Master,1718,08/08/2020, 01:07:44,505
BTMR12345,Beat Master,1718,08/08/2020, 02:07:49,505
BTMR12345,Beat Master,1718,08/08/2020, 03:06:48,505
BTMR12345,Beat Master,1719,08/08/2020, 04:07:29,505
BTMR12345,Beat Master,1719,08/08/2020, 05:06:52,505
BTMR12345,Beat Master,1719,08/08/2020, 06:07:53,505
BTMR12345,Beat Master,1719,08/08/2020, 07:07:08,505
BTMR12345,Beat Master,1719,08/08/2020, 08:07:55,505
BTMR12345,Beat Master,1719,08/08/2020, 09:06:59,505
BTMR12345,Beat Master,1719,08/08/2020, 10:07:03,505
BTMR12345,Beat Master,1719,08/08/2020, 11:07:07,505
BTMR12345,Beat Master,1719,08/08/2020, 12:09:13,505
BTMR12345,Beat Master,1720,08/08/2020, 13:07:04,505
BTMR12345,Beat Master,1720,08/08/2020, 14:07:47,505
BTMR12345,Beat Master,1720,08/08/2020, 15:07:14,505
BTMR12345,Beat Master,1720,08/08/2020, 16:07:15,505
BTMR12345,Beat Master,1720,08/08/2020, 17:07:30,505
BTMR12345,Beat Master,1720,08/08/2020, 18:07:26,505
BTMR12345,Beat Master,1720,08/08/2020, 19:06:58,505
BTMR12345,Beat Master,1720,08/08/2020, 20:07:51,505
BTMR12345,Beat Master,1720,08/08/2020, 21:07:02,505
BTMR12345,Beat Master,1720,08/08/2020, 22:06:32,505
BTMR12345,Beat Master,1720,08/08/2020, 23:07:05,505
BTMR12345,Beat Master,1720,08/09/2020, 00:20:47,505
BTMR12345,Beat Master,1720,08/09/2020, 01:07:46,505
BTMR12345,Beat Master,1720,08/09/2020, 02:07:54,505
BTMR12345,Beat Master,1720,08/09/2020, 03:06:53,505
BTMR12345,Beat Master,1720,08/09/2020, 04:07:30,505
BTMR12345,Beat Master,1720,08/09/2020, 05:07:04,505
BTMR12345,Beat Master,1720,08/09/2020, 06:07:58,505
BTMR12345,Beat Master,1720,08/09/2020, 07:07:10,505
BTMR12345,Beat Master,1720,08/09/2020, 08:07:29,505
BTMR12345,Beat Master,1720,08/09/2020, 09:07:13,505
BTMR12345,Beat Master,1720,08/09/2020, 10:07:19,505
BTMR12345,Beat Master,1720,08/09/2020, 11:07:07,505
BTMR12345,Beat Master,1720,08/09/2020, 12:09:28,505
BTMR12345,Beat Master,1721,08/09/2020, 13:07:04,505
BTMR12345,Beat Master,1721,08/09/2020, 14:07:20,505
BTMR12345,Beat Master,1721,08/09/2020, 15:06:52,505
BTMR12345,Beat Master,1721,08/09/2020, 16:07:30,505
BTMR12345,Beat Master,1721,08/09/2020, 17:07:10,505
BTMR12345,Beat Master,1723,08/09/2020, 18:07:38,505
BTMR12345,Beat Master,1723,08/09/2020, 19:06:58,505
BTMR12345,Beat Master,1723,08/09/2020, 20:08:14,505
BTMR12345,Beat Master,1724,08/09/2020, 21:07:15,505
BTMR12345,Beat Master,1724,08/09/2020, 22:07:04,505
BTMR12345,Beat Master,1725,08/09/2020, 23:07:11,505
BTMR12345,Beat Master,1725,08/10/2020, 00:20:34,505
BTMR12345,Beat Master,1725,08/10/2020, 01:07:55,505
BTMR12345,Beat Master,1725,08/10/2020, 02:08:01,505
BTMR12345,Beat Master,1725,08/10/2020, 03:07:39,505
BTMR12345,Beat Master,1725,08/10/2020, 04:07:44,505
BTMR12345,Beat Master,1725,08/10/2020, 05:07:21,505
BTMR12345,Beat Master,1725,08/10/2020, 06:08:26,505
BTMR12345,Beat Master,1725,08/10/2020, 07:07:14,505
BTMR12345,Beat Master,1725,08/10/2020, 08:07:58,505
BTMR12345,Beat Master,1725,08/10/2020, 09:07:23,505
BTMR12345,Beat Master,1725,08/10/2020, 10:07:30,505
BTMR12345,Beat Master,1726,08/10/2020, 11:07:06,505
BTMR12345,Beat Master,1726,08/10/2020, 12:09:40,505
BTMR12345,Beat Master,1726,08/10/2020, 13:06:51,505
BTMR12345,Beat Master,1726,08/10/2020, 14:08:08,505
BTMR12345,Beat Master,1726,08/10/2020, 15:07:18,505
BTMR12345,Beat Master,1726,08/10/2020, 16:07:50,505
BTMR12345,Beat Master,1726,08/10/2020, 17:06:58,505
BTMR12345,Beat Master,1726,08/10/2020, 18:07:45,505
BTMR12345,Beat Master,1726,08/10/2020, 19:07:09,505
BTMR12345,Beat Master,1726,08/10/2020, 20:07:42,505
BTMR12345,Beat Master,1726,08/10/2020, 21:07:00,505
BTMR12345,Beat Master,1726,08/10/2020, 22:06:51,505
BTMR12345,Beat Master,1727,08/10/2020, 23:07:00,505
BTMR12345,Beat Master,1727,08/11/2020, 00:20:13,505
BTMR12345,Beat Master,1727,08/11/2020, 01:07:50,505
BTMR12345,Beat Master,1727,08/11/2020, 02:08:17,505
BTMR12345,Beat Master,1727,08/11/2020, 03:07:24,505
BTMR12345,Beat Master,1727,08/11/2020, 04:07:55,505
BTMR12345,Beat Master,1727,08/11/2020, 05:07:11,505
BTMR12345,Beat Master,1727,08/11/2020, 06:08:01,505
BTMR12345,Beat Master,1727,08/11/2020, 07:07:46,505
BTMR12345,Beat Master,1727,08/11/2020, 08:08:29,505
BTMR12345,Beat Master,1727,08/11/2020, 09:07:26,505
BTMR12345,Beat Master,1727,08/11/2020, 10:07:42,505
BTMR12345,Beat Master,1727,08/11/2020, 11:08:04,505
BTMR12345,Beat Master,1727,08/11/2020, 12:09:05,505
BTMR12345,Beat Master,1727,08/11/2020, 13:07:18,505
BTMR12345,Beat Master,1727,08/11/2020, 14:08:04,505
BTMR12345,Beat Master,1727,08/11/2020, 15:07:39,505
BTMR12345,Beat Master,1727,08/11/2020, 16:08:00,505
BTMR12345,Beat Master,1727,08/11/2020, 17:07:01,505
BTMR12345,Beat Master,1728,08/11/2020, 18:07:55,505
BTMR12345,Beat Master,1728,08/11/2020, 19:07:08,505
BTMR12345,Beat Master,1728,08/11/2020, 20:07:54,505
BTMR12345,Beat Master,1728,08/11/2020, 21:07:06,505
BTMR12345,Beat Master,1728,08/11/2020, 22:07:12,505
BTMR12345,Beat Master,1728,08/11/2020, 23:06:51,505
BTMR12345,Beat Master,1728,08/12/2020, 00:19:41,505
BTMR12345,Beat Master,1728,08/12/2020, 01:07:45,505
BTMR12345,Beat Master,1728,08/12/2020, 02:07:47,505
BTMR12345,Beat Master,1728,08/12/2020, 03:07:28,505
BTMR12345,Beat Master,1728,08/12/2020, 04:07:58,505
BTMR12345,Beat Master,1729,08/12/2020, 05:07:04,505
BTMR12345,Beat Master,1729,08/12/2020, 06:08:10,505
BTMR12345,Beat Master,1729,08/12/2020, 07:07:38,505
BTMR12345,Beat Master,1729,08/12/2020, 08:07:52,505
BTMR12345,Beat Master,1729,08/12/2020, 09:07:35,505
BTMR12345,Beat Master,1730,08/12/2020, 10:07:41,505
BTMR12345,Beat Master,1730,08/12/2020, 11:07:11,505
BTMR12345,Beat Master,1730,08/12/2020, 12:09:19,505
BTMR12345,Beat Master,1730,08/12/2020, 13:07:06,505
BTMR12345,Beat Master,1730,08/12/2020, 14:08:12,505
BTMR12345,Beat Master,1730,08/12/2020, 15:07:33,505
BTMR12345,Beat Master,1730,08/12/2020, 16:07:54,505
BTMR12345,Beat Master,1730,08/12/2020, 17:07:09,505
BTMR12345,Beat Master,1730,08/12/2020, 18:08:01,505
BTMR12345,Beat Master,1730,08/12/2020, 19:07:12,505
BTMR12345,Beat Master,1730,08/12/2020, 20:08:25,505
BTMR12345,Beat Master,1730,08/12/2020, 21:07:01,505
BTMR12345,Beat Master,1730,08/12/2020, 22:07:32,505
BTMR12345,Beat Master,1730,08/12/2020, 23:07:30,505
BTMR12345,Beat Master,1730,08/13/2020, 00:20:13,505
BTMR12345,Beat Master,1730,08/13/2020, 01:07:48,505
BTMR12345,Beat Master,1730,08/13/2020, 02:08:24,505
BTMR12345,Beat Master,1733,08/13/2020, 03:07:27,505
BTMR12345,Beat Master,1734,08/13/2020, 04:08:01,505
BTMR12345,Beat Master,1734,08/13/2020, 05:07:15,505
BTMR12345,Beat Master,1734,08/13/2020, 06:08:30,505
BTMR12345,Beat Master,1734,08/13/2020, 07:07:24,505
BTMR12345,Beat Master,1734,08/13/2020, 08:07:59,505
BTMR12345,Beat Master,1735,08/13/2020, 09:07:30,505
BTMR12345,Beat Master,1735,08/13/2020, 10:07:46,505
BTMR12345,Beat Master,1735,08/13/2020, 11:06:52,505
BTMR12345,Beat Master,1736,08/13/2020, 12:09:32,505
BTMR12345,Beat Master,1736,08/13/2020, 13:07:13,505
BTMR12345,Beat Master,1736,08/13/2020, 14:07:57,505
BTMR12345,Beat Master,1737,08/13/2020, 15:07:38,505
BTMR12345,Beat Master,1738,08/13/2020, 16:08:06,505
BTMR12345,Beat Master,1739,08/13/2020, 17:07:35,505
BTMR12345,Beat Master,1739,08/13/2020, 18:07:49,505
BTMR12345,Beat Master,1740,08/13/2020, 19:06:50,505
BTMR12345,Beat Master,1740,08/13/2020, 20:08:11,505
BTMR12345,Beat Master,1741,08/13/2020, 21:07:10,505
BTMR12345,Beat Master,1741,08/13/2020, 22:07:47,505
BTMR12345,Beat Master,1741,08/13/2020, 23:07:15,505
BTMR12345,Beat Master,1741,08/14/2020, 00:20:03,505
BTMR12345,Beat Master,1741,08/14/2020, 01:06:47,505
BTMR12345,Beat Master,1741,08/14/2020, 02:08:18,505
BTMR12345,Beat Master,1741,08/14/2020, 03:07:33,505
BTMR12345,Beat Master,1741,08/14/2020, 04:08:11,505
BTMR12345,Beat Master,1741,08/14/2020, 05:07:15,505
BTMR12345,Beat Master,1741,08/14/2020, 06:08:17,505
BTMR12345,Beat Master,1741,08/14/2020, 07:07:28,505
BTMR12345,Beat Master,1741,08/14/2020, 08:08:44,505
BTMR12345,Beat Master,1741,08/14/2020, 09:07:43,505
BTMR12345,Beat Master,1741,08/14/2020, 10:07:36,505
BTMR12345,Beat Master,1741,08/14/2020, 11:07:03,505
BTMR12345,Beat Master,1741,08/14/2020, 12:10:48,505
BTMR12345,Beat Master,1742,08/14/2020, 13:07:14,505
BTMR12345,Beat Master,1742,08/14/2020, 14:07:52,505
BTMR12345,Beat Master,1742,08/14/2020, 15:07:22,505
BTMR12345,Beat Master,1742,08/14/2020, 16:08:03,505
BTMR12345,Beat Master,1742,08/14/2020, 17:07:21,505
BTMR12345,Beat Master,1742,08/14/2020, 18:08:11,505
BTMR12345,Beat Master,1742,08/14/2020, 19:07:25,505
BTMR12345,Beat Master,1742,08/14/2020, 20:08:32,505
BTMR12345,Beat Master,1742,08/14/2020, 21:07:08,505
BTMR12345,Beat Master,1742,08/14/2020, 22:07:46,505
BTMR12345,Beat Master,1744,08/14/2020, 23:07:14,505
BTMR12345,Beat Master,1744,08/15/2020, 00:20:04,505
BTMR12345,Beat Master,1744,08/15/2020, 01:08:01,505
BTMR12345,Beat Master,1744,08/15/2020, 02:08:07,505
BTMR12345,Beat Master,1744,08/15/2020, 03:07:55,505
BTMR12345,Beat Master,1744,08/15/2020, 04:07:54,505
BTMR12345,Beat Master,1744,08/15/2020, 05:07:04,505
BTMR12345,Beat Master,1745,08/15/2020, 06:08:34,505
BTMR12345,Beat Master,1745,08/15/2020, 07:07:29,505
BTMR12345,Beat Master,1745,08/15/2020, 08:08:07,505
BTMR12345,Beat Master,1745,08/15/2020, 09:07:32,505
BTMR12345,Beat Master,1745,08/15/2020, 10:07:40,505
BTMR12345,Beat Master,1746,08/15/2020, 11:07:22,505
BTMR12345,Beat Master,1746,08/15/2020, 12:09:16,505
BTMR12345,Beat Master,1746,08/15/2020, 13:06:50,505
BTMR12345,Beat Master,1747,08/15/2020, 14:07:55,505
BTMR12345,Beat Master,1747,08/15/2020, 15:07:39,505
BTMR12345,Beat Master,1748,08/15/2020, 16:08:01,505
BTMR12345,Beat Master,1748,08/15/2020, 17:07:13,505
BTMR12345,Beat Master,1748,08/15/2020, 18:08:02,505
BTMR12345,Beat Master,1748,08/15/2020, 19:07:07,505
BTMR12345,Beat Master,1748,08/15/2020, 20:08:36,505
BTMR12345,Beat Master,1748,08/15/2020, 21:07:25,505
BTMR12345,Beat Master,1748,08/15/2020, 22:07:17,505
BTMR12345,Beat Master,1748,08/15/2020, 23:07:17,505
BTMR12345,Beat Master,1749,08/16/2020, 00:21:11,505
BTMR12345,Beat Master,1749,08/16/2020, 01:07:46,505
BTMR12345,Beat Master,1749,08/16/2020, 02:08:20,505
BTMR12345,Beat Master,1749,08/16/2020, 03:07:28,505
BTMR12345,Beat Master,1749,08/16/2020, 04:07:59,505
BTMR12345,Beat Master,1749,08/16/2020, 05:06:55,505
BTMR12345,Beat Master,1749,08/16/2020, 06:08:31,505
BTMR12345,Beat Master,1749,08/16/2020, 07:07:39,505
BTMR12345,Beat Master,1750,08/16/2020, 08:08:18,505
BTMR12345,Beat Master,1750,08/16/2020, 09:07:42,505
BTMR12345,Beat Master,1750,08/16/2020, 10:07:32,505
BTMR12345,Beat Master,1750,08/16/2020, 11:06:47,505
BTMR12345,Beat Master,1750,08/16/2020, 12:09:23,505
BTMR12345,Beat Master,1750,08/16/2020, 13:06:56,505
BTMR12345,Beat Master,1751,08/16/2020, 14:08:10,505
BTMR12345,Beat Master,1751,08/16/2020, 15:07:36,505
BTMR12345,Beat Master,1751,08/16/2020, 16:08:18,505
BTMR12345,Beat Master,1751,08/16/2020, 17:07:10,505
BTMR12345,Beat Master,1751,08/16/2020, 18:08:22,505
BTMR12345,Beat Master,1751,08/16/2020, 19:07:28,505
BTMR12345,Beat Master,1752,08/16/2020, 20:08:28,505
BTMR12345,Beat Master,1752,08/16/2020, 21:07:23,505
BTMR12345,Beat Master,1752,08/16/2020, 22:07:23,505
BTMR12345,Beat Master,1752,08/16/2020, 23:07:27,505
BTMR12345,Beat Master,1752,08/17/2020, 00:20:44,505
BTMR12345,Beat Master,1752,08/17/2020, 01:07:51,505
BTMR12345,Beat Master,1752,08/17/2020, 02:08:29,505
BTMR12345,Beat Master,1752,08/17/2020, 03:07:44,505
BTMR12345,Beat Master,1752,08/17/2020, 04:08:11,505
BTMR12345,Beat Master,1752,08/17/2020, 05:07:24,505
