CRASHLAND,Crashlands,3,05/20/2021, 12:19:08,671
CRASHLAND,Crashlands,9,05/20/2021, 13:27:19,671
CRASHLAND,Crashlands,13,05/20/2021, 14:16:10,671
CRASHLAND,Crashlands,19,05/20/2021, 15:19:16,671
CRASHLAND,Crashlands,42,05/20/2021, 16:32:02,671
CRASHLAND,Crashlands,46,05/20/2021, 17:49:01,671
CRASHLAND,Crashlands,54,05/20/2021, 18:30:29,671
CRASHLAND,Crashlands,57,05/20/2021, 19:23:10,671
CRASHLAND,Crashlands,69,05/20/2021, 20:12:02,671
CRASHLAND,Crashlands,73,05/20/2021, 21:12:03,671
CRASHLAND,Crashlands,82,05/20/2021, 22:14:58,671
CRASHLAND,Crashlands,85,05/20/2021, 23:13:04,671
CRASHLAND,Crashlands,91,05/21/2021, 00:42:07,671
CRASHLAND,Crashlands,99,05/21/2021, 02:13:35,671
CRASHLAND,Crashlands,109,05/21/2021, 03:26:03,671
CRASHLAND,Crashlands,111,05/21/2021, 04:22:50,671
CRASHLAND,Crashlands,115,05/21/2021, 05:21:59,671
CRASHLAND,Crashlands,118,05/21/2021, 06:15:43,671
CRASHLAND,Crashlands,122,05/21/2021, 07:22:01,671
CRASHLAND,Crashlands,122,05/21/2021, 08:15:38,671
CRASHLAND,Crashlands,123,05/21/2021, 09:15:27,671
CRASHLAND,Crashlands,128,05/21/2021, 10:14:31,671
CRASHLAND,Crashlands,130,05/21/2021, 11:11:24,671
CRASHLAND,Crashlands,133,05/21/2021, 12:19:53,671
CRASHLAND,Crashlands,138,05/21/2021, 13:27:07,671
CRASHLAND,Crashlands,139,05/21/2021, 14:13:03,671
CRASHLAND,Crashlands,143,05/21/2021, 15:13:56,671
