FBCH20409,Fran Bow - Chapter Two,5,04/09/2021, 18:19:55,641
FBCH20409,Fran Bow - Chapter Two,9,04/09/2021, 19:15:21,641
FBCH20409,Fran Bow - Chapter Two,17,04/09/2021, 20:15:36,641
FBCH20409,Fran Bow - Chapter Two,22,04/09/2021, 21:13:39,641
FBCH20409,Fran Bow - Chapter Two,26,04/09/2021, 22:17:03,641
FBCH20409,Fran Bow - Chapter Two,28,04/09/2021, 23:16:18,641
FBCH20409,Fran Bow - Chapter Two,33,04/10/2021, 00:45:27,641
FBCH20409,Fran Bow - Chapter Two,37,04/10/2021, 02:02:13,641
FBCH20409,Fran Bow - Chapter Two,38,04/10/2021, 03:21:10,641
FBCH20409,Fran Bow - Chapter Two,42,04/10/2021, 04:19:13,641
FBCH20409,Fran Bow - Chapter Two,45,04/10/2021, 05:19:19,641
FBCH20409,Fran Bow - Chapter Two,47,04/10/2021, 06:17:57,641
FBCH20409,Fran Bow - Chapter Two,48,04/10/2021, 07:17:10,641
FBCH20409,Fran Bow - Chapter Two,50,04/10/2021, 08:16:45,641
FBCH20409,Fran Bow - Chapter Two,52,04/10/2021, 09:14:37,641
FBCH20409,Fran Bow - Chapter Two,53,04/10/2021, 10:15:17,641
FBCH20409,Fran Bow - Chapter Two,56,04/10/2021, 11:12:26,641
FBCH20409,Fran Bow - Chapter Two,57,04/10/2021, 12:20:15,641
FBCH20409,Fran Bow - Chapter Two,60,04/10/2021, 13:21:49,641
FBCH20409,Fran Bow - Chapter Two,62,04/10/2021, 14:14:01,641
FBCH20409,Fran Bow - Chapter Two,66,04/10/2021, 15:14:56,641
FBCH20409,Fran Bow - Chapter Two,69,04/10/2021, 16:25:08,641
FBCH20409,Fran Bow - Chapter Two,73,04/10/2021, 17:36:53,641
FBCH20409,Fran Bow - Chapter Two,73,04/10/2021, 18:24:47,641
FBCH20409,Fran Bow - Chapter Two,73,04/10/2021, 19:16:54,641
FBCH20409,Fran Bow - Chapter Two,73,04/10/2021, 20:14:56,641
FBCH20409,Fran Bow - Chapter Two,74,04/10/2021, 21:13:35,641
FBCH20409,Fran Bow - Chapter Two,76,04/10/2021, 22:16:19,641
FBCH20409,Fran Bow - Chapter Two,79,04/10/2021, 23:15:43,641
FBCH20409,Fran Bow - Chapter Two,79,04/11/2021, 00:48:11,641
FBCH20409,Fran Bow - Chapter Two,80,04/11/2021, 02:07:21,641
FBCH20409,Fran Bow - Chapter Two,82,04/11/2021, 03:21:29,641
FBCH20409,Fran Bow - Chapter Two,87,04/11/2021, 04:19:41,641
FBCH20409,Fran Bow - Chapter Two,88,04/11/2021, 05:19:46,641
FBCH20409,Fran Bow - Chapter Two,92,04/11/2021, 06:17:29,641
FBCH20409,Fran Bow - Chapter Two,94,04/11/2021, 07:17:07,641
FBCH20409,Fran Bow - Chapter Two,96,04/11/2021, 08:16:48,641
FBCH20409,Fran Bow - Chapter Two,98,04/11/2021, 09:14:31,641
FBCH20409,Fran Bow - Chapter Two,99,04/11/2021, 10:15:16,641
FBCH20409,Fran Bow - Chapter Two,101,04/11/2021, 11:12:18,641
FBCH20409,Fran Bow - Chapter Two,101,04/11/2021, 12:20:07,641
FBCH20409,Fran Bow - Chapter Two,101,04/11/2021, 13:21:50,641
FBCH20409,Fran Bow - Chapter Two,103,04/11/2021, 14:14:11,641
FBCH20409,Fran Bow - Chapter Two,103,04/11/2021, 15:14:45,641
FBCH20409,Fran Bow - Chapter Two,106,04/11/2021, 16:24:57,641
FBCH20409,Fran Bow - Chapter Two,107,04/11/2021, 17:36:36,641
FBCH20409,Fran Bow - Chapter Two,108,04/11/2021, 18:24:46,641
FBCH20409,Fran Bow - Chapter Two,111,04/11/2021, 19:17:12,641
FBCH20409,Fran Bow - Chapter Two,112,04/11/2021, 20:14:59,641
FBCH20409,Fran Bow - Chapter Two,113,04/11/2021, 21:13:19,641
FBCH20409,Fran Bow - Chapter Two,114,04/11/2021, 22:16:27,641
FBCH20409,Fran Bow - Chapter Two,115,04/11/2021, 23:16:01,641
FBCH20409,Fran Bow - Chapter Two,119,04/12/2021, 00:47:23,641
FBCH20409,Fran Bow - Chapter Two,119,04/12/2021, 02:06:46,641
FBCH20409,Fran Bow - Chapter Two,120,04/12/2021, 03:23:05,641
FBCH20409,Fran Bow - Chapter Two,123,04/12/2021, 04:20:30,641
FBCH20409,Fran Bow - Chapter Two,125,04/12/2021, 05:21:41,641
FBCH20409,Fran Bow - Chapter Two,125,04/12/2021, 06:18:19,641
FBCH20409,Fran Bow - Chapter Two,125,04/12/2021, 07:19:25,641
FBCH20409,Fran Bow - Chapter Two,125,04/12/2021, 08:22:10,641
FBCH20409,Fran Bow - Chapter Two,125,04/12/2021, 09:16:17,641
FBCH20409,Fran Bow - Chapter Two,125,04/12/2021, 10:15:46,641
FBCH20409,Fran Bow - Chapter Two,125,04/12/2021, 11:12:46,641
FBCH20409,Fran Bow - Chapter Two,126,04/12/2021, 12:21:20,641
FBCH20409,Fran Bow - Chapter Two,126,04/12/2021, 13:29:32,641
FBCH20409,Fran Bow - Chapter Two,127,04/12/2021, 14:15:25,641
FBCH20409,Fran Bow - Chapter Two,128,04/12/2021, 15:18:31,641
FBCH20409,Fran Bow - Chapter Two,128,04/12/2021, 16:25:36,641
FBCH20409,Fran Bow - Chapter Two,129,04/12/2021, 17:37:39,641
FBCH20409,Fran Bow - Chapter Two,129,04/12/2021, 18:27:33,641
FBCH20409,Fran Bow - Chapter Two,129,04/12/2021, 19:19:42,641
FBCH20409,Fran Bow - Chapter Two,131,04/12/2021, 20:15:40,641
FBCH20409,Fran Bow - Chapter Two,134,04/12/2021, 21:13:58,641
FBCH20409,Fran Bow - Chapter Two,135,04/12/2021, 22:17:17,641
FBCH20409,Fran Bow - Chapter Two,137,04/12/2021, 23:17:02,641
FBCH20409,Fran Bow - Chapter Two,138,04/13/2021, 00:48:51,641
FBCH20409,Fran Bow - Chapter Two,138,04/13/2021, 02:06:17,641
FBCH20409,Fran Bow - Chapter Two,139,04/13/2021, 03:23:28,641
FBCH20409,Fran Bow - Chapter Two,140,04/13/2021, 04:20:45,641
FBCH20409,Fran Bow - Chapter Two,140,04/13/2021, 05:17:41,641
FBCH20409,Fran Bow - Chapter Two,141,04/13/2021, 06:18:16,641
FBCH20409,Fran Bow - Chapter Two,141,04/13/2021, 07:18:57,641
FBCH20409,Fran Bow - Chapter Two,143,04/13/2021, 08:19:33,641
FBCH20409,Fran Bow - Chapter Two,143,04/13/2021, 09:16:07,641
FBCH20409,Fran Bow - Chapter Two,144,04/13/2021, 10:16:04,641
FBCH20409,Fran Bow - Chapter Two,144,04/13/2021, 11:12:48,641
FBCH20409,Fran Bow - Chapter Two,144,04/13/2021, 12:21:15,641
FBCH20409,Fran Bow - Chapter Two,145,04/13/2021, 13:23:45,641
FBCH20409,Fran Bow - Chapter Two,146,04/13/2021, 14:15:10,641
FBCH20409,Fran Bow - Chapter Two,147,04/13/2021, 15:15:37,641
FBCH20409,Fran Bow - Chapter Two,148,04/13/2021, 16:27:00,641
FBCH20409,Fran Bow - Chapter Two,149,04/13/2021, 17:40:54,641
FBCH20409,Fran Bow - Chapter Two,149,04/13/2021, 18:26:06,641
FBCH20409,Fran Bow - Chapter Two,149,04/13/2021, 19:18:49,641
FBCH20409,Fran Bow - Chapter Two,151,04/13/2021, 20:15:22,641
FBCH20409,Fran Bow - Chapter Two,153,04/13/2021, 21:13:14,641
FBCH20409,Fran Bow - Chapter Two,154,04/13/2021, 22:16:36,641
FBCH20409,Fran Bow - Chapter Two,154,04/13/2021, 23:14:29,641
FBCH20409,Fran Bow - Chapter Two,154,04/14/2021, 00:42:34,641
FBCH20409,Fran Bow - Chapter Two,155,04/14/2021, 02:00:35,641
FBCH20409,Fran Bow - Chapter Two,155,04/14/2021, 02:44:43,641
FBCH20409,Fran Bow - Chapter Two,155,04/14/2021, 03:20:01,641
FBCH20409,Fran Bow - Chapter Two,155,04/14/2021, 04:17:35,641
FBCH20409,Fran Bow - Chapter Two,156,04/14/2021, 05:17:30,641
FBCH20409,Fran Bow - Chapter Two,156,04/14/2021, 06:17:38,641
FBCH20409,Fran Bow - Chapter Two,156,04/14/2021, 07:16:54,641
FBCH20409,Fran Bow - Chapter Two,156,04/14/2021, 08:17:02,641
FBCH20409,Fran Bow - Chapter Two,156,04/14/2021, 09:14:36,641
FBCH20409,Fran Bow - Chapter Two,156,04/14/2021, 10:15:10,641
FBCH20409,Fran Bow - Chapter Two,156,04/14/2021, 11:12:38,641
FBCH20409,Fran Bow - Chapter Two,156,04/14/2021, 12:20:23,641
FBCH20409,Fran Bow - Chapter Two,156,04/14/2021, 13:22:02,641
FBCH20409,Fran Bow - Chapter Two,156,04/14/2021, 14:14:47,641
FBCH20409,Fran Bow - Chapter Two,156,04/14/2021, 15:14:56,641
FBCH20409,Fran Bow - Chapter Two,158,04/14/2021, 16:24:12,641
FBCH20409,Fran Bow - Chapter Two,159,04/14/2021, 17:34:49,641
FBCH20409,Fran Bow - Chapter Two,161,04/14/2021, 18:23:53,641
FBCH20409,Fran Bow - Chapter Two,161,04/14/2021, 19:16:20,641
FBCH20409,Fran Bow - Chapter Two,161,04/14/2021, 20:15:12,641
FBCH20409,Fran Bow - Chapter Two,162,04/14/2021, 21:13:37,641
FBCH20409,Fran Bow - Chapter Two,163,04/14/2021, 22:16:36,641
FBCH20409,Fran Bow - Chapter Two,163,04/14/2021, 23:14:37,641
FBCH20409,Fran Bow - Chapter Two,163,04/15/2021, 00:44:49,641
FBCH20409,Fran Bow - Chapter Two,163,04/15/2021, 02:02:03,641
FBCH20409,Fran Bow - Chapter Two,163,04/15/2021, 03:19:11,641
FBCH20409,Fran Bow - Chapter Two,163,04/15/2021, 04:17:57,641
FBCH20409,Fran Bow - Chapter Two,164,04/15/2021, 05:18:22,641
FBCH20409,Fran Bow - Chapter Two,165,04/15/2021, 06:17:51,641
FBCH20409,Fran Bow - Chapter Two,165,04/15/2021, 07:17:41,641
FBCH20409,Fran Bow - Chapter Two,166,04/15/2021, 08:17:37,641
FBCH20409,Fran Bow - Chapter Two,166,04/15/2021, 09:14:43,641
FBCH20409,Fran Bow - Chapter Two,167,04/15/2021, 10:15:14,641
FBCH20409,Fran Bow - Chapter Two,167,04/15/2021, 11:12:42,641
FBCH20409,Fran Bow - Chapter Two,167,04/15/2021, 12:20:46,641
FBCH20409,Fran Bow - Chapter Two,167,04/15/2021, 13:22:53,641
FBCH20409,Fran Bow - Chapter Two,167,04/15/2021, 14:14:48,641
FBCH20409,Fran Bow - Chapter Two,168,04/15/2021, 15:15:15,641
FBCH20409,Fran Bow - Chapter Two,169,04/15/2021, 16:26:38,641
FBCH20409,Fran Bow - Chapter Two,171,04/15/2021, 17:38:11,641
