FDDR00001,OpenFodder Vita,0,12/07/2020, 11:09:45,597
FDDR00001,OpenFodder Vita,7,12/07/2020, 12:13:16,597
FDDR00001,OpenFodder Vita,8,12/07/2020, 13:09:37,597
FDDR00001,OpenFodder Vita,14,12/07/2020, 14:11:05,597
FDDR00001,OpenFodder Vita,19,12/07/2020, 15:10:28,597
FDDR00001,OpenFodder Vita,26,12/07/2020, 16:14:54,597
FDDR00001,OpenFodder Vita,29,12/07/2020, 17:13:17,597
FDDR00001,OpenFodder Vita,33,12/07/2020, 18:10:24,597
FDDR00001,OpenFodder Vita,36,12/07/2020, 19:09:17,597
FDDR00001,OpenFodder Vita,41,12/07/2020, 20:09:40,597
FDDR00001,OpenFodder Vita,46,12/07/2020, 21:09:04,597
FDDR00001,OpenFodder Vita,53,12/07/2020, 22:11:41,597
FDDR00001,OpenFodder Vita,57,12/07/2020, 23:10:23,597
FDDR00001,OpenFodder Vita,64,12/08/2020, 00:25:54,597
FDDR00001,OpenFodder Vita,67,12/08/2020, 01:32:49,597
FDDR00001,OpenFodder Vita,69,12/08/2020, 02:14:53,597
FDDR00001,OpenFodder Vita,72,12/08/2020, 03:10:55,597
FDDR00001,OpenFodder Vita,76,12/08/2020, 04:12:20,597
FDDR00001,OpenFodder Vita,77,12/08/2020, 05:10:15,597
FDDR00001,OpenFodder Vita,79,12/08/2020, 06:11:56,597
FDDR00001,OpenFodder Vita,81,12/08/2020, 07:10:29,597
FDDR00001,OpenFodder Vita,83,12/08/2020, 08:12:10,597
FDDR00001,OpenFodder Vita,83,12/08/2020, 09:10:35,597
FDDR00001,OpenFodder Vita,85,12/08/2020, 10:11:07,597
FDDR00001,OpenFodder Vita,86,12/08/2020, 11:10:04,597
FDDR00001,OpenFodder Vita,88,12/08/2020, 12:13:30,597
FDDR00001,OpenFodder Vita,90,12/08/2020, 13:09:54,597
FDDR00001,OpenFodder Vita,92,12/08/2020, 14:11:21,597
FDDR00001,OpenFodder Vita,93,12/08/2020, 15:09:49,597
FDDR00001,OpenFodder Vita,96,12/08/2020, 16:15:01,597
FDDR00001,OpenFodder Vita,98,12/08/2020, 17:13:46,597
FDDR00001,OpenFodder Vita,100,12/08/2020, 18:10:25,597
FDDR00001,OpenFodder Vita,101,12/08/2020, 19:08:53,597
FDDR00001,OpenFodder Vita,102,12/08/2020, 20:09:41,597
FDDR00001,OpenFodder Vita,103,12/08/2020, 21:09:08,597
FDDR00001,OpenFodder Vita,106,12/08/2020, 22:11:57,597
FDDR00001,OpenFodder Vita,106,12/08/2020, 23:10:26,597
FDDR00001,OpenFodder Vita,110,12/09/2020, 00:26:22,597
FDDR00001,OpenFodder Vita,110,12/09/2020, 01:33:54,597
FDDR00001,OpenFodder Vita,110,12/09/2020, 02:15:43,597
FDDR00001,OpenFodder Vita,114,12/09/2020, 03:10:39,597
FDDR00001,OpenFodder Vita,115,12/09/2020, 04:12:34,597
FDDR00001,OpenFodder Vita,117,12/09/2020, 05:10:06,597
FDDR00001,OpenFodder Vita,118,12/09/2020, 06:11:55,597
FDDR00001,OpenFodder Vita,121,12/09/2020, 07:10:27,597
FDDR00001,OpenFodder Vita,122,12/09/2020, 08:11:59,597
FDDR00001,OpenFodder Vita,122,12/09/2020, 09:11:20,597
FDDR00001,OpenFodder Vita,124,12/09/2020, 10:11:16,597
FDDR00001,OpenFodder Vita,126,12/09/2020, 11:10:19,597
FDDR00001,OpenFodder Vita,127,12/09/2020, 12:13:28,597
FDDR00001,OpenFodder Vita,128,12/09/2020, 13:10:28,597
FDDR00001,OpenFodder Vita,128,12/09/2020, 14:11:22,597
FDDR00001,OpenFodder Vita,131,12/09/2020, 15:10:20,597
FDDR00001,OpenFodder Vita,132,12/09/2020, 16:14:44,597
FDDR00001,OpenFodder Vita,134,12/09/2020, 17:10:39,597
FDDR00001,OpenFodder Vita,138,12/09/2020, 18:10:28,597
FDDR00001,OpenFodder Vita,138,12/09/2020, 19:08:58,597
FDDR00001,OpenFodder Vita,139,12/09/2020, 20:09:58,597
FDDR00001,OpenFodder Vita,140,12/09/2020, 21:09:08,597
FDDR00001,OpenFodder Vita,143,12/09/2020, 22:11:49,597
FDDR00001,OpenFodder Vita,145,12/09/2020, 23:10:06,597
FDDR00001,OpenFodder Vita,149,12/10/2020, 00:26:33,597
FDDR00001,OpenFodder Vita,150,12/10/2020, 01:36:36,597
FDDR00001,OpenFodder Vita,150,12/10/2020, 02:18:31,597
FDDR00001,OpenFodder Vita,153,12/10/2020, 03:10:35,597
FDDR00001,OpenFodder Vita,154,12/10/2020, 04:12:32,597
FDDR00001,OpenFodder Vita,154,12/10/2020, 05:09:58,597
FDDR00001,OpenFodder Vita,156,12/10/2020, 06:11:58,597
FDDR00001,OpenFodder Vita,158,12/10/2020, 07:10:30,597
FDDR00001,OpenFodder Vita,160,12/10/2020, 08:11:45,597
FDDR00001,OpenFodder Vita,160,12/10/2020, 09:10:43,597
FDDR00001,OpenFodder Vita,161,12/10/2020, 10:11:36,597
FDDR00001,OpenFodder Vita,163,12/10/2020, 11:10:11,597
FDDR00001,OpenFodder Vita,163,12/10/2020, 12:13:39,597
FDDR00001,OpenFodder Vita,164,12/10/2020, 13:09:32,597
FDDR00001,OpenFodder Vita,165,12/10/2020, 14:11:25,597
FDDR00001,OpenFodder Vita,165,12/10/2020, 15:10:24,597
FDDR00001,OpenFodder Vita,168,12/10/2020, 16:14:40,597
FDDR00001,OpenFodder Vita,170,12/10/2020, 17:16:37,597
FDDR00001,OpenFodder Vita,174,12/10/2020, 18:10:23,597
FDDR00001,OpenFodder Vita,176,12/10/2020, 19:08:57,597
FDDR00001,OpenFodder Vita,179,12/10/2020, 20:10:08,597
FDDR00001,OpenFodder Vita,179,12/10/2020, 21:08:59,597
FDDR00001,OpenFodder Vita,181,12/10/2020, 22:12:31,597
FDDR00001,OpenFodder Vita,184,12/10/2020, 23:10:25,597
FDDR00001,OpenFodder Vita,186,12/11/2020, 00:26:50,597
FDDR00001,OpenFodder Vita,187,12/11/2020, 01:37:18,597
FDDR00001,OpenFodder Vita,187,12/11/2020, 02:18:36,597
FDDR00001,OpenFodder Vita,188,12/11/2020, 03:10:45,597
FDDR00001,OpenFodder Vita,188,12/11/2020, 04:12:37,597
FDDR00001,OpenFodder Vita,189,12/11/2020, 05:10:14,597
FDDR00001,OpenFodder Vita,189,12/11/2020, 06:11:41,597
FDDR00001,OpenFodder Vita,190,12/11/2020, 07:10:06,597
FDDR00001,OpenFodder Vita,191,12/11/2020, 08:12:47,597
FDDR00001,OpenFodder Vita,192,12/11/2020, 09:10:29,597
FDDR00001,OpenFodder Vita,192,12/11/2020, 10:11:55,597
FDDR00001,OpenFodder Vita,192,12/11/2020, 11:10:19,597
FDDR00001,OpenFodder Vita,192,12/11/2020, 12:13:40,597
FDDR00001,OpenFodder Vita,192,12/11/2020, 13:09:51,597
FDDR00001,OpenFodder Vita,194,12/11/2020, 14:11:36,597
FDDR00001,OpenFodder Vita,196,12/11/2020, 15:10:22,597
FDDR00001,OpenFodder Vita,197,12/11/2020, 16:14:48,597
FDDR00001,OpenFodder Vita,198,12/11/2020, 17:17:03,597
FDDR00001,OpenFodder Vita,199,12/11/2020, 18:10:23,597
FDDR00001,OpenFodder Vita,200,12/11/2020, 19:08:35,597
FDDR00001,OpenFodder Vita,201,12/11/2020, 20:10:23,597
FDDR00001,OpenFodder Vita,201,12/11/2020, 21:09:12,597
FDDR00001,OpenFodder Vita,206,12/11/2020, 22:11:44,597
FDDR00001,OpenFodder Vita,209,12/11/2020, 23:10:34,597
FDDR00001,OpenFodder Vita,210,12/12/2020, 00:26:46,597
FDDR00001,OpenFodder Vita,210,12/12/2020, 01:37:33,597
FDDR00001,OpenFodder Vita,211,12/12/2020, 02:18:23,597
FDDR00001,OpenFodder Vita,213,12/12/2020, 03:11:04,597
FDDR00001,OpenFodder Vita,213,12/12/2020, 04:12:53,597
FDDR00001,OpenFodder Vita,215,12/12/2020, 05:09:51,597
FDDR00001,OpenFodder Vita,215,12/12/2020, 06:11:54,597
FDDR00001,OpenFodder Vita,215,12/12/2020, 07:10:22,597
FDDR00001,OpenFodder Vita,215,12/12/2020, 08:12:11,597
FDDR00001,OpenFodder Vita,216,12/12/2020, 09:11:22,597
FDDR00001,OpenFodder Vita,216,12/12/2020, 10:11:42,597
FDDR00001,OpenFodder Vita,217,12/12/2020, 11:10:27,597
FDDR00001,OpenFodder Vita,217,12/12/2020, 12:13:19,597
FDDR00001,OpenFodder Vita,219,12/12/2020, 13:09:29,597
FDDR00001,OpenFodder Vita,221,12/12/2020, 14:11:09,597
FDDR00001,OpenFodder Vita,222,12/12/2020, 15:10:01,597
FDDR00001,OpenFodder Vita,222,12/12/2020, 16:15:01,597
FDDR00001,OpenFodder Vita,223,12/12/2020, 17:16:55,597
FDDR00001,OpenFodder Vita,224,12/12/2020, 18:10:34,597
FDDR00001,OpenFodder Vita,224,12/12/2020, 19:08:43,597
FDDR00001,OpenFodder Vita,224,12/12/2020, 20:10:09,597
FDDR00001,OpenFodder Vita,225,12/12/2020, 21:08:40,597
FDDR00001,OpenFodder Vita,227,12/12/2020, 22:11:55,597
FDDR00001,OpenFodder Vita,228,12/12/2020, 23:10:15,597
FDDR00001,OpenFodder Vita,229,12/13/2020, 00:28:14,597
FDDR00001,OpenFodder Vita,231,12/13/2020, 01:41:34,597
FDDR00001,OpenFodder Vita,232,12/13/2020, 02:18:53,597
FDDR00001,OpenFodder Vita,232,12/13/2020, 03:11:24,597
FDDR00001,OpenFodder Vita,232,12/13/2020, 04:12:35,597
FDDR00001,OpenFodder Vita,233,12/13/2020, 05:10:52,597
FDDR00001,OpenFodder Vita,234,12/13/2020, 06:11:54,597
FDDR00001,OpenFodder Vita,234,12/13/2020, 07:10:03,597
FDDR00001,OpenFodder Vita,234,12/13/2020, 08:12:04,597
FDDR00001,OpenFodder Vita,234,12/13/2020, 09:10:35,597
FDDR00001,OpenFodder Vita,234,12/13/2020, 10:11:45,597
FDDR00001,OpenFodder Vita,234,12/13/2020, 11:10:37,597
FDDR00001,OpenFodder Vita,235,12/13/2020, 12:13:22,597
FDDR00001,OpenFodder Vita,235,12/13/2020, 13:09:50,597
FDDR00001,OpenFodder Vita,237,12/13/2020, 14:11:26,597
FDDR00001,OpenFodder Vita,237,12/13/2020, 15:10:05,597
FDDR00001,OpenFodder Vita,238,12/13/2020, 16:15:02,597
FDDR00001,OpenFodder Vita,239,12/13/2020, 17:18:33,597
FDDR00001,OpenFodder Vita,240,12/13/2020, 18:10:15,597
FDDR00001,OpenFodder Vita,242,12/13/2020, 19:08:24,597
FDDR00001,OpenFodder Vita,243,12/13/2020, 20:10:07,597
FDDR00001,OpenFodder Vita,246,12/13/2020, 21:09:18,597
FDDR00001,OpenFodder Vita,247,12/13/2020, 22:11:40,597
FDDR00001,OpenFodder Vita,247,12/13/2020, 23:10:28,597
FDDR00001,OpenFodder Vita,247,12/14/2020, 00:27:29,597
FDDR00001,OpenFodder Vita,247,12/14/2020, 01:41:30,597
FDDR00001,OpenFodder Vita,247,12/14/2020, 02:20:19,597
FDDR00001,OpenFodder Vita,247,12/14/2020, 03:10:56,597
FDDR00001,OpenFodder Vita,249,12/14/2020, 04:12:49,597
FDDR00001,OpenFodder Vita,249,12/14/2020, 05:10:02,597
FDDR00001,OpenFodder Vita,249,12/14/2020, 06:12:18,597
FDDR00001,OpenFodder Vita,249,12/14/2020, 07:10:18,597
FDDR00001,OpenFodder Vita,250,12/14/2020, 08:12:59,597
FDDR00001,OpenFodder Vita,251,12/14/2020, 09:10:55,597
FDDR00001,OpenFodder Vita,251,12/14/2020, 10:12:02,597
FDDR00001,OpenFodder Vita,251,12/14/2020, 11:10:24,597
FDDR00001,OpenFodder Vita,252,12/14/2020, 12:14:07,597
FDDR00001,OpenFodder Vita,252,12/14/2020, 13:11:59,597
FDDR00001,OpenFodder Vita,254,12/14/2020, 14:11:56,597
FDDR00001,OpenFodder Vita,254,12/14/2020, 15:10:53,597
FDDR00001,OpenFodder Vita,255,12/14/2020, 16:12:48,597
FDDR00001,OpenFodder Vita,256,12/14/2020, 17:18:41,597
FDDR00001,OpenFodder Vita,258,12/14/2020, 18:09:18,597
FDDR00001,OpenFodder Vita,260,12/14/2020, 19:08:38,597
FDDR00001,OpenFodder Vita,260,12/14/2020, 20:10:26,597
FDDR00001,OpenFodder Vita,262,12/14/2020, 21:09:19,597
FDDR00001,OpenFodder Vita,264,12/14/2020, 22:12:03,597
FDDR00001,OpenFodder Vita,266,12/14/2020, 23:10:45,597
FDDR00001,OpenFodder Vita,275,12/15/2020, 09:11:04,597
FDDR00001,OpenFodder Vita,276,12/15/2020, 10:11:37,597
FDDR00001,OpenFodder Vita,276,12/15/2020, 11:10:21,597
FDDR00001,OpenFodder Vita,276,12/15/2020, 12:14:06,597
FDDR00001,OpenFodder Vita,277,12/15/2020, 13:11:58,597
FDDR00001,OpenFodder Vita,277,12/15/2020, 14:11:59,597
FDDR00001,OpenFodder Vita,277,12/15/2020, 15:10:52,597
FDDR00001,OpenFodder Vita,277,12/15/2020, 16:15:29,597
FDDR00001,OpenFodder Vita,277,12/15/2020, 17:22:03,597
FDDR00001,OpenFodder Vita,279,12/15/2020, 18:10:36,597
FDDR00001,OpenFodder Vita,279,12/15/2020, 19:08:33,597
FDDR00001,OpenFodder Vita,279,12/15/2020, 20:10:21,597
FDDR00001,OpenFodder Vita,279,12/15/2020, 21:09:27,597
FDDR00001,OpenFodder Vita,280,12/15/2020, 22:11:29,597
FDDR00001,OpenFodder Vita,281,12/15/2020, 23:10:47,597
FDDR00001,OpenFodder Vita,281,12/16/2020, 00:27:00,597
FDDR00001,OpenFodder Vita,282,12/16/2020, 01:42:14,597
FDDR00001,OpenFodder Vita,282,12/16/2020, 02:21:54,597
FDDR00001,OpenFodder Vita,282,12/16/2020, 03:10:42,597
FDDR00001,OpenFodder Vita,282,12/16/2020, 04:12:54,597
FDDR00001,OpenFodder Vita,283,12/16/2020, 05:10:11,597
FDDR00001,OpenFodder Vita,283,12/16/2020, 06:12:24,597
FDDR00001,OpenFodder Vita,283,12/16/2020, 07:10:38,597
FDDR00001,OpenFodder Vita,284,12/16/2020, 08:12:33,597
FDDR00001,OpenFodder Vita,284,12/16/2020, 09:10:49,597
FDDR00001,OpenFodder Vita,284,12/16/2020, 10:11:42,597
FDDR00001,OpenFodder Vita,285,12/16/2020, 11:10:24,597
FDDR00001,OpenFodder Vita,286,12/16/2020, 12:14:10,597
FDDR00001,OpenFodder Vita,287,12/16/2020, 13:12:25,597
FDDR00001,OpenFodder Vita,287,12/16/2020, 14:12:03,597
FDDR00001,OpenFodder Vita,287,12/16/2020, 15:10:56,597
FDDR00001,OpenFodder Vita,288,12/16/2020, 16:15:58,597
FDDR00001,OpenFodder Vita,288,12/16/2020, 17:32:49,597
FDDR00001,OpenFodder Vita,288,12/16/2020, 18:10:16,597
FDDR00001,OpenFodder Vita,288,12/16/2020, 19:09:14,597
FDDR00001,OpenFodder Vita,288,12/16/2020, 20:10:39,597
FDDR00001,OpenFodder Vita,288,12/16/2020, 21:09:58,597
FDDR00001,OpenFodder Vita,290,12/16/2020, 22:12:49,597
FDDR00001,OpenFodder Vita,291,12/16/2020, 23:12:18,597
FDDR00001,OpenFodder Vita,292,12/17/2020, 00:29:18,597
FDDR00001,OpenFodder Vita,293,12/17/2020, 01:44:25,597
FDDR00001,OpenFodder Vita,293,12/17/2020, 02:22:29,597
FDDR00001,OpenFodder Vita,293,12/17/2020, 03:10:46,597
FDDR00001,OpenFodder Vita,295,12/17/2020, 04:12:51,597
FDDR00001,OpenFodder Vita,295,12/17/2020, 05:10:15,597
FDDR00001,OpenFodder Vita,295,12/17/2020, 06:12:34,597
FDDR00001,OpenFodder Vita,295,12/17/2020, 07:11:31,597
FDDR00001,OpenFodder Vita,296,12/17/2020, 08:12:50,597
FDDR00001,OpenFodder Vita,297,12/17/2020, 09:10:52,597
FDDR00001,OpenFodder Vita,297,12/17/2020, 10:11:55,597
FDDR00001,OpenFodder Vita,297,12/17/2020, 11:10:25,597
FDDR00001,OpenFodder Vita,297,12/17/2020, 12:14:57,597
FDDR00001,OpenFodder Vita,297,12/17/2020, 13:14:19,597
FDDR00001,OpenFodder Vita,298,12/17/2020, 14:12:30,597
FDDR00001,OpenFodder Vita,298,12/17/2020, 15:10:57,597
FDDR00001,OpenFodder Vita,298,12/17/2020, 16:18:19,597
FDDR00001,OpenFodder Vita,298,12/17/2020, 17:27:37,597
FDDR00001,OpenFodder Vita,299,12/17/2020, 18:11:59,597
FDDR00001,OpenFodder Vita,300,12/17/2020, 19:09:55,597
FDDR00001,OpenFodder Vita,302,12/17/2020, 20:10:46,597
FDDR00001,OpenFodder Vita,303,12/17/2020, 21:10:03,597
FDDR00001,OpenFodder Vita,303,12/17/2020, 22:12:59,597
FDDR00001,OpenFodder Vita,305,12/17/2020, 23:11:58,597
FDDR00001,OpenFodder Vita,305,12/18/2020, 00:28:37,597
FDDR00001,OpenFodder Vita,306,12/18/2020, 01:46:25,597
FDDR00001,OpenFodder Vita,306,12/18/2020, 02:25:47,597
FDDR00001,OpenFodder Vita,307,12/18/2020, 03:13:41,597
FDDR00001,OpenFodder Vita,308,12/18/2020, 04:14:34,597
FDDR00001,OpenFodder Vita,308,12/18/2020, 05:14:01,597
FDDR00001,OpenFodder Vita,308,12/18/2020, 06:13:19,597
FDDR00001,OpenFodder Vita,308,12/18/2020, 07:14:07,597
FDDR00001,OpenFodder Vita,308,12/18/2020, 08:13:45,597
FDDR00001,OpenFodder Vita,309,12/18/2020, 09:13:22,597
FDDR00001,OpenFodder Vita,310,12/18/2020, 10:14:05,597
FDDR00001,OpenFodder Vita,310,12/18/2020, 11:12:25,597
FDDR00001,OpenFodder Vita,310,12/18/2020, 12:15:14,597
FDDR00001,OpenFodder Vita,310,12/18/2020, 13:18:05,597
FDDR00001,OpenFodder Vita,310,12/18/2020, 14:13:48,597
FDDR00001,OpenFodder Vita,310,12/18/2020, 15:12:31,597
FDDR00001,OpenFodder Vita,310,12/18/2020, 16:20:44,597
FDDR00001,OpenFodder Vita,312,12/18/2020, 17:31:52,597
FDDR00001,OpenFodder Vita,312,12/18/2020, 18:18:19,597
FDDR00001,OpenFodder Vita,312,12/18/2020, 19:15:07,597
FDDR00001,OpenFodder Vita,312,12/18/2020, 20:11:21,597
FDDR00001,OpenFodder Vita,312,12/18/2020, 21:09:52,597
FDDR00001,OpenFodder Vita,312,12/18/2020, 22:12:57,597
FDDR00001,OpenFodder Vita,313,12/18/2020, 23:12:00,597
FDDR00001,OpenFodder Vita,313,12/19/2020, 00:28:39,597
FDDR00001,OpenFodder Vita,313,12/19/2020, 01:45:51,597
FDDR00001,OpenFodder Vita,314,12/19/2020, 02:25:12,597
FDDR00001,OpenFodder Vita,314,12/19/2020, 03:13:15,597
FDDR00001,OpenFodder Vita,315,12/19/2020, 04:14:00,597
FDDR00001,OpenFodder Vita,315,12/19/2020, 05:13:10,597
FDDR00001,OpenFodder Vita,315,12/19/2020, 06:13:08,597
FDDR00001,OpenFodder Vita,316,12/19/2020, 07:13:45,597
FDDR00001,OpenFodder Vita,316,12/19/2020, 08:13:08,597
FDDR00001,OpenFodder Vita,316,12/19/2020, 09:12:18,597
FDDR00001,OpenFodder Vita,316,12/19/2020, 10:13:33,597
FDDR00001,OpenFodder Vita,316,12/19/2020, 11:11:41,597
FDDR00001,OpenFodder Vita,317,12/19/2020, 12:14:47,597
FDDR00001,OpenFodder Vita,318,12/19/2020, 13:16:26,597
FDDR00001,OpenFodder Vita,318,12/19/2020, 14:12:43,597
FDDR00001,OpenFodder Vita,318,12/19/2020, 15:11:03,597
FDDR00001,OpenFodder Vita,319,12/19/2020, 16:20:02,597
FDDR00001,OpenFodder Vita,319,12/19/2020, 17:30:32,597
FDDR00001,OpenFodder Vita,319,12/19/2020, 18:14:52,597
FDDR00001,OpenFodder Vita,321,12/19/2020, 19:10:41,597
FDDR00001,OpenFodder Vita,322,12/19/2020, 20:11:27,597
FDDR00001,OpenFodder Vita,323,12/19/2020, 21:09:26,597
FDDR00001,OpenFodder Vita,323,12/19/2020, 22:12:45,597
FDDR00001,OpenFodder Vita,323,12/19/2020, 23:10:28,597
FDDR00001,OpenFodder Vita,327,12/20/2020, 00:28:52,597
FDDR00001,OpenFodder Vita,328,12/20/2020, 01:47:26,597
FDDR00001,OpenFodder Vita,329,12/20/2020, 02:24:43,597
FDDR00001,OpenFodder Vita,329,12/20/2020, 03:11:43,597
FDDR00001,OpenFodder Vita,329,12/20/2020, 04:12:48,597
FDDR00001,OpenFodder Vita,329,12/20/2020, 05:10:29,597
FDDR00001,OpenFodder Vita,329,12/20/2020, 06:12:46,597
FDDR00001,OpenFodder Vita,329,12/20/2020, 07:11:29,597
FDDR00001,OpenFodder Vita,330,12/20/2020, 08:13:11,597
FDDR00001,OpenFodder Vita,330,12/20/2020, 09:11:13,597
FDDR00001,OpenFodder Vita,330,12/20/2020, 10:12:11,597
FDDR00001,OpenFodder Vita,330,12/20/2020, 11:10:56,597
FDDR00001,OpenFodder Vita,330,12/20/2020, 12:15:03,597
FDDR00001,OpenFodder Vita,332,12/20/2020, 13:15:36,597
FDDR00001,OpenFodder Vita,332,12/20/2020, 14:12:24,597
FDDR00001,OpenFodder Vita,333,12/20/2020, 15:10:46,597
FDDR00001,OpenFodder Vita,334,12/20/2020, 16:19:12,597
FDDR00001,OpenFodder Vita,335,12/20/2020, 17:30:12,597
FDDR00001,OpenFodder Vita,338,12/20/2020, 18:15:13,597
FDDR00001,OpenFodder Vita,339,12/20/2020, 19:12:13,597
FDDR00001,OpenFodder Vita,339,12/20/2020, 20:11:27,597
FDDR00001,OpenFodder Vita,341,12/20/2020, 21:10:08,597
FDDR00001,OpenFodder Vita,342,12/20/2020, 22:13:26,597
FDDR00001,OpenFodder Vita,342,12/20/2020, 23:14:12,597
FDDR00001,OpenFodder Vita,342,12/21/2020, 00:31:01,597
FDDR00001,OpenFodder Vita,342,12/21/2020, 01:51:35,597
FDDR00001,OpenFodder Vita,344,12/21/2020, 02:30:21,597
FDDR00001,OpenFodder Vita,344,12/21/2020, 03:16:49,597
FDDR00001,OpenFodder Vita,344,12/21/2020, 04:16:09,597
FDDR00001,OpenFodder Vita,344,12/21/2020, 05:14:49,597
FDDR00001,OpenFodder Vita,344,12/21/2020, 06:13:21,597
FDDR00001,OpenFodder Vita,344,12/21/2020, 07:15:33,597
FDDR00001,OpenFodder Vita,344,12/21/2020, 08:14:10,597
FDDR00001,OpenFodder Vita,344,12/21/2020, 09:14:51,597
FDDR00001,OpenFodder Vita,344,12/21/2020, 10:14:35,597
FDDR00001,OpenFodder Vita,344,12/21/2020, 11:12:46,597
FDDR00001,OpenFodder Vita,344,12/21/2020, 12:15:28,597
FDDR00001,OpenFodder Vita,344,12/21/2020, 13:19:57,597
FDDR00001,OpenFodder Vita,344,12/21/2020, 14:13:26,597
FDDR00001,OpenFodder Vita,344,12/21/2020, 15:12:17,597
FDDR00001,OpenFodder Vita,345,12/21/2020, 16:20:44,597
FDDR00001,OpenFodder Vita,346,12/21/2020, 17:33:45,597
FDDR00001,OpenFodder Vita,347,12/21/2020, 18:18:52,597
FDDR00001,OpenFodder Vita,347,12/21/2020, 19:15:53,597
FDDR00001,OpenFodder Vita,347,12/21/2020, 20:11:57,597
FDDR00001,OpenFodder Vita,347,12/21/2020, 21:11:18,597
FDDR00001,OpenFodder Vita,347,12/21/2020, 22:15:16,597
FDDR00001,OpenFodder Vita,347,12/21/2020, 23:17:27,597
FDDR00001,OpenFodder Vita,349,12/22/2020, 00:32:20,597
FDDR00001,OpenFodder Vita,349,12/22/2020, 01:54:09,597
FDDR00001,OpenFodder Vita,350,12/22/2020, 02:34:27,597
FDDR00001,OpenFodder Vita,350,12/22/2020, 03:20:05,597
FDDR00001,OpenFodder Vita,350,12/22/2020, 04:19:38,597
FDDR00001,OpenFodder Vita,350,12/22/2020, 05:18:09,597
FDDR00001,OpenFodder Vita,350,12/22/2020, 06:15:27,597
FDDR00001,OpenFodder Vita,350,12/22/2020, 07:20:18,597
FDDR00001,OpenFodder Vita,351,12/22/2020, 08:16:17,597
FDDR00001,OpenFodder Vita,351,12/22/2020, 09:18:39,597
FDDR00001,OpenFodder Vita,351,12/22/2020, 10:18:21,597
FDDR00001,OpenFodder Vita,351,12/22/2020, 11:15:39,597
FDDR00001,OpenFodder Vita,351,12/22/2020, 12:17:59,597
FDDR00001,OpenFodder Vita,352,12/22/2020, 13:25:11,597
FDDR00001,OpenFodder Vita,352,12/22/2020, 14:15:22,597
FDDR00001,OpenFodder Vita,353,12/22/2020, 15:13:56,597
FDDR00001,OpenFodder Vita,353,12/22/2020, 16:25:08,597
FDDR00001,OpenFodder Vita,353,12/22/2020, 17:38:19,597
FDDR00001,OpenFodder Vita,354,12/22/2020, 18:23:14,597
FDDR00001,OpenFodder Vita,354,12/22/2020, 19:19:27,597
FDDR00001,OpenFodder Vita,355,12/22/2020, 20:12:55,597
FDDR00001,OpenFodder Vita,355,12/22/2020, 21:12:09,597
FDDR00001,OpenFodder Vita,356,12/22/2020, 22:16:33,597
FDDR00001,OpenFodder Vita,356,12/22/2020, 23:18:59,597
FDDR00001,OpenFodder Vita,357,12/23/2020, 00:34:09,597
FDDR00001,OpenFodder Vita,358,12/23/2020, 01:57:55,597
FDDR00001,OpenFodder Vita,358,12/23/2020, 02:44:22,597
FDDR00001,OpenFodder Vita,358,12/23/2020, 03:21:24,597
FDDR00001,OpenFodder Vita,358,12/23/2020, 04:21:07,597
FDDR00001,OpenFodder Vita,358,12/23/2020, 05:20:48,597
FDDR00001,OpenFodder Vita,358,12/23/2020, 06:15:31,597
FDDR00001,OpenFodder Vita,358,12/23/2020, 07:22:04,597
FDDR00001,OpenFodder Vita,358,12/23/2020, 08:17:01,597
FDDR00001,OpenFodder Vita,358,12/23/2020, 09:19:36,597
FDDR00001,OpenFodder Vita,358,12/23/2020, 10:19:30,597
FDDR00001,OpenFodder Vita,358,12/23/2020, 11:16:06,597
FDDR00001,OpenFodder Vita,361,12/23/2020, 12:17:46,597
FDDR00001,OpenFodder Vita,361,12/23/2020, 13:25:29,597
FDDR00001,OpenFodder Vita,361,12/23/2020, 14:15:18,597
FDDR00001,OpenFodder Vita,362,12/23/2020, 15:14:17,597
FDDR00001,OpenFodder Vita,362,12/23/2020, 16:26:38,597
FDDR00001,OpenFodder Vita,363,12/23/2020, 17:41:39,597
FDDR00001,OpenFodder Vita,364,12/23/2020, 18:28:29,597
FDDR00001,OpenFodder Vita,364,12/23/2020, 19:23:40,597
FDDR00001,OpenFodder Vita,364,12/23/2020, 20:13:49,597
FDDR00001,OpenFodder Vita,364,12/23/2020, 21:12:42,597
FDDR00001,OpenFodder Vita,364,12/23/2020, 22:17:16,597
FDDR00001,OpenFodder Vita,364,12/23/2020, 23:20:11,597
FDDR00001,OpenFodder Vita,364,12/24/2020, 00:37:06,597
FDDR00001,OpenFodder Vita,365,12/24/2020, 02:02:31,597
FDDR00001,OpenFodder Vita,365,12/24/2020, 03:23:39,597
FDDR00001,OpenFodder Vita,365,12/24/2020, 04:23:16,597
FDDR00001,OpenFodder Vita,365,12/24/2020, 05:22:21,597
FDDR00001,OpenFodder Vita,366,12/24/2020, 06:16:50,597
FDDR00001,OpenFodder Vita,366,12/24/2020, 07:22:35,597
FDDR00001,OpenFodder Vita,366,12/24/2020, 08:17:25,597
FDDR00001,OpenFodder Vita,366,12/24/2020, 09:20:00,597
FDDR00001,OpenFodder Vita,366,12/24/2020, 10:19:55,597
FDDR00001,OpenFodder Vita,367,12/24/2020, 11:16:36,597
FDDR00001,OpenFodder Vita,368,12/24/2020, 12:17:45,597
FDDR00001,OpenFodder Vita,369,12/24/2020, 13:25:48,597
FDDR00001,OpenFodder Vita,371,12/24/2020, 14:15:23,597
FDDR00001,OpenFodder Vita,371,12/24/2020, 15:14:12,597
FDDR00001,OpenFodder Vita,371,12/24/2020, 16:27:12,597
FDDR00001,OpenFodder Vita,371,12/24/2020, 17:43:06,597
FDDR00001,OpenFodder Vita,371,12/24/2020, 18:29:39,597
FDDR00001,OpenFodder Vita,371,12/24/2020, 19:25:12,597
FDDR00001,OpenFodder Vita,371,12/24/2020, 20:14:01,597
FDDR00001,OpenFodder Vita,372,12/24/2020, 21:12:33,597
FDDR00001,OpenFodder Vita,372,12/24/2020, 22:15:54,597
FDDR00001,OpenFodder Vita,373,12/24/2020, 23:18:43,597
FDDR00001,OpenFodder Vita,373,12/25/2020, 00:34:27,597
FDDR00001,OpenFodder Vita,373,12/25/2020, 01:58:59,597
FDDR00001,OpenFodder Vita,373,12/25/2020, 02:44:31,597
FDDR00001,OpenFodder Vita,373,12/25/2020, 03:19:49,597
FDDR00001,OpenFodder Vita,373,12/25/2020, 04:18:34,597
FDDR00001,OpenFodder Vita,373,12/25/2020, 05:18:00,597
FDDR00001,OpenFodder Vita,374,12/25/2020, 06:13:32,597
FDDR00001,OpenFodder Vita,375,12/25/2020, 07:17:59,597
FDDR00001,OpenFodder Vita,375,12/25/2020, 08:14:37,597
FDDR00001,OpenFodder Vita,375,12/25/2020, 09:16:49,597
FDDR00001,OpenFodder Vita,376,12/25/2020, 10:16:32,597
FDDR00001,OpenFodder Vita,376,12/25/2020, 11:13:19,597
FDDR00001,OpenFodder Vita,376,12/25/2020, 12:15:36,597
FDDR00001,OpenFodder Vita,376,12/25/2020, 13:21:47,597
FDDR00001,OpenFodder Vita,376,12/25/2020, 14:12:35,597
FDDR00001,OpenFodder Vita,377,12/25/2020, 15:11:44,597
FDDR00001,OpenFodder Vita,377,12/25/2020, 16:22:31,597
FDDR00001,OpenFodder Vita,379,12/25/2020, 17:39:07,597
FDDR00001,OpenFodder Vita,379,12/25/2020, 18:24:15,597
FDDR00001,OpenFodder Vita,379,12/25/2020, 19:20:20,597
FDDR00001,OpenFodder Vita,380,12/25/2020, 20:11:13,597
FDDR00001,OpenFodder Vita,381,12/25/2020, 21:10:19,597
FDDR00001,OpenFodder Vita,381,12/25/2020, 22:14:44,597
FDDR00001,OpenFodder Vita,383,12/25/2020, 23:17:53,597
FDDR00001,OpenFodder Vita,383,12/26/2020, 00:33:18,597
FDDR00001,OpenFodder Vita,383,12/26/2020, 01:57:56,597
FDDR00001,OpenFodder Vita,383,12/26/2020, 02:43:07,597
FDDR00001,OpenFodder Vita,383,12/26/2020, 03:19:41,597
FDDR00001,OpenFodder Vita,383,12/26/2020, 04:18:43,597
FDDR00001,OpenFodder Vita,383,12/26/2020, 05:18:12,597
FDDR00001,OpenFodder Vita,383,12/26/2020, 06:13:24,597
FDDR00001,OpenFodder Vita,383,12/26/2020, 07:18:13,597
FDDR00001,OpenFodder Vita,383,12/26/2020, 08:14:08,597
FDDR00001,OpenFodder Vita,384,12/26/2020, 09:16:32,597
FDDR00001,OpenFodder Vita,384,12/26/2020, 10:16:23,597
FDDR00001,OpenFodder Vita,384,12/26/2020, 11:13:23,597
FDDR00001,OpenFodder Vita,384,12/26/2020, 12:15:31,597
FDDR00001,OpenFodder Vita,384,12/26/2020, 13:21:26,597
FDDR00001,OpenFodder Vita,384,12/26/2020, 14:12:20,597
FDDR00001,OpenFodder Vita,384,12/26/2020, 15:11:01,597
FDDR00001,OpenFodder Vita,384,12/26/2020, 16:21:50,597
FDDR00001,OpenFodder Vita,385,12/26/2020, 17:39:25,597
FDDR00001,OpenFodder Vita,387,12/26/2020, 18:24:32,597
FDDR00001,OpenFodder Vita,387,12/26/2020, 19:20:18,597
FDDR00001,OpenFodder Vita,387,12/26/2020, 20:10:55,597
FDDR00001,OpenFodder Vita,387,12/26/2020, 21:10:15,597
FDDR00001,OpenFodder Vita,388,12/26/2020, 22:14:47,597
FDDR00001,OpenFodder Vita,389,12/26/2020, 23:18:08,597
FDDR00001,OpenFodder Vita,390,12/27/2020, 00:35:18,597
FDDR00001,OpenFodder Vita,390,12/27/2020, 02:03:18,597
FDDR00001,OpenFodder Vita,390,12/27/2020, 03:20:31,597
FDDR00001,OpenFodder Vita,390,12/27/2020, 04:19:46,597
FDDR00001,OpenFodder Vita,391,12/27/2020, 05:19:01,597
FDDR00001,OpenFodder Vita,391,12/27/2020, 06:13:16,597
FDDR00001,OpenFodder Vita,392,12/27/2020, 07:18:38,597
FDDR00001,OpenFodder Vita,392,12/27/2020, 08:14:32,597
FDDR00001,OpenFodder Vita,393,12/27/2020, 09:16:56,597
FDDR00001,OpenFodder Vita,393,12/27/2020, 10:16:55,597
FDDR00001,OpenFodder Vita,393,12/27/2020, 11:13:46,597
FDDR00001,OpenFodder Vita,394,12/27/2020, 12:15:28,597
FDDR00001,OpenFodder Vita,394,12/27/2020, 13:21:45,597
FDDR00001,OpenFodder Vita,394,12/27/2020, 14:12:25,597
FDDR00001,OpenFodder Vita,395,12/27/2020, 15:11:19,597
FDDR00001,OpenFodder Vita,397,12/27/2020, 16:22:09,597
FDDR00001,OpenFodder Vita,400,12/27/2020, 17:40:20,597
FDDR00001,OpenFodder Vita,400,12/27/2020, 18:25:59,597
FDDR00001,OpenFodder Vita,401,12/27/2020, 19:21:02,597
FDDR00001,OpenFodder Vita,401,12/27/2020, 20:11:19,597
FDDR00001,OpenFodder Vita,402,12/27/2020, 21:10:23,597
FDDR00001,OpenFodder Vita,402,12/27/2020, 22:15:07,597
FDDR00001,OpenFodder Vita,402,12/27/2020, 23:18:41,597
FDDR00001,OpenFodder Vita,403,12/28/2020, 00:35:32,597
FDDR00001,OpenFodder Vita,403,12/28/2020, 02:03:13,597
FDDR00001,OpenFodder Vita,403,12/28/2020, 03:21:21,597
FDDR00001,OpenFodder Vita,404,12/28/2020, 04:21:01,597
FDDR00001,OpenFodder Vita,404,12/28/2020, 05:20:19,597
FDDR00001,OpenFodder Vita,404,12/28/2020, 06:14:30,597
FDDR00001,OpenFodder Vita,404,12/28/2020, 07:20:16,597
FDDR00001,OpenFodder Vita,405,12/28/2020, 08:15:36,597
FDDR00001,OpenFodder Vita,405,12/28/2020, 09:18:04,597
FDDR00001,OpenFodder Vita,405,12/28/2020, 10:18:21,597
FDDR00001,OpenFodder Vita,405,12/28/2020, 11:14:50,597
FDDR00001,OpenFodder Vita,407,12/28/2020, 12:15:57,597
FDDR00001,OpenFodder Vita,407,12/28/2020, 13:23:55,597
FDDR00001,OpenFodder Vita,407,12/28/2020, 14:13:42,597
FDDR00001,OpenFodder Vita,407,12/28/2020, 15:12:09,597
FDDR00001,OpenFodder Vita,409,12/28/2020, 16:24:29,597
FDDR00001,OpenFodder Vita,409,12/28/2020, 17:43:13,597
FDDR00001,OpenFodder Vita,409,12/28/2020, 18:30:06,597
FDDR00001,OpenFodder Vita,409,12/28/2020, 19:24:38,597
FDDR00001,OpenFodder Vita,409,12/28/2020, 20:13:31,597
FDDR00001,OpenFodder Vita,409,12/28/2020, 21:11:22,597
FDDR00001,OpenFodder Vita,411,12/28/2020, 22:15:57,597
FDDR00001,OpenFodder Vita,413,12/28/2020, 23:20:30,597
FDDR00001,OpenFodder Vita,413,12/29/2020, 00:36:28,597
FDDR00001,OpenFodder Vita,413,12/29/2020, 02:04:46,597
FDDR00001,OpenFodder Vita,413,12/29/2020, 03:23:22,597
FDDR00001,OpenFodder Vita,413,12/29/2020, 04:23:51,597
FDDR00001,OpenFodder Vita,413,12/29/2020, 05:22:47,597
FDDR00001,OpenFodder Vita,413,12/29/2020, 06:16:05,597
FDDR00001,OpenFodder Vita,413,12/29/2020, 07:21:48,597
FDDR00001,OpenFodder Vita,413,12/29/2020, 08:16:54,597
FDDR00001,OpenFodder Vita,414,12/29/2020, 09:20:35,597
FDDR00001,OpenFodder Vita,414,12/29/2020, 10:20:36,597
FDDR00001,OpenFodder Vita,414,12/29/2020, 11:17:22,597
FDDR00001,OpenFodder Vita,414,12/29/2020, 12:17:03,597
FDDR00001,OpenFodder Vita,414,12/29/2020, 13:26:32,597
FDDR00001,OpenFodder Vita,414,12/29/2020, 14:14:54,597
FDDR00001,OpenFodder Vita,415,12/29/2020, 15:13:06,597
FDDR00001,OpenFodder Vita,416,12/29/2020, 16:27:52,597
FDDR00001,OpenFodder Vita,416,12/29/2020, 17:47:47,597
FDDR00001,OpenFodder Vita,416,12/29/2020, 18:35:25,597
FDDR00001,OpenFodder Vita,416,12/29/2020, 19:30:25,597
FDDR00001,OpenFodder Vita,416,12/29/2020, 20:16:36,597
FDDR00001,OpenFodder Vita,416,12/29/2020, 21:12:47,597
FDDR00001,OpenFodder Vita,417,12/29/2020, 22:17:57,597
FDDR00001,OpenFodder Vita,417,12/29/2020, 23:22:50,597
FDDR00001,OpenFodder Vita,417,12/30/2020, 00:37:47,597
FDDR00001,OpenFodder Vita,417,12/30/2020, 02:06:43,597
FDDR00001,OpenFodder Vita,417,12/30/2020, 03:23:20,597
FDDR00001,OpenFodder Vita,417,12/30/2020, 04:23:23,597
FDDR00001,OpenFodder Vita,417,12/30/2020, 05:22:53,597
FDDR00001,OpenFodder Vita,417,12/30/2020, 06:16:08,597
FDDR00001,OpenFodder Vita,417,12/30/2020, 07:22:14,597
FDDR00001,OpenFodder Vita,417,12/30/2020, 08:17:02,597
FDDR00001,OpenFodder Vita,417,12/30/2020, 09:20:27,597
FDDR00001,OpenFodder Vita,417,12/30/2020, 10:20:34,597
FDDR00001,OpenFodder Vita,417,12/30/2020, 11:17:25,597
FDDR00001,OpenFodder Vita,418,12/30/2020, 12:16:30,597
FDDR00001,OpenFodder Vita,418,12/30/2020, 13:26:00,597
FDDR00001,OpenFodder Vita,418,12/30/2020, 14:14:26,597
FDDR00001,OpenFodder Vita,419,12/30/2020, 15:12:46,597
FDDR00001,OpenFodder Vita,420,12/30/2020, 16:26:52,597
FDDR00001,OpenFodder Vita,420,12/30/2020, 17:47:57,597
FDDR00001,OpenFodder Vita,420,12/30/2020, 18:35:16,597
FDDR00001,OpenFodder Vita,420,12/30/2020, 19:30:47,597
FDDR00001,OpenFodder Vita,422,12/30/2020, 20:16:59,597
FDDR00001,OpenFodder Vita,422,12/30/2020, 21:13:45,597
FDDR00001,OpenFodder Vita,422,12/30/2020, 22:17:18,597
FDDR00001,OpenFodder Vita,422,12/30/2020, 23:21:41,597
FDDR00001,OpenFodder Vita,422,12/31/2020, 00:39:52,597
FDDR00001,OpenFodder Vita,422,12/31/2020, 02:10:05,597
FDDR00001,OpenFodder Vita,424,12/31/2020, 03:25:23,597
FDDR00001,OpenFodder Vita,424,12/31/2020, 04:26:05,597
FDDR00001,OpenFodder Vita,424,12/31/2020, 05:25:42,597
FDDR00001,OpenFodder Vita,424,12/31/2020, 06:19:21,597
FDDR00001,OpenFodder Vita,424,12/31/2020, 07:24:32,597
FDDR00001,OpenFodder Vita,424,12/31/2020, 08:20:56,597
FDDR00001,OpenFodder Vita,424,12/31/2020, 09:23:12,597
FDDR00001,OpenFodder Vita,425,12/31/2020, 10:24:45,597
FDDR00001,OpenFodder Vita,425,12/31/2020, 11:21:44,597
FDDR00001,OpenFodder Vita,425,12/31/2020, 12:19:24,597
FDDR00001,OpenFodder Vita,425,12/31/2020, 13:29:55,597
FDDR00001,OpenFodder Vita,425,12/31/2020, 14:18:49,597
FDDR00001,OpenFodder Vita,426,12/31/2020, 15:15:13,597
FDDR00001,OpenFodder Vita,426,12/31/2020, 16:30:21,597
FDDR00001,OpenFodder Vita,426,12/31/2020, 17:52:37,597
FDDR00001,OpenFodder Vita,427,12/31/2020, 18:38:08,597
FDDR00001,OpenFodder Vita,427,12/31/2020, 19:30:05,597
FDDR00001,OpenFodder Vita,427,12/31/2020, 20:15:45,597
FDDR00001,OpenFodder Vita,427,12/31/2020, 21:11:33,597
FDDR00001,OpenFodder Vita,428,12/31/2020, 22:16:11,597
FDDR00001,OpenFodder Vita,428,12/31/2020, 23:21:54,597
FDDR00001,OpenFodder Vita,428,01/01/2021, 00:39:37,597
FDDR00001,OpenFodder Vita,428,01/01/2021, 02:12:31,597
FDDR00001,OpenFodder Vita,428,01/01/2021, 03:24:48,597
FDDR00001,OpenFodder Vita,428,01/01/2021, 04:24:24,597
FDDR00001,OpenFodder Vita,428,01/01/2021, 05:23:31,597
FDDR00001,OpenFodder Vita,428,01/01/2021, 06:16:56,597
FDDR00001,OpenFodder Vita,428,01/01/2021, 07:22:35,597
FDDR00001,OpenFodder Vita,428,01/01/2021, 08:18:27,597
FDDR00001,OpenFodder Vita,428,01/01/2021, 09:22:03,597
FDDR00001,OpenFodder Vita,428,01/01/2021, 10:22:39,597
FDDR00001,OpenFodder Vita,428,01/01/2021, 11:19:53,597
FDDR00001,OpenFodder Vita,428,01/01/2021, 12:17:27,597
FDDR00001,OpenFodder Vita,429,01/01/2021, 13:27:12,597
FDDR00001,OpenFodder Vita,430,01/01/2021, 14:15:24,597
FDDR00001,OpenFodder Vita,430,01/01/2021, 15:13:24,597
FDDR00001,OpenFodder Vita,430,01/01/2021, 16:27:24,597
FDDR00001,OpenFodder Vita,430,01/01/2021, 17:47:30,597
FDDR00001,OpenFodder Vita,430,01/01/2021, 18:33:22,597
FDDR00001,OpenFodder Vita,431,01/01/2021, 19:29:02,597
FDDR00001,OpenFodder Vita,433,01/01/2021, 20:15:34,597
FDDR00001,OpenFodder Vita,434,01/01/2021, 21:11:55,597
FDDR00001,OpenFodder Vita,434,01/01/2021, 22:16:59,597
FDDR00001,OpenFodder Vita,434,01/01/2021, 23:22:19,597
FDDR00001,OpenFodder Vita,435,01/02/2021, 00:38:17,597
FDDR00001,OpenFodder Vita,436,01/02/2021, 02:09:08,597
FDDR00001,OpenFodder Vita,436,01/02/2021, 03:24:12,597
FDDR00001,OpenFodder Vita,436,01/02/2021, 04:25:20,597
FDDR00001,OpenFodder Vita,438,01/02/2021, 05:24:14,597
FDDR00001,OpenFodder Vita,438,01/02/2021, 06:17:21,597
FDDR00001,OpenFodder Vita,438,01/02/2021, 07:22:44,597
FDDR00001,OpenFodder Vita,438,01/02/2021, 08:17:38,597
FDDR00001,OpenFodder Vita,440,01/02/2021, 09:20:51,597
FDDR00001,OpenFodder Vita,441,01/02/2021, 10:21:31,597
FDDR00001,OpenFodder Vita,441,01/02/2021, 11:18:25,597
FDDR00001,OpenFodder Vita,442,01/02/2021, 12:16:12,597
FDDR00001,OpenFodder Vita,443,01/02/2021, 13:25:18,597
FDDR00001,OpenFodder Vita,443,01/02/2021, 14:13:42,597
FDDR00001,OpenFodder Vita,444,01/02/2021, 15:12:08,597
FDDR00001,OpenFodder Vita,445,01/02/2021, 16:26:09,597
FDDR00001,OpenFodder Vita,445,01/02/2021, 17:46:47,597
FDDR00001,OpenFodder Vita,445,01/02/2021, 18:32:05,597
FDDR00001,OpenFodder Vita,445,01/02/2021, 19:27:36,597
FDDR00001,OpenFodder Vita,445,01/02/2021, 20:14:56,597
FDDR00001,OpenFodder Vita,445,01/02/2021, 21:11:27,597
FDDR00001,OpenFodder Vita,445,01/02/2021, 22:16:45,597
FDDR00001,OpenFodder Vita,448,01/02/2021, 23:22:35,597
FDDR00001,OpenFodder Vita,449,01/03/2021, 00:40:21,597
FDDR00001,OpenFodder Vita,451,01/03/2021, 02:14:27,597
FDDR00001,OpenFodder Vita,451,01/03/2021, 03:26:40,597
FDDR00001,OpenFodder Vita,451,01/03/2021, 04:25:26,597
FDDR00001,OpenFodder Vita,451,01/03/2021, 05:24:36,597
FDDR00001,OpenFodder Vita,451,01/03/2021, 06:17:17,597
FDDR00001,OpenFodder Vita,451,01/03/2021, 07:23:36,597
FDDR00001,OpenFodder Vita,451,01/03/2021, 08:18:56,597
FDDR00001,OpenFodder Vita,451,01/03/2021, 09:22:33,597
FDDR00001,OpenFodder Vita,451,01/03/2021, 10:22:49,597
FDDR00001,OpenFodder Vita,451,01/03/2021, 11:20:03,597
FDDR00001,OpenFodder Vita,451,01/03/2021, 12:16:50,597
FDDR00001,OpenFodder Vita,453,01/03/2021, 13:26:42,597
FDDR00001,OpenFodder Vita,453,01/03/2021, 14:14:37,597
FDDR00001,OpenFodder Vita,453,01/03/2021, 15:12:34,597
FDDR00001,OpenFodder Vita,453,01/03/2021, 16:27:27,597
FDDR00001,OpenFodder Vita,453,01/03/2021, 17:49:09,597
FDDR00001,OpenFodder Vita,453,01/03/2021, 18:32:46,597
FDDR00001,OpenFodder Vita,453,01/03/2021, 19:28:50,597
FDDR00001,OpenFodder Vita,454,01/03/2021, 20:16:20,597
FDDR00001,OpenFodder Vita,454,01/03/2021, 21:12:28,597
FDDR00001,OpenFodder Vita,454,01/03/2021, 22:17:37,597
FDDR00001,OpenFodder Vita,454,01/03/2021, 23:23:21,597
FDDR00001,OpenFodder Vita,454,01/04/2021, 00:41:25,597
FDDR00001,OpenFodder Vita,454,01/04/2021, 02:15:54,597
FDDR00001,OpenFodder Vita,455,01/04/2021, 03:28:14,597
FDDR00001,OpenFodder Vita,455,01/04/2021, 04:27:16,597
FDDR00001,OpenFodder Vita,456,01/04/2021, 05:25:39,597
FDDR00001,OpenFodder Vita,456,01/04/2021, 06:19:12,597
FDDR00001,OpenFodder Vita,456,01/04/2021, 07:24:47,597
FDDR00001,OpenFodder Vita,456,01/04/2021, 08:21:39,597
FDDR00001,OpenFodder Vita,458,01/04/2021, 09:24:19,597
FDDR00001,OpenFodder Vita,458,01/04/2021, 10:25:23,597
FDDR00001,OpenFodder Vita,458,01/04/2021, 11:22:08,597
FDDR00001,OpenFodder Vita,459,01/04/2021, 12:18:14,597
FDDR00001,OpenFodder Vita,459,01/04/2021, 13:29:07,597
FDDR00001,OpenFodder Vita,459,01/04/2021, 14:17:52,597
FDDR00001,OpenFodder Vita,459,01/04/2021, 15:13:56,597
FDDR00001,OpenFodder Vita,459,01/04/2021, 16:29:23,597
FDDR00001,OpenFodder Vita,459,01/04/2021, 17:52:46,597
FDDR00001,OpenFodder Vita,459,01/04/2021, 18:34:58,597
FDDR00001,OpenFodder Vita,459,01/04/2021, 19:28:19,597
FDDR00001,OpenFodder Vita,459,01/04/2021, 20:17:25,597
FDDR00001,OpenFodder Vita,459,01/04/2021, 21:13:17,597
FDDR00001,OpenFodder Vita,459,01/04/2021, 22:17:55,597
FDDR00001,OpenFodder Vita,459,01/04/2021, 23:24:29,597
FDDR00001,OpenFodder Vita,460,01/05/2021, 00:41:27,597
FDDR00001,OpenFodder Vita,461,01/05/2021, 02:16:29,597
FDDR00001,OpenFodder Vita,461,01/05/2021, 03:28:23,597
FDDR00001,OpenFodder Vita,462,01/05/2021, 04:27:58,597
FDDR00001,OpenFodder Vita,462,01/05/2021, 05:26:09,597
FDDR00001,OpenFodder Vita,462,01/05/2021, 06:19:18,597
FDDR00001,OpenFodder Vita,462,01/05/2021, 07:25:23,597
FDDR00001,OpenFodder Vita,462,01/05/2021, 08:22:22,597
FDDR00001,OpenFodder Vita,462,01/05/2021, 09:25:24,597
FDDR00001,OpenFodder Vita,462,01/05/2021, 10:25:41,597
FDDR00001,OpenFodder Vita,462,01/05/2021, 11:22:31,597
FDDR00001,OpenFodder Vita,462,01/05/2021, 12:18:15,597
FDDR00001,OpenFodder Vita,462,01/05/2021, 13:29:29,597
FDDR00001,OpenFodder Vita,462,01/05/2021, 14:18:09,597
FDDR00001,OpenFodder Vita,464,01/05/2021, 15:14:10,597
FDDR00001,OpenFodder Vita,464,01/05/2021, 16:30:21,597
FDDR00001,OpenFodder Vita,465,01/05/2021, 17:58:14,597
FDDR00001,OpenFodder Vita,465,01/05/2021, 18:43:42,597
FDDR00001,OpenFodder Vita,465,01/05/2021, 19:28:56,597
FDDR00001,OpenFodder Vita,466,01/05/2021, 20:18:07,597
FDDR00001,OpenFodder Vita,467,01/05/2021, 21:13:21,597
FDDR00001,OpenFodder Vita,468,01/05/2021, 22:18:25,597
FDDR00001,OpenFodder Vita,468,01/05/2021, 23:25:26,597
FDDR00001,OpenFodder Vita,469,01/06/2021, 00:41:28,597
FDDR00001,OpenFodder Vita,470,01/06/2021, 02:17:22,597
FDDR00001,OpenFodder Vita,470,01/06/2021, 03:29:51,597
FDDR00001,OpenFodder Vita,470,01/06/2021, 04:28:45,597
FDDR00001,OpenFodder Vita,470,01/06/2021, 05:27:48,597
FDDR00001,OpenFodder Vita,470,01/06/2021, 06:19:46,597
FDDR00001,OpenFodder Vita,470,01/06/2021, 07:26:42,597
FDDR00001,OpenFodder Vita,470,01/06/2021, 08:21:56,597
FDDR00001,OpenFodder Vita,470,01/06/2021, 09:25:53,597
FDDR00001,OpenFodder Vita,471,01/06/2021, 10:26:37,597
FDDR00001,OpenFodder Vita,471,01/06/2021, 11:22:55,597
FDDR00001,OpenFodder Vita,472,01/06/2021, 12:18:36,597
FDDR00001,OpenFodder Vita,472,01/06/2021, 13:29:49,597
FDDR00001,OpenFodder Vita,472,01/06/2021, 14:18:43,597
FDDR00001,OpenFodder Vita,473,01/06/2021, 15:14:26,597
FDDR00001,OpenFodder Vita,473,01/06/2021, 16:31:02,597
FDDR00001,OpenFodder Vita,473,01/06/2021, 17:56:42,597
FDDR00001,OpenFodder Vita,473,01/06/2021, 18:40:01,597
FDDR00001,OpenFodder Vita,474,01/06/2021, 19:29:01,597
FDDR00001,OpenFodder Vita,474,01/06/2021, 20:18:24,597
FDDR00001,OpenFodder Vita,474,01/06/2021, 21:13:30,597
FDDR00001,OpenFodder Vita,474,01/06/2021, 22:19:05,597
FDDR00001,OpenFodder Vita,475,01/06/2021, 23:26:34,597
FDDR00001,OpenFodder Vita,475,01/07/2021, 00:44:55,597
FDDR00001,OpenFodder Vita,475,01/07/2021, 02:21:38,597
FDDR00001,OpenFodder Vita,475,01/07/2021, 03:34:04,597
FDDR00001,OpenFodder Vita,475,01/07/2021, 04:31:25,597
FDDR00001,OpenFodder Vita,475,01/07/2021, 05:30:06,597
FDDR00001,OpenFodder Vita,475,01/07/2021, 06:21:16,597
FDDR00001,OpenFodder Vita,475,01/07/2021, 07:27:55,597
FDDR00001,OpenFodder Vita,475,01/07/2021, 08:22:34,597
FDDR00001,OpenFodder Vita,477,01/07/2021, 09:26:51,597
FDDR00001,OpenFodder Vita,477,01/07/2021, 10:27:17,597
FDDR00001,OpenFodder Vita,477,01/07/2021, 11:23:49,597
FDDR00001,OpenFodder Vita,478,01/07/2021, 12:18:56,597
FDDR00001,OpenFodder Vita,478,01/07/2021, 13:30:30,597
FDDR00001,OpenFodder Vita,478,01/07/2021, 14:19:25,597
FDDR00001,OpenFodder Vita,478,01/07/2021, 15:14:17,597
FDDR00001,OpenFodder Vita,479,01/07/2021, 16:31:37,597
FDDR00001,OpenFodder Vita,479,01/07/2021, 17:57:44,597
FDDR00001,OpenFodder Vita,480,01/07/2021, 18:44:09,597
FDDR00001,OpenFodder Vita,481,01/07/2021, 19:25:33,597
FDDR00001,OpenFodder Vita,482,01/07/2021, 20:16:41,597
FDDR00001,OpenFodder Vita,482,01/07/2021, 21:13:30,597
FDDR00001,OpenFodder Vita,484,01/07/2021, 22:19:04,597
FDDR00001,OpenFodder Vita,484,01/07/2021, 23:26:38,597
FDDR00001,OpenFodder Vita,484,01/08/2021, 00:44:21,597
FDDR00001,OpenFodder Vita,485,01/08/2021, 02:22:09,597
FDDR00001,OpenFodder Vita,485,01/08/2021, 03:35:37,597
FDDR00001,OpenFodder Vita,485,01/08/2021, 04:32:21,597
FDDR00001,OpenFodder Vita,485,01/08/2021, 05:31:41,597
FDDR00001,OpenFodder Vita,485,01/08/2021, 06:22:43,597
FDDR00001,OpenFodder Vita,485,01/08/2021, 07:28:21,597
FDDR00001,OpenFodder Vita,485,01/08/2021, 08:23:45,597
FDDR00001,OpenFodder Vita,485,01/08/2021, 09:27:35,597
FDDR00001,OpenFodder Vita,485,01/08/2021, 10:28:36,597
FDDR00001,OpenFodder Vita,485,01/08/2021, 11:25:00,597
FDDR00001,OpenFodder Vita,485,01/08/2021, 12:21:18,597
FDDR00001,OpenFodder Vita,485,01/08/2021, 13:32:41,597
FDDR00001,OpenFodder Vita,486,01/08/2021, 14:19:50,597
FDDR00001,OpenFodder Vita,487,01/08/2021, 15:15:39,597
FDDR00001,OpenFodder Vita,487,01/08/2021, 16:33:43,597
FDDR00001,OpenFodder Vita,488,01/08/2021, 17:59:21,597
FDDR00001,OpenFodder Vita,489,01/08/2021, 18:44:02,597
FDDR00001,OpenFodder Vita,489,01/08/2021, 19:27:03,597
FDDR00001,OpenFodder Vita,489,01/08/2021, 20:17:48,597
FDDR00001,OpenFodder Vita,489,01/08/2021, 21:15:13,597
FDDR00001,OpenFodder Vita,489,01/08/2021, 22:21:14,597
FDDR00001,OpenFodder Vita,489,01/08/2021, 23:28:06,597
FDDR00001,OpenFodder Vita,489,01/09/2021, 00:44:20,597
FDDR00001,OpenFodder Vita,489,01/09/2021, 02:22:55,597
FDDR00001,OpenFodder Vita,489,01/09/2021, 03:36:25,597
FDDR00001,OpenFodder Vita,489,01/09/2021, 04:34:02,597
FDDR00001,OpenFodder Vita,490,01/09/2021, 05:33:16,597
FDDR00001,OpenFodder Vita,490,01/09/2021, 06:25:28,597
FDDR00001,OpenFodder Vita,490,01/09/2021, 07:28:45,597
FDDR00001,OpenFodder Vita,490,01/09/2021, 08:24:28,597
FDDR00001,OpenFodder Vita,490,01/09/2021, 09:27:52,597
FDDR00001,OpenFodder Vita,490,01/09/2021, 10:28:07,597
FDDR00001,OpenFodder Vita,490,01/09/2021, 11:25:19,597
FDDR00001,OpenFodder Vita,490,01/09/2021, 12:20:56,597
FDDR00001,OpenFodder Vita,491,01/09/2021, 13:32:50,597
FDDR00001,OpenFodder Vita,491,01/09/2021, 14:19:16,597
FDDR00001,OpenFodder Vita,491,01/09/2021, 15:15:39,597
FDDR00001,OpenFodder Vita,491,01/09/2021, 16:35:23,597
FDDR00001,OpenFodder Vita,491,01/09/2021, 18:02:16,597
FDDR00001,OpenFodder Vita,492,01/09/2021, 19:32:26,597
FDDR00001,OpenFodder Vita,493,01/09/2021, 20:21:26,597
FDDR00001,OpenFodder Vita,494,01/09/2021, 21:15:50,597
FDDR00001,OpenFodder Vita,494,01/09/2021, 22:21:55,597
FDDR00001,OpenFodder Vita,494,01/09/2021, 23:28:29,597
FDDR00001,OpenFodder Vita,494,01/10/2021, 00:46:35,597
FDDR00001,OpenFodder Vita,494,01/10/2021, 02:28:32,597
FDDR00001,OpenFodder Vita,494,01/10/2021, 03:42:02,597
FDDR00001,OpenFodder Vita,494,01/10/2021, 04:36:07,597
FDDR00001,OpenFodder Vita,494,01/10/2021, 05:34:45,597
FDDR00001,OpenFodder Vita,494,01/10/2021, 06:26:22,597
FDDR00001,OpenFodder Vita,494,01/10/2021, 07:31:13,597
FDDR00001,OpenFodder Vita,494,01/10/2021, 08:25:08,597
FDDR00001,OpenFodder Vita,495,01/10/2021, 09:28:54,597
FDDR00001,OpenFodder Vita,495,01/10/2021, 10:30:07,597
FDDR00001,OpenFodder Vita,495,01/10/2021, 11:26:03,597
FDDR00001,OpenFodder Vita,495,01/10/2021, 12:22:58,597
FDDR00001,OpenFodder Vita,496,01/10/2021, 13:33:30,597
FDDR00001,OpenFodder Vita,496,01/10/2021, 14:20:55,597
FDDR00001,OpenFodder Vita,496,01/10/2021, 15:16:44,597
FDDR00001,OpenFodder Vita,496,01/10/2021, 16:35:25,597
FDDR00001,OpenFodder Vita,497,01/10/2021, 18:04:23,597
FDDR00001,OpenFodder Vita,498,01/10/2021, 19:34:33,597
FDDR00001,OpenFodder Vita,498,01/10/2021, 20:20:20,597
FDDR00001,OpenFodder Vita,498,01/10/2021, 21:14:11,597
FDDR00001,OpenFodder Vita,498,01/10/2021, 22:20:32,597
FDDR00001,OpenFodder Vita,498,01/10/2021, 23:27:50,597
FDDR00001,OpenFodder Vita,498,01/11/2021, 00:45:51,597
FDDR00001,OpenFodder Vita,500,01/11/2021, 02:27:10,597
FDDR00001,OpenFodder Vita,500,01/11/2021, 03:41:25,597
FDDR00001,OpenFodder Vita,500,01/11/2021, 04:36:11,597
FDDR00001,OpenFodder Vita,500,01/11/2021, 05:35:28,597
FDDR00001,OpenFodder Vita,500,01/11/2021, 06:27:32,597
FDDR00001,OpenFodder Vita,500,01/11/2021, 07:31:30,597
FDDR00001,OpenFodder Vita,500,01/11/2021, 08:28:07,597
FDDR00001,OpenFodder Vita,500,01/11/2021, 09:32:23,597
FDDR00001,OpenFodder Vita,500,01/11/2021, 10:34:03,597
FDDR00001,OpenFodder Vita,500,01/11/2021, 11:28:55,597
FDDR00001,OpenFodder Vita,502,01/11/2021, 12:25:15,597
FDDR00001,OpenFodder Vita,503,01/11/2021, 13:37:17,597
FDDR00001,OpenFodder Vita,503,01/11/2021, 14:24:10,597
FDDR00001,OpenFodder Vita,504,01/11/2021, 15:17:05,597
FDDR00001,OpenFodder Vita,504,01/11/2021, 16:33:28,597
FDDR00001,OpenFodder Vita,505,01/11/2021, 18:04:26,597
FDDR00001,OpenFodder Vita,506,01/11/2021, 19:35:25,597
FDDR00001,OpenFodder Vita,506,01/11/2021, 20:23:35,597
FDDR00001,OpenFodder Vita,507,01/11/2021, 21:18:45,597
FDDR00001,OpenFodder Vita,508,01/11/2021, 22:24:04,597
FDDR00001,OpenFodder Vita,509,01/11/2021, 23:30:44,597
FDDR00001,OpenFodder Vita,509,01/12/2021, 00:48:20,597
FDDR00001,OpenFodder Vita,509,01/12/2021, 02:30:53,597
FDDR00001,OpenFodder Vita,509,01/12/2021, 03:43:39,597
FDDR00001,OpenFodder Vita,509,01/12/2021, 04:35:51,597
FDDR00001,OpenFodder Vita,509,01/12/2021, 05:36:45,597
FDDR00001,OpenFodder Vita,509,01/12/2021, 06:28:25,597
FDDR00001,OpenFodder Vita,509,01/12/2021, 07:33:47,597
FDDR00001,OpenFodder Vita,509,01/12/2021, 08:29:41,597
FDDR00001,OpenFodder Vita,509,01/12/2021, 09:35:57,597
FDDR00001,OpenFodder Vita,510,01/12/2021, 10:34:54,597
FDDR00001,OpenFodder Vita,511,01/12/2021, 11:30:36,597
FDDR00001,OpenFodder Vita,511,01/12/2021, 12:26:01,597
FDDR00001,OpenFodder Vita,511,01/12/2021, 13:39:44,597
FDDR00001,OpenFodder Vita,511,01/12/2021, 14:26:46,597
FDDR00001,OpenFodder Vita,511,01/12/2021, 15:21:18,597
FDDR00001,OpenFodder Vita,511,01/12/2021, 16:38:37,597
FDDR00001,OpenFodder Vita,511,01/12/2021, 18:12:49,597
FDDR00001,OpenFodder Vita,511,01/12/2021, 19:42:20,597
FDDR00001,OpenFodder Vita,511,01/12/2021, 20:28:50,597
FDDR00001,OpenFodder Vita,511,01/12/2021, 21:22:03,597
FDDR00001,OpenFodder Vita,511,01/12/2021, 22:27:47,597
FDDR00001,OpenFodder Vita,511,01/12/2021, 23:35:12,597
FDDR00001,OpenFodder Vita,513,01/13/2021, 00:54:58,597
FDDR00001,OpenFodder Vita,514,01/13/2021, 02:37:31,597
