FGEM00001,Freegemas,4,01/20/2021, 10:47:24,609
FGEM00001,Freegemas,11,01/20/2021, 11:43:30,609
FGEM00001,Freegemas,17,01/20/2021, 12:34:22,609
FGEM00001,Freegemas,25,01/20/2021, 13:48:47,609
FGEM00001,Freegemas,29,01/20/2021, 14:35:46,609
FGEM00001,Freegemas,37,01/20/2021, 15:26:40,609
FGEM00001,Freegemas,45,01/20/2021, 16:46:09,609
FGEM00001,Freegemas,50,01/20/2021, 18:21:00,609
FGEM00001,Freegemas,58,01/20/2021, 19:50:19,609
FGEM00001,Freegemas,63,01/20/2021, 20:35:26,609
FGEM00001,Freegemas,66,01/20/2021, 21:29:00,609
FGEM00001,Freegemas,70,01/20/2021, 22:28:35,609
FGEM00001,Freegemas,76,01/20/2021, 23:36:29,609
FGEM00001,Freegemas,80,01/21/2021, 01:02:26,609
FGEM00001,Freegemas,86,01/21/2021, 03:08:11,609
FGEM00001,Freegemas,93,01/21/2021, 04:39:15,609
FGEM00001,Freegemas,96,01/21/2021, 05:44:52,609
FGEM00001,Freegemas,98,01/21/2021, 06:38:11,609
FGEM00001,Freegemas,99,01/21/2021, 07:44:11,609
FGEM00001,Freegemas,103,01/21/2021, 08:39:52,609
FGEM00001,Freegemas,107,01/21/2021, 09:44:54,609
FGEM00001,Freegemas,108,01/21/2021, 10:46:19,609
FGEM00001,Freegemas,109,01/21/2021, 11:42:59,609
FGEM00001,Freegemas,110,01/21/2021, 12:34:42,609
FGEM00001,Freegemas,112,01/21/2021, 13:49:13,609
FGEM00001,Freegemas,113,01/21/2021, 14:36:03,609
FGEM00001,Freegemas,116,01/21/2021, 15:26:21,609
FGEM00001,Freegemas,120,01/21/2021, 16:44:11,609
FGEM00001,Freegemas,124,01/21/2021, 18:18:48,609
FGEM00001,Freegemas,127,01/21/2021, 19:46:22,609
FGEM00001,Freegemas,131,01/21/2021, 20:33:49,609
FGEM00001,Freegemas,132,01/21/2021, 21:25:36,609
FGEM00001,Freegemas,135,01/21/2021, 22:29:41,609
FGEM00001,Freegemas,139,01/21/2021, 23:36:59,609
FGEM00001,Freegemas,143,01/22/2021, 01:01:00,609
FGEM00001,Freegemas,148,01/22/2021, 03:07:06,609
FGEM00001,Freegemas,149,01/22/2021, 04:39:12,609
FGEM00001,Freegemas,151,01/22/2021, 05:44:33,609
FGEM00001,Freegemas,153,01/22/2021, 06:37:35,609
FGEM00001,Freegemas,154,01/22/2021, 07:45:02,609
FGEM00001,Freegemas,155,01/22/2021, 08:38:26,609
FGEM00001,Freegemas,156,01/22/2021, 09:43:00,609
FGEM00001,Freegemas,158,01/22/2021, 10:45:26,609
FGEM00001,Freegemas,158,01/22/2021, 11:41:36,609
FGEM00001,Freegemas,159,01/22/2021, 12:33:39,609
FGEM00001,Freegemas,160,01/22/2021, 13:47:46,609
FGEM00001,Freegemas,161,01/22/2021, 14:35:45,609
FGEM00001,Freegemas,162,01/22/2021, 15:26:52,609
FGEM00001,Freegemas,164,01/22/2021, 16:44:34,609
FGEM00001,Freegemas,169,01/22/2021, 18:20:08,609
FGEM00001,Freegemas,171,01/22/2021, 19:49:27,609
FGEM00001,Freegemas,171,01/22/2021, 20:36:30,609
FGEM00001,Freegemas,172,01/22/2021, 21:28:01,609
FGEM00001,Freegemas,172,01/22/2021, 22:31:34,609
FGEM00001,Freegemas,174,01/22/2021, 23:37:44,609
FGEM00001,Freegemas,180,01/23/2021, 01:00:42,609
FGEM00001,Freegemas,182,01/23/2021, 03:05:54,609
FGEM00001,Freegemas,187,01/23/2021, 04:37:57,609
FGEM00001,Freegemas,187,01/23/2021, 05:42:53,609
FGEM00001,Freegemas,187,01/23/2021, 06:34:53,609
FGEM00001,Freegemas,189,01/23/2021, 07:40:56,609
FGEM00001,Freegemas,190,01/23/2021, 08:35:55,609
FGEM00001,Freegemas,191,01/23/2021, 09:39:52,609
FGEM00001,Freegemas,193,01/23/2021, 10:41:21,609
FGEM00001,Freegemas,193,01/23/2021, 11:37:28,609
FGEM00001,Freegemas,193,01/23/2021, 12:31:08,609
FGEM00001,Freegemas,194,01/23/2021, 13:44:43,609
FGEM00001,Freegemas,198,01/23/2021, 14:32:53,609
FGEM00001,Freegemas,198,01/23/2021, 15:23:54,609
FGEM00001,Freegemas,200,01/23/2021, 16:42:33,609
FGEM00001,Freegemas,203,01/23/2021, 18:17:04,609
FGEM00001,Freegemas,204,01/23/2021, 19:46:05,609
FGEM00001,Freegemas,204,01/23/2021, 20:32:24,609
FGEM00001,Freegemas,206,01/23/2021, 21:24:01,609
FGEM00001,Freegemas,206,01/23/2021, 22:28:34,609
FGEM00001,Freegemas,207,01/23/2021, 23:35:27,609
FGEM00001,Freegemas,212,01/24/2021, 01:00:34,609
FGEM00001,Freegemas,213,01/24/2021, 02:53:33,609
FGEM00001,Freegemas,215,01/24/2021, 04:01:45,609
FGEM00001,Freegemas,215,01/24/2021, 05:44:36,609
FGEM00001,Freegemas,216,01/24/2021, 06:36:52,609
FGEM00001,Freegemas,218,01/24/2021, 07:42:02,609
FGEM00001,Freegemas,218,01/24/2021, 08:36:41,609
FGEM00001,Freegemas,219,01/24/2021, 09:40:27,609
FGEM00001,Freegemas,220,01/24/2021, 10:43:58,609
FGEM00001,Freegemas,220,01/24/2021, 11:38:30,609
FGEM00001,Freegemas,220,01/24/2021, 12:32:13,609
FGEM00001,Freegemas,220,01/24/2021, 13:45:34,609
FGEM00001,Freegemas,221,01/24/2021, 14:33:01,609
FGEM00001,Freegemas,221,01/24/2021, 15:25:12,609
FGEM00001,Freegemas,221,01/24/2021, 16:43:54,609
FGEM00001,Freegemas,222,01/24/2021, 18:18:20,609
FGEM00001,Freegemas,222,01/24/2021, 19:46:51,609
FGEM00001,Freegemas,224,01/24/2021, 20:33:59,609
FGEM00001,Freegemas,225,01/24/2021, 21:25:17,609
FGEM00001,Freegemas,225,01/24/2021, 22:29:56,609
FGEM00001,Freegemas,227,01/24/2021, 23:36:03,609
FGEM00001,Freegemas,228,01/25/2021, 01:00:35,609
FGEM00001,Freegemas,228,01/25/2021, 02:53:05,609
FGEM00001,Freegemas,228,01/25/2021, 04:01:44,609
FGEM00001,Freegemas,228,01/25/2021, 05:43:58,609
FGEM00001,Freegemas,229,01/25/2021, 06:37:24,609
FGEM00001,Freegemas,230,01/25/2021, 07:42:58,609
FGEM00001,Freegemas,230,01/25/2021, 08:38:35,609
FGEM00001,Freegemas,230,01/25/2021, 09:43:36,609
FGEM00001,Freegemas,234,01/25/2021, 10:45:34,609
FGEM00001,Freegemas,234,01/25/2021, 11:41:56,609
FGEM00001,Freegemas,236,01/25/2021, 12:33:48,609
FGEM00001,Freegemas,236,01/25/2021, 13:48:11,609
FGEM00001,Freegemas,236,01/25/2021, 14:36:08,609
FGEM00001,Freegemas,237,01/25/2021, 15:26:56,609
FGEM00001,Freegemas,237,01/25/2021, 16:44:10,609
FGEM00001,Freegemas,238,01/25/2021, 18:19:30,609
FGEM00001,Freegemas,239,01/25/2021, 19:49:10,609
FGEM00001,Freegemas,240,01/25/2021, 20:35:45,609
FGEM00001,Freegemas,245,01/25/2021, 21:28:03,609
FGEM00001,Freegemas,246,01/25/2021, 22:22:09,609
FGEM00001,Freegemas,247,01/25/2021, 23:17:49,609
FGEM00001,Freegemas,248,01/26/2021, 00:30:54,609
FGEM00001,Freegemas,249,01/26/2021, 01:51:58,609
FGEM00001,Freegemas,250,01/26/2021, 02:29:33,609
FGEM00001,Freegemas,251,01/26/2021, 03:16:40,609
FGEM00001,Freegemas,252,01/26/2021, 04:15:31,609
FGEM00001,Freegemas,254,01/26/2021, 05:14:52,609
FGEM00001,Freegemas,255,01/26/2021, 06:12:42,609
FGEM00001,Freegemas,258,01/26/2021, 07:14:00,609
FGEM00001,Freegemas,261,01/26/2021, 08:14:31,609
FGEM00001,Freegemas,261,01/26/2021, 09:14:14,609
FGEM00001,Freegemas,261,01/26/2021, 10:13:36,609
FGEM00001,Freegemas,261,01/26/2021, 11:11:16,609
FGEM00001,Freegemas,261,01/26/2021, 12:15:23,609
FGEM00001,Freegemas,262,01/26/2021, 13:23:59,609
FGEM00001,Freegemas,262,01/26/2021, 14:12:10,609
FGEM00001,Freegemas,263,01/26/2021, 15:10:45,609
FGEM00001,Freegemas,263,01/26/2021, 16:20:47,609
FGEM00001,Freegemas,264,01/26/2021, 17:37:30,609
FGEM00001,Freegemas,264,01/26/2021, 18:22:12,609
FGEM00001,Freegemas,265,01/26/2021, 19:18:37,609
FGEM00001,Freegemas,265,01/26/2021, 20:11:31,609
FGEM00001,Freegemas,266,01/26/2021, 21:09:50,609
FGEM00001,Freegemas,267,01/26/2021, 22:12:02,609
FGEM00001,Freegemas,267,01/26/2021, 23:12:23,609
FGEM00001,Freegemas,268,01/27/2021, 00:28:48,609
FGEM00001,Freegemas,268,01/27/2021, 01:50:41,609
FGEM00001,Freegemas,269,01/27/2021, 02:29:34,609
FGEM00001,Freegemas,270,01/27/2021, 03:16:55,609
FGEM00001,Freegemas,271,01/27/2021, 04:16:00,609
FGEM00001,Freegemas,271,01/27/2021, 05:15:31,609
FGEM00001,Freegemas,271,01/27/2021, 06:13:32,609
FGEM00001,Freegemas,272,01/27/2021, 07:12:59,609
FGEM00001,Freegemas,272,01/27/2021, 08:14:25,609
FGEM00001,Freegemas,272,01/27/2021, 09:14:09,609
FGEM00001,Freegemas,276,01/27/2021, 10:13:44,609
FGEM00001,Freegemas,276,01/27/2021, 11:11:05,609
FGEM00001,Freegemas,277,01/27/2021, 12:15:47,609
FGEM00001,Freegemas,277,01/27/2021, 13:21:23,609
FGEM00001,Freegemas,277,01/27/2021, 14:11:56,609
FGEM00001,Freegemas,278,01/27/2021, 15:10:34,609
FGEM00001,Freegemas,278,01/27/2021, 16:21:09,609
FGEM00001,Freegemas,279,01/27/2021, 17:38:29,609
FGEM00001,Freegemas,279,01/27/2021, 18:23:26,609
FGEM00001,Freegemas,279,01/27/2021, 19:19:39,609
FGEM00001,Freegemas,279,01/27/2021, 20:11:21,609
FGEM00001,Freegemas,280,01/27/2021, 21:09:44,609
FGEM00001,Freegemas,281,01/27/2021, 22:11:53,609
FGEM00001,Freegemas,282,01/27/2021, 23:13:35,609
FGEM00001,Freegemas,283,01/28/2021, 00:30:47,609
FGEM00001,Freegemas,283,01/28/2021, 01:52:54,609
FGEM00001,Freegemas,284,01/28/2021, 02:30:42,609
FGEM00001,Freegemas,284,01/28/2021, 03:17:46,609
FGEM00001,Freegemas,286,01/28/2021, 07:29:45,609
FGEM00001,Freegemas,286,01/28/2021, 07:57:29,609
FGEM00001,Freegemas,286,01/28/2021, 08:29:23,609
FGEM00001,Freegemas,286,01/28/2021, 08:57:26,609
FGEM00001,Freegemas,286,01/28/2021, 09:28:58,609
FGEM00001,Freegemas,287,01/28/2021, 10:15:12,609
FGEM00001,Freegemas,287,01/28/2021, 11:13:04,609
FGEM00001,Freegemas,287,01/28/2021, 12:15:35,609
FGEM00001,Freegemas,287,01/28/2021, 13:22:15,609
FGEM00001,Freegemas,287,01/28/2021, 14:11:58,609
FGEM00001,Freegemas,287,01/28/2021, 15:12:36,609
FGEM00001,Freegemas,289,01/28/2021, 16:21:34,609
FGEM00001,Freegemas,290,01/28/2021, 17:39:26,609
FGEM00001,Freegemas,290,01/28/2021, 18:25:02,609
FGEM00001,Freegemas,290,01/28/2021, 19:21:01,609
FGEM00001,Freegemas,290,01/28/2021, 20:11:01,609
FGEM00001,Freegemas,292,01/28/2021, 21:09:29,609
FGEM00001,Freegemas,292,01/28/2021, 22:12:23,609
FGEM00001,Freegemas,292,01/28/2021, 23:14:51,609
FGEM00001,Freegemas,292,01/29/2021, 00:28:47,609
FGEM00001,Freegemas,292,01/29/2021, 01:51:01,609
FGEM00001,Freegemas,295,01/29/2021, 02:30:32,609
FGEM00001,Freegemas,295,01/29/2021, 03:18:49,609
FGEM00001,Freegemas,295,01/29/2021, 04:18:41,609
FGEM00001,Freegemas,295,01/29/2021, 05:17:42,609
FGEM00001,Freegemas,295,01/29/2021, 06:12:42,609
FGEM00001,Freegemas,297,01/29/2021, 07:15:51,609
FGEM00001,Freegemas,298,01/29/2021, 08:14:25,609
FGEM00001,Freegemas,299,01/29/2021, 09:16:01,609
FGEM00001,Freegemas,299,01/29/2021, 10:15:16,609
FGEM00001,Freegemas,300,01/29/2021, 11:12:37,609
FGEM00001,Freegemas,300,01/29/2021, 12:15:37,609
FGEM00001,Freegemas,300,01/29/2021, 13:21:56,609
FGEM00001,Freegemas,300,01/29/2021, 14:11:57,609
FGEM00001,Freegemas,301,01/29/2021, 15:10:47,609
FGEM00001,Freegemas,302,01/29/2021, 16:21:50,609
FGEM00001,Freegemas,304,01/29/2021, 17:40:52,609
FGEM00001,Freegemas,305,01/29/2021, 18:25:53,609
FGEM00001,Freegemas,306,01/29/2021, 19:21:31,609
FGEM00001,Freegemas,307,01/29/2021, 20:11:21,609
FGEM00001,Freegemas,308,01/29/2021, 21:10:03,609
FGEM00001,Freegemas,309,01/29/2021, 22:11:54,609
FGEM00001,Freegemas,310,01/29/2021, 23:13:16,609
FGEM00001,Freegemas,310,01/30/2021, 00:29:22,609
FGEM00001,Freegemas,311,01/30/2021, 01:51:23,609
FGEM00001,Freegemas,312,01/30/2021, 02:30:28,609
FGEM00001,Freegemas,312,01/30/2021, 03:17:49,609
FGEM00001,Freegemas,312,01/30/2021, 04:16:40,609
FGEM00001,Freegemas,313,01/30/2021, 05:16:10,609
FGEM00001,Freegemas,313,01/30/2021, 06:12:49,609
FGEM00001,Freegemas,314,01/30/2021, 07:14:04,609
FGEM00001,Freegemas,315,01/30/2021, 08:13:30,609
FGEM00001,Freegemas,315,01/30/2021, 09:13:52,609
FGEM00001,Freegemas,315,01/30/2021, 10:14:44,609
FGEM00001,Freegemas,315,01/30/2021, 11:11:41,609
FGEM00001,Freegemas,315,01/30/2021, 12:15:07,609
FGEM00001,Freegemas,315,01/30/2021, 13:20:32,609
FGEM00001,Freegemas,316,01/30/2021, 14:11:41,609
FGEM00001,Freegemas,317,01/30/2021, 15:10:17,609
FGEM00001,Freegemas,318,01/30/2021, 16:21:15,609
FGEM00001,Freegemas,323,01/30/2021, 17:38:25,609
FGEM00001,Freegemas,326,01/30/2021, 18:25:37,609
FGEM00001,Freegemas,326,01/30/2021, 19:18:13,609
FGEM00001,Freegemas,327,01/30/2021, 20:11:42,609
FGEM00001,Freegemas,328,01/30/2021, 21:09:48,609
FGEM00001,Freegemas,328,01/30/2021, 22:11:51,609
FGEM00001,Freegemas,330,01/30/2021, 23:13:15,609
FGEM00001,Freegemas,331,01/31/2021, 00:31:01,609
FGEM00001,Freegemas,334,01/31/2021, 01:54:54,609
FGEM00001,Freegemas,334,01/31/2021, 02:32:17,609
FGEM00001,Freegemas,334,01/31/2021, 03:17:50,609
FGEM00001,Freegemas,336,01/31/2021, 04:16:43,609
FGEM00001,Freegemas,337,01/31/2021, 05:16:57,609
FGEM00001,Freegemas,337,01/31/2021, 06:12:46,609
FGEM00001,Freegemas,337,01/31/2021, 07:14:29,609
FGEM00001,Freegemas,338,01/31/2021, 08:14:58,609
FGEM00001,Freegemas,339,01/31/2021, 09:15:46,609
FGEM00001,Freegemas,341,01/31/2021, 10:13:31,609
FGEM00001,Freegemas,341,01/31/2021, 11:11:30,609
FGEM00001,Freegemas,342,01/31/2021, 12:15:21,609
FGEM00001,Freegemas,342,01/31/2021, 13:20:24,609
FGEM00001,Freegemas,342,01/31/2021, 14:11:31,609
FGEM00001,Freegemas,343,01/31/2021, 15:10:42,609
FGEM00001,Freegemas,343,01/31/2021, 16:21:13,609
FGEM00001,Freegemas,343,01/31/2021, 17:38:38,609
FGEM00001,Freegemas,345,01/31/2021, 18:22:50,609
FGEM00001,Freegemas,345,01/31/2021, 19:18:50,609
FGEM00001,Freegemas,346,01/31/2021, 20:11:39,609
FGEM00001,Freegemas,348,01/31/2021, 21:14:02,609
FGEM00001,Freegemas,348,01/31/2021, 22:11:57,609
FGEM00001,Freegemas,348,01/31/2021, 23:13:28,609
FGEM00001,Freegemas,348,02/01/2021, 00:31:33,609
FGEM00001,Freegemas,351,02/01/2021, 01:55:59,609
FGEM00001,Freegemas,351,02/01/2021, 02:34:24,609
FGEM00001,Freegemas,351,02/01/2021, 03:18:42,609
FGEM00001,Freegemas,351,02/01/2021, 04:17:49,609
FGEM00001,Freegemas,353,02/01/2021, 05:21:13,609
FGEM00001,Freegemas,355,02/01/2021, 06:12:51,609
FGEM00001,Freegemas,355,02/01/2021, 07:15:47,609
FGEM00001,Freegemas,356,02/01/2021, 08:14:39,609
FGEM00001,Freegemas,357,02/01/2021, 09:16:00,609
FGEM00001,Freegemas,357,02/01/2021, 10:15:57,609
FGEM00001,Freegemas,358,02/01/2021, 11:12:09,609
FGEM00001,Freegemas,358,02/01/2021, 12:15:59,609
FGEM00001,Freegemas,359,02/01/2021, 13:22:12,609
FGEM00001,Freegemas,359,02/01/2021, 14:11:59,609
FGEM00001,Freegemas,359,02/01/2021, 15:22:33,609
FGEM00001,Freegemas,361,02/01/2021, 16:21:36,609
FGEM00001,Freegemas,361,02/01/2021, 17:40:53,609
FGEM00001,Freegemas,361,02/01/2021, 18:25:38,609
FGEM00001,Freegemas,361,02/01/2021, 19:21:08,609
FGEM00001,Freegemas,362,02/01/2021, 20:11:33,609
FGEM00001,Freegemas,362,02/01/2021, 21:08:10,609
FGEM00001,Freegemas,363,02/01/2021, 22:12:24,609
FGEM00001,Freegemas,364,02/01/2021, 23:14:30,609
FGEM00001,Freegemas,365,02/02/2021, 00:30:31,609
FGEM00001,Freegemas,366,02/02/2021, 01:50:51,609
FGEM00001,Freegemas,366,02/02/2021, 02:31:40,609
FGEM00001,Freegemas,366,02/02/2021, 03:18:45,609
FGEM00001,Freegemas,366,02/02/2021, 04:18:07,609
FGEM00001,Freegemas,366,02/02/2021, 05:23:06,609
FGEM00001,Freegemas,367,02/02/2021, 06:12:53,609
FGEM00001,Freegemas,368,02/02/2021, 07:15:21,609
FGEM00001,Freegemas,369,02/02/2021, 08:14:12,609
FGEM00001,Freegemas,370,02/02/2021, 09:15:11,609
FGEM00001,Freegemas,370,02/02/2021, 10:14:46,609
FGEM00001,Freegemas,371,02/02/2021, 11:12:14,609
FGEM00001,Freegemas,371,02/02/2021, 12:15:48,609
FGEM00001,Freegemas,372,02/02/2021, 13:22:06,609
FGEM00001,Freegemas,372,02/02/2021, 14:11:58,609
FGEM00001,Freegemas,372,02/02/2021, 15:10:56,609
FGEM00001,Freegemas,373,02/02/2021, 16:21:40,609
FGEM00001,Freegemas,374,02/02/2021, 17:41:09,609
FGEM00001,Freegemas,375,02/02/2021, 18:25:20,609
FGEM00001,Freegemas,375,02/02/2021, 19:17:12,609
FGEM00001,Freegemas,376,02/02/2021, 20:11:02,609
FGEM00001,Freegemas,376,02/02/2021, 21:09:43,609
FGEM00001,Freegemas,376,02/02/2021, 22:12:27,609
FGEM00001,Freegemas,377,02/02/2021, 23:10:55,609
FGEM00001,Freegemas,377,02/03/2021, 00:25:33,609
FGEM00001,Freegemas,379,02/03/2021, 01:41:38,609
FGEM00001,Freegemas,379,02/03/2021, 02:25:30,609
FGEM00001,Freegemas,379,02/03/2021, 03:13:33,609
FGEM00001,Freegemas,379,02/03/2021, 04:13:03,609
FGEM00001,Freegemas,379,02/03/2021, 05:12:03,609
FGEM00001,Freegemas,379,02/03/2021, 06:12:02,609
FGEM00001,Freegemas,379,02/03/2021, 07:11:02,609
FGEM00001,Freegemas,380,02/03/2021, 08:13:03,609
FGEM00001,Freegemas,380,02/03/2021, 09:11:44,609
FGEM00001,Freegemas,380,02/03/2021, 10:11:33,609
FGEM00001,Freegemas,380,02/03/2021, 12:14:47,609
FGEM00001,Freegemas,380,02/03/2021, 13:18:01,609
FGEM00001,Freegemas,380,02/03/2021, 14:14:46,609
FGEM00001,Freegemas,380,02/03/2021, 15:12:59,609
FGEM00001,Freegemas,380,02/03/2021, 16:18:11,609
FGEM00001,Freegemas,380,02/03/2021, 17:33:14,609
FGEM00001,Freegemas,380,02/03/2021, 18:17:09,609
FGEM00001,Freegemas,380,02/03/2021, 19:13:02,609
FGEM00001,Freegemas,380,02/03/2021, 20:11:09,609
FGEM00001,Freegemas,380,02/03/2021, 21:09:29,609
FGEM00001,Freegemas,380,02/03/2021, 22:10:41,609
FGEM00001,Freegemas,380,02/03/2021, 23:10:23,609
FGEM00001,Freegemas,380,02/04/2021, 00:24:31,609
FGEM00001,Freegemas,381,02/04/2021, 01:33:27,609
FGEM00001,Freegemas,382,02/04/2021, 02:15:32,609
FGEM00001,Freegemas,382,02/04/2021, 03:09:25,609
FGEM00001,Freegemas,384,02/04/2021, 04:11:57,609
FGEM00001,Freegemas,384,02/04/2021, 05:09:32,609
FGEM00001,Freegemas,384,02/04/2021, 06:10:41,609
FGEM00001,Freegemas,384,02/04/2021, 07:10:32,609
FGEM00001,Freegemas,384,02/04/2021, 08:12:00,609
FGEM00001,Freegemas,384,02/04/2021, 09:10:18,609
FGEM00001,Freegemas,385,02/04/2021, 10:11:00,609
FGEM00001,Freegemas,385,02/04/2021, 11:09:10,609
FGEM00001,Freegemas,385,02/04/2021, 12:23:08,609
FGEM00001,Freegemas,385,02/04/2021, 13:09:34,609
FGEM00001,Freegemas,385,02/04/2021, 14:09:54,609
FGEM00001,Freegemas,385,02/04/2021, 15:09:31,609
FGEM00001,Freegemas,385,02/04/2021, 16:16:04,609
FGEM00001,Freegemas,386,02/04/2021, 17:20:06,609
FGEM00001,Freegemas,386,02/04/2021, 18:10:52,609
FGEM00001,Freegemas,387,02/04/2021, 19:07:43,609
FGEM00001,Freegemas,387,02/04/2021, 20:10:04,609
FGEM00001,Freegemas,387,02/04/2021, 21:07:30,609
FGEM00001,Freegemas,388,02/04/2021, 22:10:46,609
FGEM00001,Freegemas,388,02/04/2021, 23:10:33,609
FGEM00001,Freegemas,388,02/05/2021, 00:23:52,609
FGEM00001,Freegemas,388,02/05/2021, 01:33:39,609
FGEM00001,Freegemas,388,02/05/2021, 02:15:11,609
FGEM00001,Freegemas,388,02/05/2021, 03:10:10,609
FGEM00001,Freegemas,388,02/05/2021, 04:11:59,609
FGEM00001,Freegemas,389,02/05/2021, 05:09:33,609
FGEM00001,Freegemas,389,02/05/2021, 06:11:37,609
FGEM00001,Freegemas,389,02/05/2021, 07:09:28,609
FGEM00001,Freegemas,390,02/05/2021, 08:11:51,609
FGEM00001,Freegemas,390,02/05/2021, 09:10:43,609
FGEM00001,Freegemas,391,02/05/2021, 10:10:38,609
FGEM00001,Freegemas,391,02/05/2021, 11:09:16,609
FGEM00001,Freegemas,391,02/05/2021, 12:12:46,609
FGEM00001,Freegemas,391,02/05/2021, 13:09:08,609
FGEM00001,Freegemas,391,02/05/2021, 14:10:08,609
FGEM00001,Freegemas,392,02/05/2021, 15:09:05,609
FGEM00001,Freegemas,392,02/05/2021, 16:15:46,609
FGEM00001,Freegemas,392,02/05/2021, 17:21:47,609
FGEM00001,Freegemas,394,02/05/2021, 18:10:57,609
FGEM00001,Freegemas,394,02/05/2021, 19:07:29,609
FGEM00001,Freegemas,394,02/05/2021, 20:09:53,609
FGEM00001,Freegemas,395,02/05/2021, 21:08:31,609
FGEM00001,Freegemas,396,02/05/2021, 22:10:48,609
FGEM00001,Freegemas,396,02/05/2021, 23:10:19,609
FGEM00001,Freegemas,396,02/06/2021, 00:23:33,609
FGEM00001,Freegemas,398,02/06/2021, 01:32:30,609
FGEM00001,Freegemas,398,02/06/2021, 02:14:06,609
FGEM00001,Freegemas,398,02/06/2021, 03:10:19,609
FGEM00001,Freegemas,398,02/06/2021, 04:11:48,609
FGEM00001,Freegemas,398,02/06/2021, 05:09:30,609
FGEM00001,Freegemas,398,02/06/2021, 06:11:51,609
FGEM00001,Freegemas,398,02/06/2021, 07:10:49,609
FGEM00001,Freegemas,398,02/06/2021, 08:12:05,609
FGEM00001,Freegemas,398,02/06/2021, 09:10:09,609
FGEM00001,Freegemas,398,02/06/2021, 10:10:34,609
FGEM00001,Freegemas,398,02/06/2021, 11:09:23,609
FGEM00001,Freegemas,398,02/06/2021, 12:12:43,609
FGEM00001,Freegemas,398,02/06/2021, 13:08:29,609
FGEM00001,Freegemas,398,02/06/2021, 14:09:29,609
FGEM00001,Freegemas,398,02/06/2021, 15:09:04,609
FGEM00001,Freegemas,398,02/06/2021, 16:15:17,609
FGEM00001,Freegemas,398,02/06/2021, 17:21:36,609
FGEM00001,Freegemas,398,02/06/2021, 18:11:01,609
FGEM00001,Freegemas,398,02/06/2021, 19:07:20,609
FGEM00001,Freegemas,398,02/06/2021, 20:09:39,609
FGEM00001,Freegemas,398,02/06/2021, 21:08:12,609
FGEM00001,Freegemas,399,02/06/2021, 22:10:32,609
FGEM00001,Freegemas,399,02/06/2021, 23:10:00,609
FGEM00001,Freegemas,399,02/07/2021, 00:24:25,609
FGEM00001,Freegemas,401,02/07/2021, 01:34:27,609
FGEM00001,Freegemas,402,02/07/2021, 02:15:17,609
FGEM00001,Freegemas,402,02/07/2021, 03:09:58,609
FGEM00001,Freegemas,402,02/07/2021, 04:11:45,609
FGEM00001,Freegemas,402,02/07/2021, 05:09:29,609
FGEM00001,Freegemas,402,02/07/2021, 06:11:48,609
FGEM00001,Freegemas,402,02/07/2021, 07:09:34,609
FGEM00001,Freegemas,402,02/07/2021, 08:11:34,609
FGEM00001,Freegemas,402,02/07/2021, 09:10:00,609
FGEM00001,Freegemas,402,02/07/2021, 10:10:31,609
FGEM00001,Freegemas,404,02/07/2021, 11:09:16,609
FGEM00001,Freegemas,404,02/07/2021, 12:16:54,609
FGEM00001,Freegemas,404,02/07/2021, 13:08:40,609
FGEM00001,Freegemas,405,02/07/2021, 14:09:32,609
FGEM00001,Freegemas,405,02/07/2021, 15:08:57,609
FGEM00001,Freegemas,407,02/07/2021, 16:15:30,609
FGEM00001,Freegemas,409,02/07/2021, 17:21:05,609
FGEM00001,Freegemas,409,02/07/2021, 18:10:49,609
FGEM00001,Freegemas,409,02/07/2021, 19:07:28,609
FGEM00001,Freegemas,409,02/07/2021, 20:11:57,609
FGEM00001,Freegemas,409,02/07/2021, 21:15:36,609
FGEM00001,Freegemas,410,02/07/2021, 22:10:42,609
FGEM00001,Freegemas,410,02/07/2021, 23:10:14,609
FGEM00001,Freegemas,410,02/08/2021, 00:23:46,609
FGEM00001,Freegemas,412,02/08/2021, 01:34:02,609
FGEM00001,Freegemas,412,02/08/2021, 02:15:27,609
FGEM00001,Freegemas,412,02/08/2021, 03:10:09,609
FGEM00001,Freegemas,412,02/08/2021, 04:11:59,609
FGEM00001,Freegemas,412,02/08/2021, 05:09:36,609
FGEM00001,Freegemas,413,02/08/2021, 06:11:06,609
FGEM00001,Freegemas,413,02/08/2021, 07:09:40,609
FGEM00001,Freegemas,413,02/08/2021, 08:17:48,609
FGEM00001,Freegemas,413,02/08/2021, 09:10:14,609
FGEM00001,Freegemas,413,02/08/2021, 10:11:01,609
FGEM00001,Freegemas,413,02/08/2021, 11:09:13,609
FGEM00001,Freegemas,413,02/08/2021, 12:12:47,609
FGEM00001,Freegemas,413,02/08/2021, 13:09:38,609
FGEM00001,Freegemas,414,02/08/2021, 14:10:11,609
FGEM00001,Freegemas,414,02/08/2021, 15:09:35,609
FGEM00001,Freegemas,414,02/08/2021, 16:17:52,609
FGEM00001,Freegemas,414,02/08/2021, 17:21:48,609
FGEM00001,Freegemas,414,02/08/2021, 18:11:12,609
FGEM00001,Freegemas,414,02/08/2021, 19:07:21,609
FGEM00001,Freegemas,414,02/08/2021, 20:10:12,609
FGEM00001,Freegemas,415,02/08/2021, 21:08:40,609
FGEM00001,Freegemas,415,02/08/2021, 22:09:25,609
FGEM00001,Freegemas,415,02/08/2021, 23:10:04,609
FGEM00001,Freegemas,415,02/09/2021, 00:23:39,609
FGEM00001,Freegemas,416,02/09/2021, 01:33:27,609
FGEM00001,Freegemas,416,02/09/2021, 02:14:20,609
FGEM00001,Freegemas,416,02/09/2021, 03:10:37,609
FGEM00001,Freegemas,416,02/09/2021, 04:11:38,609
FGEM00001,Freegemas,416,02/09/2021, 05:09:38,609
FGEM00001,Freegemas,416,02/09/2021, 06:10:31,609
FGEM00001,Freegemas,416,02/09/2021, 07:09:41,609
FGEM00001,Freegemas,416,02/09/2021, 08:11:56,609
FGEM00001,Freegemas,417,02/09/2021, 09:10:09,609
FGEM00001,Freegemas,418,02/09/2021, 10:10:48,609
FGEM00001,Freegemas,418,02/09/2021, 11:09:28,609
FGEM00001,Freegemas,418,02/09/2021, 12:13:03,609
FGEM00001,Freegemas,418,02/09/2021, 13:09:20,609
FGEM00001,Freegemas,419,02/09/2021, 14:09:56,609
FGEM00001,Freegemas,419,02/09/2021, 15:21:01,609
FGEM00001,Freegemas,419,02/09/2021, 16:40:31,609
FGEM00001,Freegemas,419,02/09/2021, 17:21:35,609
FGEM00001,Freegemas,419,02/09/2021, 18:11:09,609
FGEM00001,Freegemas,419,02/09/2021, 19:07:47,609
FGEM00001,Freegemas,419,02/09/2021, 20:09:59,609
FGEM00001,Freegemas,420,02/09/2021, 21:08:40,609
FGEM00001,Freegemas,420,02/09/2021, 22:10:55,609
FGEM00001,Freegemas,421,02/09/2021, 23:10:38,609
FGEM00001,Freegemas,421,02/10/2021, 00:23:49,609
FGEM00001,Freegemas,421,02/10/2021, 01:33:00,609
FGEM00001,Freegemas,421,02/10/2021, 02:11:28,609
FGEM00001,Freegemas,421,02/10/2021, 03:10:46,609
FGEM00001,Freegemas,421,02/10/2021, 04:11:53,609
FGEM00001,Freegemas,422,02/10/2021, 05:10:43,609
FGEM00001,Freegemas,422,02/10/2021, 06:11:18,609
FGEM00001,Freegemas,423,02/10/2021, 07:10:00,609
FGEM00001,Freegemas,423,02/10/2021, 08:12:04,609
FGEM00001,Freegemas,423,02/10/2021, 09:10:45,609
FGEM00001,Freegemas,423,02/10/2021, 10:10:52,609
FGEM00001,Freegemas,423,02/10/2021, 11:09:36,609
FGEM00001,Freegemas,423,02/10/2021, 12:13:13,609
FGEM00001,Freegemas,424,02/10/2021, 13:09:50,609
FGEM00001,Freegemas,425,02/10/2021, 14:10:22,609
FGEM00001,Freegemas,425,02/10/2021, 15:09:38,609
FGEM00001,Freegemas,425,02/10/2021, 16:15:54,609
FGEM00001,Freegemas,426,02/10/2021, 17:21:51,609
FGEM00001,Freegemas,426,02/10/2021, 18:11:01,609
FGEM00001,Freegemas,426,02/10/2021, 19:07:38,609
FGEM00001,Freegemas,427,02/10/2021, 20:10:09,609
FGEM00001,Freegemas,427,02/10/2021, 21:09:02,609
FGEM00001,Freegemas,429,02/10/2021, 22:10:52,609
FGEM00001,Freegemas,432,02/10/2021, 23:10:31,609
FGEM00001,Freegemas,432,02/11/2021, 00:23:50,609
FGEM00001,Freegemas,432,02/11/2021, 01:33:29,609
FGEM00001,Freegemas,432,02/11/2021, 02:15:05,609
FGEM00001,Freegemas,432,02/11/2021, 03:10:11,609
FGEM00001,Freegemas,432,02/11/2021, 04:12:01,609
FGEM00001,Freegemas,432,02/11/2021, 05:09:35,609
FGEM00001,Freegemas,432,02/11/2021, 06:11:21,609
FGEM00001,Freegemas,432,02/11/2021, 07:09:38,609
FGEM00001,Freegemas,432,02/11/2021, 08:11:52,609
FGEM00001,Freegemas,432,02/11/2021, 09:10:37,609
FGEM00001,Freegemas,432,02/11/2021, 10:11:06,609
FGEM00001,Freegemas,432,02/11/2021, 11:09:22,609
FGEM00001,Freegemas,432,02/11/2021, 12:13:06,609
FGEM00001,Freegemas,432,02/11/2021, 13:10:20,609
FGEM00001,Freegemas,432,02/11/2021, 14:10:13,609
FGEM00001,Freegemas,432,02/11/2021, 15:09:24,609
FGEM00001,Freegemas,432,02/11/2021, 16:15:55,609
FGEM00001,Freegemas,433,02/11/2021, 17:22:08,609
FGEM00001,Freegemas,433,02/11/2021, 18:11:16,609
FGEM00001,Freegemas,435,02/11/2021, 19:07:42,609
FGEM00001,Freegemas,435,02/11/2021, 20:11:13,609
FGEM00001,Freegemas,435,02/11/2021, 21:08:49,609
FGEM00001,Freegemas,435,02/11/2021, 22:10:56,609
FGEM00001,Freegemas,436,02/11/2021, 23:10:22,609
FGEM00001,Freegemas,436,02/12/2021, 00:24:07,609
FGEM00001,Freegemas,437,02/12/2021, 01:34:08,609
FGEM00001,Freegemas,437,02/12/2021, 02:15:22,609
FGEM00001,Freegemas,437,02/12/2021, 03:10:26,609
FGEM00001,Freegemas,437,02/12/2021, 04:12:11,609
FGEM00001,Freegemas,437,02/12/2021, 05:09:45,609
FGEM00001,Freegemas,437,02/12/2021, 06:10:48,609
FGEM00001,Freegemas,437,02/12/2021, 07:09:55,609
FGEM00001,Freegemas,437,02/12/2021, 08:12:09,609
FGEM00001,Freegemas,437,02/12/2021, 09:11:56,609
FGEM00001,Freegemas,437,02/12/2021, 10:11:07,609
FGEM00001,Freegemas,437,02/12/2021, 11:09:19,609
FGEM00001,Freegemas,437,02/12/2021, 12:13:26,609
FGEM00001,Freegemas,437,02/12/2021, 13:10:38,609
FGEM00001,Freegemas,438,02/12/2021, 14:10:02,609
FGEM00001,Freegemas,439,02/12/2021, 15:09:31,609
FGEM00001,Freegemas,439,02/12/2021, 16:15:49,609
FGEM00001,Freegemas,439,02/12/2021, 17:21:47,609
FGEM00001,Freegemas,440,02/12/2021, 18:11:12,609
FGEM00001,Freegemas,441,02/12/2021, 19:07:32,609
FGEM00001,Freegemas,441,02/12/2021, 20:10:07,609
FGEM00001,Freegemas,443,02/12/2021, 21:08:59,609
FGEM00001,Freegemas,443,02/12/2021, 22:10:43,609
FGEM00001,Freegemas,444,02/12/2021, 23:10:23,609
FGEM00001,Freegemas,445,02/13/2021, 00:24:13,609
FGEM00001,Freegemas,446,02/13/2021, 01:33:16,609
FGEM00001,Freegemas,446,02/13/2021, 02:14:51,609
FGEM00001,Freegemas,446,02/13/2021, 03:10:13,609
FGEM00001,Freegemas,448,02/13/2021, 04:12:06,609
FGEM00001,Freegemas,448,02/13/2021, 05:09:33,609
FGEM00001,Freegemas,448,02/13/2021, 06:11:01,609
FGEM00001,Freegemas,448,02/13/2021, 07:09:25,609
FGEM00001,Freegemas,448,02/13/2021, 08:12:00,609
FGEM00001,Freegemas,449,02/13/2021, 09:10:26,609
FGEM00001,Freegemas,450,02/13/2021, 10:10:57,609
FGEM00001,Freegemas,450,02/13/2021, 11:09:27,609
FGEM00001,Freegemas,450,02/13/2021, 12:12:58,609
FGEM00001,Freegemas,450,02/13/2021, 13:09:02,609
FGEM00001,Freegemas,450,02/13/2021, 14:09:45,609
FGEM00001,Freegemas,450,02/13/2021, 15:09:02,609
FGEM00001,Freegemas,451,02/13/2021, 16:15:17,609
FGEM00001,Freegemas,451,02/13/2021, 17:20:26,609
FGEM00001,Freegemas,451,02/13/2021, 18:10:47,609
FGEM00001,Freegemas,451,02/13/2021, 19:07:45,609
FGEM00001,Freegemas,451,02/13/2021, 20:10:01,609
FGEM00001,Freegemas,451,02/13/2021, 21:08:29,609
FGEM00001,Freegemas,452,02/13/2021, 22:10:57,609
FGEM00001,Freegemas,452,02/13/2021, 23:10:25,609
FGEM00001,Freegemas,453,02/14/2021, 00:25:05,609
FGEM00001,Freegemas,454,02/14/2021, 01:35:10,609
FGEM00001,Freegemas,454,02/14/2021, 02:15:53,609
FGEM00001,Freegemas,454,02/14/2021, 03:10:41,609
FGEM00001,Freegemas,454,02/14/2021, 04:12:04,609
FGEM00001,Freegemas,455,02/14/2021, 05:09:26,609
FGEM00001,Freegemas,455,02/14/2021, 06:11:17,609
FGEM00001,Freegemas,455,02/14/2021, 07:09:46,609
FGEM00001,Freegemas,455,02/14/2021, 08:12:41,609
FGEM00001,Freegemas,456,02/14/2021, 09:10:42,609
FGEM00001,Freegemas,457,02/14/2021, 10:10:49,609
FGEM00001,Freegemas,457,02/14/2021, 11:09:18,609
FGEM00001,Freegemas,457,02/14/2021, 12:13:12,609
FGEM00001,Freegemas,458,02/14/2021, 13:09:43,609
FGEM00001,Freegemas,458,02/14/2021, 14:09:44,609
FGEM00001,Freegemas,458,02/14/2021, 15:09:16,609
FGEM00001,Freegemas,458,02/14/2021, 16:15:23,609
FGEM00001,Freegemas,459,02/14/2021, 17:21:03,609
FGEM00001,Freegemas,459,02/14/2021, 18:10:45,609
FGEM00001,Freegemas,460,02/14/2021, 19:07:43,609
FGEM00001,Freegemas,461,02/14/2021, 20:10:00,609
FGEM00001,Freegemas,461,02/14/2021, 21:08:56,609
FGEM00001,Freegemas,462,02/14/2021, 22:10:56,609
FGEM00001,Freegemas,462,02/14/2021, 23:10:28,609
FGEM00001,Freegemas,462,02/15/2021, 00:24:27,609
FGEM00001,Freegemas,462,02/15/2021, 01:34:45,609
FGEM00001,Freegemas,463,02/15/2021, 02:16:22,609
FGEM00001,Freegemas,463,02/15/2021, 03:10:38,609
FGEM00001,Freegemas,465,02/15/2021, 04:12:14,609
FGEM00001,Freegemas,465,02/15/2021, 05:12:25,609
FGEM00001,Freegemas,465,02/15/2021, 06:11:15,609
FGEM00001,Freegemas,465,02/15/2021, 07:09:53,609
FGEM00001,Freegemas,465,02/15/2021, 08:12:30,609
FGEM00001,Freegemas,465,02/15/2021, 09:10:47,609
FGEM00001,Freegemas,465,02/15/2021, 10:11:12,609
FGEM00001,Freegemas,465,02/15/2021, 11:09:43,609
FGEM00001,Freegemas,465,02/15/2021, 12:13:31,609
FGEM00001,Freegemas,466,02/15/2021, 13:11:18,609
FGEM00001,Freegemas,466,02/15/2021, 14:10:03,609
FGEM00001,Freegemas,466,02/15/2021, 15:09:43,609
FGEM00001,Freegemas,467,02/15/2021, 16:16:10,609
FGEM00001,Freegemas,467,02/15/2021, 17:22:59,609
FGEM00001,Freegemas,467,02/15/2021, 18:11:21,609
FGEM00001,Freegemas,468,02/15/2021, 19:07:37,609
FGEM00001,Freegemas,469,02/15/2021, 20:09:59,609
FGEM00001,Freegemas,470,02/15/2021, 21:09:01,609
FGEM00001,Freegemas,473,02/15/2021, 22:10:48,609
FGEM00001,Freegemas,474,02/15/2021, 23:10:32,609
FGEM00001,Freegemas,474,02/16/2021, 00:24:10,609
FGEM00001,Freegemas,474,02/16/2021, 01:34:28,609
FGEM00001,Freegemas,474,02/16/2021, 02:15:46,609
FGEM00001,Freegemas,474,02/16/2021, 03:10:27,609
FGEM00001,Freegemas,474,02/16/2021, 04:12:04,609
FGEM00001,Freegemas,474,02/16/2021, 05:09:39,609
FGEM00001,Freegemas,475,02/16/2021, 06:10:57,609
FGEM00001,Freegemas,475,02/16/2021, 07:09:43,609
FGEM00001,Freegemas,475,02/16/2021, 08:11:42,609
FGEM00001,Freegemas,475,02/16/2021, 09:10:22,609
FGEM00001,Freegemas,475,02/16/2021, 10:11:02,609
FGEM00001,Freegemas,475,02/16/2021, 11:09:36,609
FGEM00001,Freegemas,475,02/16/2021, 12:13:10,609
FGEM00001,Freegemas,475,02/16/2021, 13:10:01,609
FGEM00001,Freegemas,475,02/16/2021, 14:10:19,609
FGEM00001,Freegemas,475,02/16/2021, 15:09:29,609
FGEM00001,Freegemas,475,02/16/2021, 16:15:55,609
FGEM00001,Freegemas,475,02/16/2021, 17:22:16,609
FGEM00001,Freegemas,475,02/16/2021, 18:11:14,609
FGEM00001,Freegemas,475,02/16/2021, 19:07:35,609
FGEM00001,Freegemas,475,02/16/2021, 20:10:07,609
FGEM00001,Freegemas,475,02/16/2021, 21:08:56,609
FGEM00001,Freegemas,475,02/16/2021, 22:10:44,609
FGEM00001,Freegemas,476,02/16/2021, 23:10:24,609
FGEM00001,Freegemas,477,02/17/2021, 00:24:12,609
FGEM00001,Freegemas,477,02/17/2021, 01:33:59,609
FGEM00001,Freegemas,477,02/17/2021, 02:13:42,609
FGEM00001,Freegemas,477,02/17/2021, 03:10:46,609
FGEM00001,Freegemas,477,02/17/2021, 04:12:03,609
FGEM00001,Freegemas,478,02/17/2021, 05:09:35,609
FGEM00001,Freegemas,478,02/17/2021, 06:09:18,609
FGEM00001,Freegemas,478,02/17/2021, 07:10:04,609
FGEM00001,Freegemas,478,02/17/2021, 08:12:15,609
FGEM00001,Freegemas,478,02/17/2021, 09:10:26,609
FGEM00001,Freegemas,478,02/17/2021, 10:11:15,609
FGEM00001,Freegemas,478,02/17/2021, 11:09:34,609
FGEM00001,Freegemas,478,02/17/2021, 12:13:01,609
FGEM00001,Freegemas,478,02/17/2021, 13:10:07,609
FGEM00001,Freegemas,478,02/17/2021, 14:23:12,609
FGEM00001,Freegemas,479,02/17/2021, 15:20:05,609
FGEM00001,Freegemas,479,02/17/2021, 16:16:01,609
FGEM00001,Freegemas,479,02/17/2021, 17:27:00,609
FGEM00001,Freegemas,480,02/17/2021, 18:09:25,609
FGEM00001,Freegemas,480,02/17/2021, 19:06:45,609
FGEM00001,Freegemas,483,02/17/2021, 20:10:20,609
FGEM00001,Freegemas,483,02/17/2021, 21:09:03,609
FGEM00001,Freegemas,484,02/17/2021, 22:09:09,609
FGEM00001,Freegemas,484,02/17/2021, 23:10:11,609
FGEM00001,Freegemas,485,02/18/2021, 00:24:41,609
FGEM00001,Freegemas,485,02/18/2021, 01:34:49,609
FGEM00001,Freegemas,485,02/18/2021, 02:15:42,609
FGEM00001,Freegemas,485,02/18/2021, 03:10:14,609
FGEM00001,Freegemas,486,02/18/2021, 04:12:22,609
FGEM00001,Freegemas,487,02/18/2021, 05:09:52,609
FGEM00001,Freegemas,487,02/18/2021, 06:11:01,609
FGEM00001,Freegemas,487,02/18/2021, 07:09:42,609
FGEM00001,Freegemas,487,02/18/2021, 08:11:49,609
FGEM00001,Freegemas,487,02/18/2021, 09:10:24,609
FGEM00001,Freegemas,487,02/18/2021, 10:11:09,609
FGEM00001,Freegemas,487,02/18/2021, 11:09:42,609
FGEM00001,Freegemas,488,02/18/2021, 12:13:21,609
FGEM00001,Freegemas,488,02/18/2021, 13:10:35,609
FGEM00001,Freegemas,489,02/18/2021, 14:10:18,609
FGEM00001,Freegemas,489,02/18/2021, 15:09:52,609
FGEM00001,Freegemas,491,02/18/2021, 16:16:13,609
FGEM00001,Freegemas,491,02/18/2021, 17:23:13,609
FGEM00001,Freegemas,491,02/18/2021, 18:11:07,609
FGEM00001,Freegemas,491,02/18/2021, 19:07:27,609
FGEM00001,Freegemas,491,02/18/2021, 20:10:19,609
FGEM00001,Freegemas,493,02/18/2021, 21:09:03,609
FGEM00001,Freegemas,494,02/18/2021, 22:10:44,609
FGEM00001,Freegemas,494,02/18/2021, 23:10:24,609
FGEM00001,Freegemas,494,02/19/2021, 00:24:14,609
FGEM00001,Freegemas,494,02/19/2021, 01:34:50,609
FGEM00001,Freegemas,495,02/19/2021, 02:16:00,609
FGEM00001,Freegemas,495,02/19/2021, 03:10:31,609
FGEM00001,Freegemas,495,02/19/2021, 04:12:18,609
FGEM00001,Freegemas,495,02/19/2021, 05:10:01,609
FGEM00001,Freegemas,496,02/19/2021, 06:11:06,609
FGEM00001,Freegemas,496,02/19/2021, 07:09:27,609
FGEM00001,Freegemas,496,02/19/2021, 08:11:49,609
FGEM00001,Freegemas,496,02/19/2021, 09:10:36,609
FGEM00001,Freegemas,497,02/19/2021, 10:11:20,609
FGEM00001,Freegemas,497,02/19/2021, 11:09:36,609
FGEM00001,Freegemas,497,02/19/2021, 12:13:09,609
FGEM00001,Freegemas,498,02/19/2021, 13:10:44,609
FGEM00001,Freegemas,498,02/19/2021, 14:10:06,609
FGEM00001,Freegemas,499,02/19/2021, 15:09:47,609
FGEM00001,Freegemas,500,02/19/2021, 16:16:10,609
FGEM00001,Freegemas,500,02/19/2021, 17:23:18,609
FGEM00001,Freegemas,500,02/19/2021, 18:11:02,609
FGEM00001,Freegemas,500,02/19/2021, 19:07:53,609
FGEM00001,Freegemas,500,02/19/2021, 20:10:25,609
FGEM00001,Freegemas,500,02/19/2021, 21:08:57,609
FGEM00001,Freegemas,500,02/19/2021, 22:10:48,609
FGEM00001,Freegemas,500,02/19/2021, 23:10:37,609
FGEM00001,Freegemas,500,02/20/2021, 00:24:07,609
FGEM00001,Freegemas,502,02/20/2021, 01:34:19,609
FGEM00001,Freegemas,502,02/20/2021, 02:15:29,609
FGEM00001,Freegemas,502,02/20/2021, 03:10:19,609
FGEM00001,Freegemas,502,02/20/2021, 04:12:08,609
FGEM00001,Freegemas,502,02/20/2021, 05:09:44,609
FGEM00001,Freegemas,502,02/20/2021, 06:10:55,609
FGEM00001,Freegemas,502,02/20/2021, 07:09:44,609
FGEM00001,Freegemas,502,02/20/2021, 08:11:53,609
FGEM00001,Freegemas,502,02/20/2021, 09:10:22,609
FGEM00001,Freegemas,502,02/20/2021, 10:10:57,609
FGEM00001,Freegemas,502,02/20/2021, 11:09:29,609
FGEM00001,Freegemas,502,02/20/2021, 12:13:00,609
FGEM00001,Freegemas,502,02/20/2021, 13:09:40,609
FGEM00001,Freegemas,503,02/20/2021, 14:09:57,609
FGEM00001,Freegemas,503,02/20/2021, 15:09:29,609
FGEM00001,Freegemas,509,02/20/2021, 16:15:52,609
FGEM00001,Freegemas,511,02/20/2021, 17:22:24,609
FGEM00001,Freegemas,511,02/20/2021, 18:11:15,609
FGEM00001,Freegemas,512,02/20/2021, 20:10:11,609
FGEM00001,Freegemas,513,02/20/2021, 21:08:41,609
FGEM00001,Freegemas,513,02/20/2021, 22:10:45,609
FGEM00001,Freegemas,513,02/20/2021, 23:10:17,609
FGEM00001,Freegemas,514,02/21/2021, 00:25:32,609
FGEM00001,Freegemas,514,02/21/2021, 01:36:55,609
FGEM00001,Freegemas,514,02/21/2021, 02:17:36,609
FGEM00001,Freegemas,515,02/21/2021, 03:10:21,609
FGEM00001,Freegemas,517,02/21/2021, 04:12:04,609
FGEM00001,Freegemas,517,02/21/2021, 05:09:36,609
FGEM00001,Freegemas,518,02/21/2021, 06:10:51,609
FGEM00001,Freegemas,518,02/21/2021, 07:09:39,609
FGEM00001,Freegemas,518,02/21/2021, 08:11:49,609
FGEM00001,Freegemas,519,02/21/2021, 09:10:06,609
FGEM00001,Freegemas,519,02/21/2021, 10:10:48,609
FGEM00001,Freegemas,520,02/21/2021, 11:09:32,609
FGEM00001,Freegemas,520,02/21/2021, 12:13:01,609
FGEM00001,Freegemas,520,02/21/2021, 13:09:34,609
FGEM00001,Freegemas,520,02/21/2021, 14:10:00,609
FGEM00001,Freegemas,520,02/21/2021, 15:09:30,609
FGEM00001,Freegemas,520,02/21/2021, 16:15:44,609
FGEM00001,Freegemas,521,02/21/2021, 17:21:35,609
FGEM00001,Freegemas,521,02/21/2021, 18:10:52,609
FGEM00001,Freegemas,521,02/21/2021, 19:07:45,609
FGEM00001,Freegemas,521,02/21/2021, 20:10:15,609
FGEM00001,Freegemas,521,02/21/2021, 21:08:48,609
FGEM00001,Freegemas,522,02/21/2021, 22:10:47,609
FGEM00001,Freegemas,522,02/21/2021, 23:10:29,609
FGEM00001,Freegemas,522,02/22/2021, 00:24:54,609
FGEM00001,Freegemas,522,02/22/2021, 01:36:36,609
FGEM00001,Freegemas,522,02/22/2021, 02:17:55,609
FGEM00001,Freegemas,522,02/22/2021, 03:10:36,609
FGEM00001,Freegemas,522,02/22/2021, 04:12:07,609
FGEM00001,Freegemas,523,02/22/2021, 05:09:40,609
FGEM00001,Freegemas,523,02/22/2021, 06:11:28,609
FGEM00001,Freegemas,523,02/22/2021, 07:08:24,609
FGEM00001,Freegemas,524,02/22/2021, 08:11:26,609
FGEM00001,Freegemas,524,02/22/2021, 09:08:58,609
FGEM00001,Freegemas,525,02/22/2021, 10:09:41,609
FGEM00001,Freegemas,525,02/22/2021, 11:09:47,609
FGEM00001,Freegemas,525,02/22/2021, 12:11:19,609
FGEM00001,Freegemas,525,02/22/2021, 13:08:36,609
FGEM00001,Freegemas,525,02/22/2021, 14:10:12,609
FGEM00001,Freegemas,525,02/22/2021, 15:09:46,609
FGEM00001,Freegemas,526,02/22/2021, 16:16:25,609
FGEM00001,Freegemas,526,02/22/2021, 17:24:20,609
FGEM00001,Freegemas,526,02/22/2021, 18:11:09,609
FGEM00001,Freegemas,527,02/22/2021, 19:07:46,609
FGEM00001,Freegemas,527,02/22/2021, 20:10:28,609
FGEM00001,Freegemas,528,02/22/2021, 21:09:08,609
FGEM00001,Freegemas,529,02/22/2021, 22:10:46,609
FGEM00001,Freegemas,529,02/22/2021, 23:10:40,609
FGEM00001,Freegemas,529,02/23/2021, 00:24:33,609
FGEM00001,Freegemas,529,02/23/2021, 01:36:09,609
FGEM00001,Freegemas,529,02/23/2021, 02:17:28,609
FGEM00001,Freegemas,529,02/23/2021, 03:10:44,609
FGEM00001,Freegemas,529,02/23/2021, 04:10:52,609
FGEM00001,Freegemas,529,02/23/2021, 05:09:36,609
FGEM00001,Freegemas,529,02/23/2021, 06:11:08,609
FGEM00001,Freegemas,529,02/23/2021, 07:09:48,609
FGEM00001,Freegemas,529,02/23/2021, 08:12:32,609
FGEM00001,Freegemas,529,02/23/2021, 09:10:33,609
FGEM00001,Freegemas,529,02/23/2021, 10:11:29,609
FGEM00001,Freegemas,529,02/23/2021, 11:09:47,609
FGEM00001,Freegemas,529,02/23/2021, 12:13:26,609
FGEM00001,Freegemas,529,02/23/2021, 13:16:20,609
FGEM00001,Freegemas,529,02/23/2021, 14:15:22,609
FGEM00001,Freegemas,529,02/23/2021, 15:22:20,609
FGEM00001,Freegemas,530,02/23/2021, 16:53:46,609
FGEM00001,Freegemas,531,02/23/2021, 17:27:57,609
FGEM00001,Freegemas,532,02/23/2021, 18:11:12,609
FGEM00001,Freegemas,533,02/23/2021, 19:08:08,609
FGEM00001,Freegemas,533,02/23/2021, 20:10:53,609
FGEM00001,Freegemas,533,02/23/2021, 21:09:23,609
FGEM00001,Freegemas,533,02/23/2021, 22:10:41,609
FGEM00001,Freegemas,533,02/23/2021, 23:10:34,609
FGEM00001,Freegemas,533,02/24/2021, 00:24:55,609
FGEM00001,Freegemas,534,02/24/2021, 01:37:10,609
FGEM00001,Freegemas,534,02/24/2021, 02:18:35,609
FGEM00001,Freegemas,534,02/24/2021, 03:11:07,609
FGEM00001,Freegemas,534,02/24/2021, 04:10:24,609
FGEM00001,Freegemas,534,02/24/2021, 05:09:38,609
FGEM00001,Freegemas,534,02/24/2021, 06:11:23,609
FGEM00001,Freegemas,535,02/24/2021, 07:09:28,609
FGEM00001,Freegemas,535,02/24/2021, 08:17:17,609
FGEM00001,Freegemas,535,02/24/2021, 09:16:14,609
FGEM00001,Freegemas,535,02/24/2021, 10:17:51,609
FGEM00001,Freegemas,535,02/24/2021, 11:15:36,609
FGEM00001,Freegemas,535,02/24/2021, 12:19:00,609
FGEM00001,Freegemas,536,02/24/2021, 13:17:37,609
FGEM00001,Freegemas,536,02/24/2021, 14:15:52,609
FGEM00001,Freegemas,536,02/24/2021, 15:23:50,609
FGEM00001,Freegemas,536,02/24/2021, 16:29:29,609
FGEM00001,Freegemas,539,02/24/2021, 17:30:59,609
FGEM00001,Freegemas,539,02/24/2021, 18:11:13,609
FGEM00001,Freegemas,539,02/24/2021, 19:07:30,609
FGEM00001,Freegemas,540,02/24/2021, 20:10:33,609
FGEM00001,Freegemas,540,02/24/2021, 21:09:12,609
FGEM00001,Freegemas,540,02/24/2021, 22:10:56,609
FGEM00001,Freegemas,540,02/24/2021, 23:10:22,609
FGEM00001,Freegemas,540,02/25/2021, 00:24:38,609
FGEM00001,Freegemas,541,02/25/2021, 01:37:05,609
FGEM00001,Freegemas,541,02/25/2021, 02:17:42,609
FGEM00001,Freegemas,541,02/25/2021, 03:10:38,609
FGEM00001,Freegemas,541,02/25/2021, 04:12:19,609
FGEM00001,Freegemas,541,02/25/2021, 05:09:40,609
FGEM00001,Freegemas,541,02/25/2021, 06:11:32,609
FGEM00001,Freegemas,542,02/25/2021, 07:09:32,609
FGEM00001,Freegemas,544,02/25/2021, 08:12:15,609
FGEM00001,Freegemas,545,02/25/2021, 09:16:02,609
FGEM00001,Freegemas,545,02/25/2021, 10:17:18,609
FGEM00001,Freegemas,545,02/25/2021, 11:09:43,609
FGEM00001,Freegemas,545,02/25/2021, 12:13:10,609
FGEM00001,Freegemas,545,02/25/2021, 13:11:43,609
FGEM00001,Freegemas,545,02/25/2021, 14:10:13,609
FGEM00001,Freegemas,546,02/25/2021, 15:15:55,609
FGEM00001,Freegemas,547,02/25/2021, 16:21:45,609
FGEM00001,Freegemas,547,02/25/2021, 17:30:07,609
FGEM00001,Freegemas,547,02/25/2021, 18:15:17,609
FGEM00001,Freegemas,547,02/25/2021, 19:07:30,609
FGEM00001,Freegemas,547,02/25/2021, 20:10:41,609
FGEM00001,Freegemas,547,02/25/2021, 21:09:23,609
FGEM00001,Freegemas,547,02/25/2021, 22:10:47,609
FGEM00001,Freegemas,547,02/25/2021, 23:10:58,609
FGEM00001,Freegemas,547,02/26/2021, 00:27:00,609
FGEM00001,Freegemas,547,02/26/2021, 01:37:34,609
FGEM00001,Freegemas,547,02/26/2021, 02:18:53,609
FGEM00001,Freegemas,547,02/26/2021, 03:10:58,609
FGEM00001,Freegemas,547,02/26/2021, 04:12:14,609
FGEM00001,Freegemas,547,02/26/2021, 05:09:43,609
FGEM00001,Freegemas,547,02/26/2021, 06:11:21,609
FGEM00001,Freegemas,547,02/26/2021, 07:10:06,609
FGEM00001,Freegemas,547,02/26/2021, 08:12:13,609
FGEM00001,Freegemas,547,02/26/2021, 09:10:56,609
FGEM00001,Freegemas,548,02/26/2021, 10:11:40,609
FGEM00001,Freegemas,548,02/26/2021, 11:15:19,609
FGEM00001,Freegemas,548,02/26/2021, 12:13:33,609
FGEM00001,Freegemas,548,02/26/2021, 13:12:00,609
FGEM00001,Freegemas,548,02/26/2021, 14:10:04,609
FGEM00001,Freegemas,548,02/26/2021, 15:09:40,609
FGEM00001,Freegemas,548,02/26/2021, 16:16:14,609
FGEM00001,Freegemas,548,02/26/2021, 17:26:03,609
FGEM00001,Freegemas,548,02/26/2021, 18:11:10,609
FGEM00001,Freegemas,548,02/26/2021, 19:07:33,609
FGEM00001,Freegemas,549,02/26/2021, 20:10:43,609
FGEM00001,Freegemas,550,02/26/2021, 21:09:06,609
FGEM00001,Freegemas,550,02/26/2021, 22:10:41,609
FGEM00001,Freegemas,551,02/26/2021, 23:10:48,609
FGEM00001,Freegemas,551,02/27/2021, 00:24:55,609
FGEM00001,Freegemas,551,02/27/2021, 01:37:00,609
FGEM00001,Freegemas,551,02/27/2021, 02:18:25,609
FGEM00001,Freegemas,551,02/27/2021, 03:11:04,609
FGEM00001,Freegemas,552,02/27/2021, 04:12:33,609
FGEM00001,Freegemas,552,02/27/2021, 05:09:55,609
FGEM00001,Freegemas,552,02/27/2021, 06:11:19,609
FGEM00001,Freegemas,552,02/27/2021, 07:09:50,609
FGEM00001,Freegemas,552,02/27/2021, 08:11:45,609
FGEM00001,Freegemas,552,02/27/2021, 09:10:47,609
FGEM00001,Freegemas,552,02/27/2021, 10:11:20,609
FGEM00001,Freegemas,552,02/27/2021, 11:09:45,609
FGEM00001,Freegemas,552,02/27/2021, 12:13:14,609
FGEM00001,Freegemas,552,02/27/2021, 13:10:54,609
FGEM00001,Freegemas,552,02/27/2021, 14:09:45,609
FGEM00001,Freegemas,553,02/27/2021, 15:09:34,609
FGEM00001,Freegemas,553,02/27/2021, 16:16:22,609
FGEM00001,Freegemas,553,02/27/2021, 17:25:44,609
FGEM00001,Freegemas,553,02/27/2021, 18:11:06,609
FGEM00001,Freegemas,553,02/27/2021, 19:07:41,609
FGEM00001,Freegemas,553,02/27/2021, 20:10:23,609
FGEM00001,Freegemas,554,02/27/2021, 21:09:09,609
FGEM00001,Freegemas,554,02/27/2021, 22:10:47,609
FGEM00001,Freegemas,554,02/27/2021, 23:10:47,609
FGEM00001,Freegemas,554,02/28/2021, 00:26:34,609
FGEM00001,Freegemas,554,02/28/2021, 01:40:04,609
FGEM00001,Freegemas,554,02/28/2021, 02:21:32,609
FGEM00001,Freegemas,554,02/28/2021, 03:10:47,609
FGEM00001,Freegemas,554,02/28/2021, 04:12:31,609
FGEM00001,Freegemas,554,02/28/2021, 05:10:23,609
FGEM00001,Freegemas,554,02/28/2021, 06:11:33,609
FGEM00001,Freegemas,554,02/28/2021, 07:09:33,609
FGEM00001,Freegemas,554,02/28/2021, 08:12:02,609
FGEM00001,Freegemas,555,02/28/2021, 09:10:45,609
FGEM00001,Freegemas,555,02/28/2021, 10:11:29,609
FGEM00001,Freegemas,555,02/28/2021, 11:09:45,609
FGEM00001,Freegemas,555,02/28/2021, 12:13:16,609
FGEM00001,Freegemas,556,02/28/2021, 13:10:39,609
FGEM00001,Freegemas,557,02/28/2021, 14:09:54,609
FGEM00001,Freegemas,557,02/28/2021, 15:09:38,609
FGEM00001,Freegemas,557,02/28/2021, 16:16:16,609
FGEM00001,Freegemas,557,02/28/2021, 17:25:38,609
FGEM00001,Freegemas,557,02/28/2021, 18:10:56,609
FGEM00001,Freegemas,557,02/28/2021, 19:07:50,609
FGEM00001,Freegemas,558,02/28/2021, 20:10:15,609
FGEM00001,Freegemas,558,02/28/2021, 21:08:59,609
FGEM00001,Freegemas,558,02/28/2021, 22:10:39,609
FGEM00001,Freegemas,559,02/28/2021, 23:10:39,609
FGEM00001,Freegemas,559,03/01/2021, 00:26:45,609
FGEM00001,Freegemas,559,03/01/2021, 01:41:28,609
FGEM00001,Freegemas,559,03/01/2021, 02:23:01,609
FGEM00001,Freegemas,560,03/01/2021, 03:10:50,609
FGEM00001,Freegemas,560,03/01/2021, 04:12:54,609
FGEM00001,Freegemas,560,03/01/2021, 05:10:18,609
FGEM00001,Freegemas,560,03/01/2021, 06:11:50,609
FGEM00001,Freegemas,560,03/01/2021, 07:09:55,609
FGEM00001,Freegemas,561,03/01/2021, 08:12:38,609
FGEM00001,Freegemas,561,03/01/2021, 09:10:58,609
FGEM00001,Freegemas,562,03/01/2021, 10:43:51,609
FGEM00001,Freegemas,562,03/01/2021, 11:16:58,609
FGEM00001,Freegemas,562,03/01/2021, 12:13:37,609
FGEM00001,Freegemas,562,03/01/2021, 13:17:11,609
FGEM00001,Freegemas,562,03/01/2021, 14:10:26,609
FGEM00001,Freegemas,562,03/01/2021, 15:10:00,609
FGEM00001,Freegemas,563,03/01/2021, 16:16:25,609
FGEM00001,Freegemas,563,03/01/2021, 17:26:59,609
FGEM00001,Freegemas,563,03/01/2021, 18:11:02,609
