FGS000667,PrBoom Plus,2,11/06/2020, 11:07:11,591
FGS000667,PrBoom Plus,13,11/06/2020, 12:10:37,591
FGS000667,PrBoom Plus,20,11/06/2020, 13:07:46,591
FGS000667,PrBoom Plus,33,11/06/2020, 14:08:26,591
FGS000667,PrBoom Plus,53,11/06/2020, 15:08:38,591
FGS000667,PrBoom Plus,61,11/06/2020, 16:16:05,591
FGS000667,PrBoom Plus,76,11/06/2020, 17:07:52,591
FGS000667,PrBoom Plus,89,11/06/2020, 18:07:51,591
FGS000667,PrBoom Plus,92,11/06/2020, 19:06:34,591
FGS000667,PrBoom Plus,99,11/06/2020, 20:07:11,591
FGS000667,PrBoom Plus,107,11/06/2020, 21:07:01,591
FGS000667,PrBoom Plus,111,11/06/2020, 22:09:44,591
FGS000667,PrBoom Plus,116,11/06/2020, 23:07:46,591
FGS000667,PrBoom Plus,125,11/07/2020, 00:20:55,591
FGS000667,PrBoom Plus,127,11/07/2020, 01:16:17,591
FGS000667,PrBoom Plus,133,11/07/2020, 02:09:05,591
FGS000667,PrBoom Plus,138,11/07/2020, 03:08:10,591
FGS000667,PrBoom Plus,142,11/07/2020, 04:10:57,591
FGS000667,PrBoom Plus,144,11/07/2020, 05:07:51,591
FGS000667,PrBoom Plus,147,11/07/2020, 06:08:49,591
FGS000667,PrBoom Plus,150,11/07/2020, 07:08:51,591
FGS000667,PrBoom Plus,151,11/07/2020, 08:09:15,591
FGS000667,PrBoom Plus,156,11/07/2020, 09:08:10,591
FGS000667,PrBoom Plus,158,11/07/2020, 10:09:46,591
FGS000667,PrBoom Plus,159,11/07/2020, 11:07:34,591
FGS000667,PrBoom Plus,161,11/07/2020, 12:10:28,591
FGS000667,PrBoom Plus,167,11/07/2020, 13:07:28,591
FGS000667,PrBoom Plus,173,11/07/2020, 14:07:52,591
FGS000667,PrBoom Plus,179,11/07/2020, 15:08:21,591
FGS000667,PrBoom Plus,182,11/07/2020, 16:15:42,591
FGS000667,PrBoom Plus,189,11/07/2020, 17:07:30,591
FGS000667,PrBoom Plus,192,11/07/2020, 18:07:46,591
FGS000667,PrBoom Plus,201,11/07/2020, 19:06:47,591
FGS000667,PrBoom Plus,202,11/07/2020, 20:07:16,591
FGS000667,PrBoom Plus,204,11/07/2020, 21:06:55,591
FGS000667,PrBoom Plus,207,11/07/2020, 22:09:28,591
FGS000667,PrBoom Plus,210,11/07/2020, 23:07:50,591
FGS000667,PrBoom Plus,215,11/08/2020, 00:22:12,591
FGS000667,PrBoom Plus,217,11/08/2020, 01:18:44,591
FGS000667,PrBoom Plus,219,11/08/2020, 02:09:43,591
FGS000667,PrBoom Plus,220,11/08/2020, 03:08:12,591
FGS000667,PrBoom Plus,223,11/08/2020, 04:11:09,591
FGS000667,PrBoom Plus,225,11/08/2020, 05:08:19,591
FGS000667,PrBoom Plus,227,11/08/2020, 06:09:14,591
FGS000667,PrBoom Plus,227,11/08/2020, 07:08:53,591
FGS000667,PrBoom Plus,229,11/08/2020, 08:09:36,591
FGS000667,PrBoom Plus,231,11/08/2020, 09:08:03,591
FGS000667,PrBoom Plus,231,11/08/2020, 10:09:57,591
FGS000667,PrBoom Plus,232,11/08/2020, 11:07:32,591
FGS000667,PrBoom Plus,233,11/08/2020, 12:10:35,591
FGS000667,PrBoom Plus,234,11/08/2020, 13:07:29,591
FGS000667,PrBoom Plus,234,11/08/2020, 14:08:28,591
FGS000667,PrBoom Plus,235,11/08/2020, 15:08:32,591
FGS000667,PrBoom Plus,236,11/08/2020, 16:16:10,591
FGS000667,PrBoom Plus,237,11/08/2020, 17:07:40,591
FGS000667,PrBoom Plus,240,11/08/2020, 18:07:33,591
FGS000667,PrBoom Plus,244,11/08/2020, 19:06:38,591
FGS000667,PrBoom Plus,245,11/08/2020, 20:07:24,591
FGS000667,PrBoom Plus,247,11/08/2020, 21:06:49,591
FGS000667,PrBoom Plus,250,11/08/2020, 22:09:45,591
FGS000667,PrBoom Plus,250,11/08/2020, 23:07:55,591
FGS000667,PrBoom Plus,252,11/09/2020, 00:22:10,591
FGS000667,PrBoom Plus,253,11/09/2020, 01:18:44,591
FGS000667,PrBoom Plus,256,11/09/2020, 02:10:02,591
FGS000667,PrBoom Plus,256,11/09/2020, 03:08:16,591
FGS000667,PrBoom Plus,258,11/09/2020, 04:11:40,591
FGS000667,PrBoom Plus,258,11/09/2020, 05:08:25,591
FGS000667,PrBoom Plus,259,11/09/2020, 06:09:27,591
FGS000667,PrBoom Plus,259,11/09/2020, 07:09:16,591
FGS000667,PrBoom Plus,259,11/09/2020, 08:10:03,591
FGS000667,PrBoom Plus,260,11/09/2020, 09:08:29,591
FGS000667,PrBoom Plus,261,11/09/2020, 10:10:40,591
FGS000667,PrBoom Plus,262,11/09/2020, 11:07:57,591
FGS000667,PrBoom Plus,262,11/09/2020, 12:11:12,591
FGS000667,PrBoom Plus,263,11/09/2020, 13:08:14,591
FGS000667,PrBoom Plus,264,11/09/2020, 14:09:13,591
FGS000667,PrBoom Plus,264,11/09/2020, 15:10:03,591
FGS000667,PrBoom Plus,265,11/09/2020, 16:18:35,591
FGS000667,PrBoom Plus,265,11/09/2020, 17:08:28,591
FGS000667,PrBoom Plus,268,11/09/2020, 18:08:17,591
FGS000667,PrBoom Plus,269,11/09/2020, 19:06:59,591
FGS000667,PrBoom Plus,271,11/09/2020, 20:07:36,591
FGS000667,PrBoom Plus,275,11/09/2020, 21:07:28,591
FGS000667,PrBoom Plus,277,11/09/2020, 22:10:19,591
FGS000667,PrBoom Plus,279,11/09/2020, 23:08:21,591
FGS000667,PrBoom Plus,282,11/10/2020, 00:22:00,591
FGS000667,PrBoom Plus,283,11/10/2020, 01:20:41,591
FGS000667,PrBoom Plus,284,11/10/2020, 02:10:07,591
FGS000667,PrBoom Plus,285,11/10/2020, 03:08:31,591
FGS000667,PrBoom Plus,287,11/10/2020, 04:07:51,591
FGS000667,PrBoom Plus,287,11/10/2020, 05:06:42,591
FGS000667,PrBoom Plus,288,11/10/2020, 06:07:59,591
FGS000667,PrBoom Plus,290,11/10/2020, 07:06:54,591
FGS000667,PrBoom Plus,290,11/10/2020, 08:07:54,591
FGS000667,PrBoom Plus,291,11/10/2020, 09:06:55,591
FGS000667,PrBoom Plus,292,11/10/2020, 10:08:15,591
FGS000667,PrBoom Plus,293,11/10/2020, 11:06:42,591
FGS000667,PrBoom Plus,294,11/10/2020, 12:09:36,591
FGS000667,PrBoom Plus,294,11/10/2020, 13:06:54,591
FGS000667,PrBoom Plus,295,11/10/2020, 14:08:12,591
FGS000667,PrBoom Plus,295,11/10/2020, 15:07:31,591
FGS000667,PrBoom Plus,296,11/10/2020, 16:11:31,591
FGS000667,PrBoom Plus,297,11/10/2020, 17:07:16,591
FGS000667,PrBoom Plus,299,11/10/2020, 18:07:27,591
FGS000667,PrBoom Plus,299,11/10/2020, 19:06:11,591
FGS000667,PrBoom Plus,302,11/10/2020, 20:07:07,591
FGS000667,PrBoom Plus,305,11/10/2020, 21:06:38,591
FGS000667,PrBoom Plus,307,11/10/2020, 22:08:27,591
FGS000667,PrBoom Plus,307,11/10/2020, 23:06:54,591
FGS000667,PrBoom Plus,311,11/11/2020, 00:16:26,591
FGS000667,PrBoom Plus,312,11/11/2020, 01:08:23,591
FGS000667,PrBoom Plus,313,11/11/2020, 02:08:06,591
FGS000667,PrBoom Plus,316,11/11/2020, 03:07:09,591
FGS000667,PrBoom Plus,317,11/11/2020, 04:08:35,591
FGS000667,PrBoom Plus,317,11/11/2020, 05:07:05,591
FGS000667,PrBoom Plus,318,11/11/2020, 06:08:08,591
FGS000667,PrBoom Plus,318,11/11/2020, 07:07:52,591
FGS000667,PrBoom Plus,318,11/11/2020, 08:08:22,591
FGS000667,PrBoom Plus,319,11/11/2020, 09:07:29,591
FGS000667,PrBoom Plus,319,11/11/2020, 10:08:18,591
FGS000667,PrBoom Plus,319,11/11/2020, 11:07:01,591
FGS000667,PrBoom Plus,319,11/11/2020, 12:09:38,591
FGS000667,PrBoom Plus,320,11/11/2020, 13:06:56,591
FGS000667,PrBoom Plus,322,11/11/2020, 14:08:13,591
FGS000667,PrBoom Plus,322,11/11/2020, 15:07:45,591
FGS000667,PrBoom Plus,322,11/11/2020, 16:11:44,591
FGS000667,PrBoom Plus,324,11/11/2020, 17:06:51,591
FGS000667,PrBoom Plus,325,11/11/2020, 18:07:41,591
FGS000667,PrBoom Plus,325,11/11/2020, 19:06:40,591
FGS000667,PrBoom Plus,327,11/11/2020, 20:07:19,591
FGS000667,PrBoom Plus,328,11/11/2020, 21:06:46,591
FGS000667,PrBoom Plus,328,11/11/2020, 22:08:34,591
FGS000667,PrBoom Plus,328,11/11/2020, 23:07:17,591
FGS000667,PrBoom Plus,328,11/12/2020, 00:19:39,591
FGS000667,PrBoom Plus,329,11/12/2020, 01:09:19,591
FGS000667,PrBoom Plus,329,11/12/2020, 02:08:32,591
FGS000667,PrBoom Plus,329,11/12/2020, 03:07:19,591
FGS000667,PrBoom Plus,329,11/12/2020, 04:08:52,591
FGS000667,PrBoom Plus,330,11/12/2020, 05:07:21,591
FGS000667,PrBoom Plus,330,11/12/2020, 06:08:35,591
FGS000667,PrBoom Plus,333,11/12/2020, 07:07:41,591
FGS000667,PrBoom Plus,334,11/12/2020, 08:09:00,591
FGS000667,PrBoom Plus,334,11/12/2020, 09:07:47,591
FGS000667,PrBoom Plus,334,11/12/2020, 10:08:39,591
FGS000667,PrBoom Plus,334,11/12/2020, 11:07:07,591
FGS000667,PrBoom Plus,335,11/12/2020, 12:09:53,591
FGS000667,PrBoom Plus,335,11/12/2020, 13:07:13,591
FGS000667,PrBoom Plus,335,11/12/2020, 14:08:35,591
FGS000667,PrBoom Plus,335,11/12/2020, 15:08:20,591
FGS000667,PrBoom Plus,336,11/12/2020, 16:13:18,591
FGS000667,PrBoom Plus,337,11/12/2020, 17:07:41,591
FGS000667,PrBoom Plus,338,11/12/2020, 18:07:57,591
FGS000667,PrBoom Plus,338,11/12/2020, 19:06:51,591
FGS000667,PrBoom Plus,338,11/12/2020, 20:07:13,591
FGS000667,PrBoom Plus,338,11/12/2020, 21:06:49,591
FGS000667,PrBoom Plus,338,11/12/2020, 22:08:41,591
FGS000667,PrBoom Plus,338,11/12/2020, 23:07:20,591
FGS000667,PrBoom Plus,339,11/13/2020, 00:19:03,591
FGS000667,PrBoom Plus,340,11/13/2020, 01:11:30,591
FGS000667,PrBoom Plus,340,11/13/2020, 02:08:52,591
FGS000667,PrBoom Plus,341,11/13/2020, 03:07:49,591
FGS000667,PrBoom Plus,343,11/13/2020, 04:09:39,591
FGS000667,PrBoom Plus,344,11/13/2020, 05:07:26,591
FGS000667,PrBoom Plus,344,11/13/2020, 06:08:54,591
FGS000667,PrBoom Plus,346,11/13/2020, 07:07:45,591
FGS000667,PrBoom Plus,346,11/13/2020, 08:08:44,591
FGS000667,PrBoom Plus,347,11/13/2020, 09:08:02,591
FGS000667,PrBoom Plus,347,11/13/2020, 10:08:19,591
FGS000667,PrBoom Plus,348,11/13/2020, 11:07:19,591
FGS000667,PrBoom Plus,348,11/13/2020, 12:09:59,591
FGS000667,PrBoom Plus,349,11/13/2020, 13:07:18,591
FGS000667,PrBoom Plus,349,11/13/2020, 14:08:21,591
FGS000667,PrBoom Plus,350,11/13/2020, 15:08:21,591
FGS000667,PrBoom Plus,351,11/13/2020, 16:11:36,591
FGS000667,PrBoom Plus,351,11/13/2020, 17:07:36,591
FGS000667,PrBoom Plus,351,11/13/2020, 18:07:56,591
FGS000667,PrBoom Plus,354,11/13/2020, 19:06:47,591
FGS000667,PrBoom Plus,356,11/13/2020, 20:07:34,591
FGS000667,PrBoom Plus,358,11/13/2020, 21:06:42,591
FGS000667,PrBoom Plus,358,11/13/2020, 22:08:55,591
FGS000667,PrBoom Plus,358,11/13/2020, 23:07:27,591
FGS000667,PrBoom Plus,358,11/14/2020, 00:20:07,591
FGS000667,PrBoom Plus,358,11/14/2020, 01:12:17,591
FGS000667,PrBoom Plus,361,11/14/2020, 02:11:50,591
FGS000667,PrBoom Plus,363,11/14/2020, 03:07:50,591
FGS000667,PrBoom Plus,363,11/14/2020, 04:08:43,591
FGS000667,PrBoom Plus,363,11/14/2020, 05:07:16,591
FGS000667,PrBoom Plus,366,11/14/2020, 06:08:33,591
FGS000667,PrBoom Plus,366,11/14/2020, 07:07:28,591
FGS000667,PrBoom Plus,367,11/14/2020, 08:08:46,591
FGS000667,PrBoom Plus,368,11/14/2020, 09:07:55,591
FGS000667,PrBoom Plus,370,11/14/2020, 10:08:16,591
FGS000667,PrBoom Plus,370,11/14/2020, 11:07:23,591
FGS000667,PrBoom Plus,372,11/14/2020, 12:09:10,591
FGS000667,PrBoom Plus,373,11/14/2020, 13:07:04,591
FGS000667,PrBoom Plus,373,11/14/2020, 14:07:54,591
FGS000667,PrBoom Plus,374,11/14/2020, 15:07:52,591
FGS000667,PrBoom Plus,374,11/14/2020, 16:10:59,591
FGS000667,PrBoom Plus,375,11/14/2020, 17:06:52,591
FGS000667,PrBoom Plus,376,11/14/2020, 18:07:34,591
FGS000667,PrBoom Plus,377,11/14/2020, 19:06:42,591
FGS000667,PrBoom Plus,378,11/14/2020, 20:07:15,591
FGS000667,PrBoom Plus,379,11/14/2020, 21:06:49,591
FGS000667,PrBoom Plus,380,11/14/2020, 22:08:19,591
FGS000667,PrBoom Plus,382,11/14/2020, 23:07:25,591
FGS000667,PrBoom Plus,385,11/15/2020, 00:21:21,591
FGS000667,PrBoom Plus,386,11/15/2020, 01:16:27,591
FGS000667,PrBoom Plus,388,11/15/2020, 02:09:01,591
FGS000667,PrBoom Plus,388,11/15/2020, 03:07:42,591
FGS000667,PrBoom Plus,388,11/15/2020, 04:08:56,591
FGS000667,PrBoom Plus,388,11/15/2020, 05:07:28,591
FGS000667,PrBoom Plus,389,11/15/2020, 06:08:55,591
FGS000667,PrBoom Plus,390,11/15/2020, 07:07:48,591
FGS000667,PrBoom Plus,390,11/15/2020, 08:08:41,591
FGS000667,PrBoom Plus,391,11/15/2020, 09:07:34,591
FGS000667,PrBoom Plus,391,11/15/2020, 10:08:02,591
FGS000667,PrBoom Plus,391,11/15/2020, 11:07:32,591
FGS000667,PrBoom Plus,392,11/15/2020, 12:09:51,591
FGS000667,PrBoom Plus,393,11/15/2020, 13:06:49,591
FGS000667,PrBoom Plus,393,11/15/2020, 14:08:01,591
FGS000667,PrBoom Plus,393,11/15/2020, 15:07:21,591
FGS000667,PrBoom Plus,393,11/15/2020, 16:11:08,591
FGS000667,PrBoom Plus,395,11/15/2020, 17:07:03,591
FGS000667,PrBoom Plus,395,11/15/2020, 18:07:37,591
FGS000667,PrBoom Plus,396,11/15/2020, 19:06:28,591
FGS000667,PrBoom Plus,396,11/15/2020, 20:07:30,591
FGS000667,PrBoom Plus,398,11/15/2020, 21:06:37,591
FGS000667,PrBoom Plus,400,11/15/2020, 22:08:34,591
FGS000667,PrBoom Plus,404,11/15/2020, 23:07:35,591
FGS000667,PrBoom Plus,405,11/16/2020, 00:20:59,591
FGS000667,PrBoom Plus,406,11/16/2020, 01:14:19,591
FGS000667,PrBoom Plus,406,11/16/2020, 02:10:40,591
FGS000667,PrBoom Plus,406,11/16/2020, 03:07:51,591
FGS000667,PrBoom Plus,407,11/16/2020, 04:09:17,591
FGS000667,PrBoom Plus,407,11/16/2020, 05:07:45,591
FGS000667,PrBoom Plus,408,11/16/2020, 06:08:51,591
FGS000667,PrBoom Plus,409,11/16/2020, 07:07:53,591
FGS000667,PrBoom Plus,409,11/16/2020, 08:09:10,591
FGS000667,PrBoom Plus,409,11/16/2020, 09:08:10,591
FGS000667,PrBoom Plus,410,11/16/2020, 10:09:03,591
FGS000667,PrBoom Plus,412,11/16/2020, 11:07:30,591
FGS000667,PrBoom Plus,412,11/16/2020, 12:10:18,591
FGS000667,PrBoom Plus,412,11/16/2020, 13:07:26,591
FGS000667,PrBoom Plus,412,11/16/2020, 14:09:24,591
FGS000667,PrBoom Plus,413,11/16/2020, 15:08:24,591
FGS000667,PrBoom Plus,414,11/16/2020, 16:13:18,591
FGS000667,PrBoom Plus,414,11/16/2020, 17:13:46,591
FGS000667,PrBoom Plus,415,11/16/2020, 18:08:12,591
FGS000667,PrBoom Plus,415,11/16/2020, 19:06:42,591
FGS000667,PrBoom Plus,418,11/16/2020, 20:07:35,591
FGS000667,PrBoom Plus,421,11/16/2020, 21:07:13,591
FGS000667,PrBoom Plus,422,11/16/2020, 22:08:58,591
FGS000667,PrBoom Plus,423,11/16/2020, 23:06:55,591
FGS000667,PrBoom Plus,425,11/17/2020, 00:20:41,591
FGS000667,PrBoom Plus,425,11/17/2020, 01:14:45,591
FGS000667,PrBoom Plus,425,11/17/2020, 02:09:10,591
FGS000667,PrBoom Plus,425,11/17/2020, 03:07:40,591
FGS000667,PrBoom Plus,426,11/17/2020, 04:09:13,591
FGS000667,PrBoom Plus,426,11/17/2020, 05:07:51,591
FGS000667,PrBoom Plus,426,11/17/2020, 06:09:01,591
FGS000667,PrBoom Plus,426,11/17/2020, 07:08:01,591
FGS000667,PrBoom Plus,427,11/17/2020, 08:09:26,591
FGS000667,PrBoom Plus,429,11/17/2020, 09:07:53,591
FGS000667,PrBoom Plus,429,11/17/2020, 10:09:55,591
FGS000667,PrBoom Plus,431,11/17/2020, 11:07:32,591
FGS000667,PrBoom Plus,431,11/17/2020, 12:10:08,591
FGS000667,PrBoom Plus,431,11/17/2020, 13:07:31,591
FGS000667,PrBoom Plus,432,11/17/2020, 14:10:16,591
FGS000667,PrBoom Plus,432,11/17/2020, 15:08:57,591
FGS000667,PrBoom Plus,434,11/17/2020, 16:13:37,591
FGS000667,PrBoom Plus,434,11/17/2020, 17:07:54,591
FGS000667,PrBoom Plus,435,11/17/2020, 18:08:06,591
FGS000667,PrBoom Plus,435,11/17/2020, 19:06:49,591
FGS000667,PrBoom Plus,436,11/17/2020, 20:10:04,591
FGS000667,PrBoom Plus,439,11/17/2020, 21:07:03,591
FGS000667,PrBoom Plus,440,11/17/2020, 22:09:15,591
FGS000667,PrBoom Plus,442,11/17/2020, 23:07:40,591
FGS000667,PrBoom Plus,442,11/18/2020, 00:21:03,591
FGS000667,PrBoom Plus,444,11/18/2020, 01:15:50,591
FGS000667,PrBoom Plus,444,11/18/2020, 02:09:19,591
FGS000667,PrBoom Plus,445,11/18/2020, 03:07:56,591
FGS000667,PrBoom Plus,445,11/18/2020, 04:09:35,591
FGS000667,PrBoom Plus,445,11/18/2020, 05:07:48,591
FGS000667,PrBoom Plus,447,11/18/2020, 06:09:15,591
FGS000667,PrBoom Plus,447,11/18/2020, 07:08:35,591
FGS000667,PrBoom Plus,453,11/18/2020, 08:09:35,591
FGS000667,PrBoom Plus,454,11/18/2020, 09:07:57,591
FGS000667,PrBoom Plus,454,11/18/2020, 10:09:10,591
FGS000667,PrBoom Plus,454,11/18/2020, 11:07:25,591
FGS000667,PrBoom Plus,455,11/18/2020, 12:10:16,591
FGS000667,PrBoom Plus,456,11/18/2020, 13:07:34,591
FGS000667,PrBoom Plus,457,11/18/2020, 14:09:42,591
FGS000667,PrBoom Plus,458,11/18/2020, 15:08:02,591
FGS000667,PrBoom Plus,458,11/18/2020, 16:12:33,591
FGS000667,PrBoom Plus,460,11/18/2020, 17:08:10,591
FGS000667,PrBoom Plus,461,11/18/2020, 18:08:15,591
FGS000667,PrBoom Plus,461,11/18/2020, 19:07:06,591
FGS000667,PrBoom Plus,463,11/18/2020, 20:07:45,591
FGS000667,PrBoom Plus,465,11/18/2020, 21:07:27,591
FGS000667,PrBoom Plus,467,11/18/2020, 22:09:24,591
FGS000667,PrBoom Plus,469,11/18/2020, 23:09:32,591
FGS000667,PrBoom Plus,469,11/19/2020, 00:21:04,591
FGS000667,PrBoom Plus,469,11/19/2020, 01:16:14,591
FGS000667,PrBoom Plus,469,11/19/2020, 02:09:22,591
FGS000667,PrBoom Plus,470,11/19/2020, 03:08:19,591
FGS000667,PrBoom Plus,470,11/19/2020, 04:09:40,591
FGS000667,PrBoom Plus,471,11/19/2020, 05:07:56,591
FGS000667,PrBoom Plus,472,11/19/2020, 06:09:26,591
FGS000667,PrBoom Plus,473,11/19/2020, 07:08:04,591
FGS000667,PrBoom Plus,474,11/19/2020, 08:09:19,591
FGS000667,PrBoom Plus,474,11/19/2020, 09:17:34,591
FGS000667,PrBoom Plus,474,11/19/2020, 10:09:33,591
FGS000667,PrBoom Plus,475,11/19/2020, 11:07:37,591
FGS000667,PrBoom Plus,475,11/19/2020, 12:10:37,591
FGS000667,PrBoom Plus,475,11/19/2020, 13:07:35,591
FGS000667,PrBoom Plus,475,11/19/2020, 14:10:12,591
FGS000667,PrBoom Plus,475,11/19/2020, 15:09:14,591
FGS000667,PrBoom Plus,475,11/19/2020, 16:15:00,591
FGS000667,PrBoom Plus,476,11/19/2020, 17:08:21,591
FGS000667,PrBoom Plus,476,11/19/2020, 18:09:03,591
FGS000667,PrBoom Plus,478,11/19/2020, 19:06:52,591
FGS000667,PrBoom Plus,478,11/19/2020, 20:08:10,591
FGS000667,PrBoom Plus,480,11/19/2020, 21:07:22,591
FGS000667,PrBoom Plus,481,11/19/2020, 22:09:31,591
FGS000667,PrBoom Plus,482,11/19/2020, 23:07:48,591
FGS000667,PrBoom Plus,483,11/20/2020, 00:21:24,591
FGS000667,PrBoom Plus,483,11/20/2020, 01:17:20,591
FGS000667,PrBoom Plus,485,11/20/2020, 02:09:47,591
FGS000667,PrBoom Plus,486,11/20/2020, 03:08:15,591
FGS000667,PrBoom Plus,486,11/20/2020, 04:09:40,591
FGS000667,PrBoom Plus,486,11/20/2020, 05:07:52,591
FGS000667,PrBoom Plus,488,11/20/2020, 06:09:18,591
FGS000667,PrBoom Plus,488,11/20/2020, 07:12:44,591
FGS000667,PrBoom Plus,489,11/20/2020, 08:09:39,591
FGS000667,PrBoom Plus,491,11/20/2020, 09:08:24,591
FGS000667,PrBoom Plus,491,11/20/2020, 10:09:21,591
FGS000667,PrBoom Plus,491,11/20/2020, 11:07:42,591
FGS000667,PrBoom Plus,492,11/20/2020, 12:10:34,591
FGS000667,PrBoom Plus,492,11/20/2020, 13:07:30,591
FGS000667,PrBoom Plus,492,11/20/2020, 14:09:18,591
FGS000667,PrBoom Plus,493,11/20/2020, 15:08:08,591
FGS000667,PrBoom Plus,495,11/20/2020, 16:12:42,591
FGS000667,PrBoom Plus,495,11/20/2020, 17:08:17,591
FGS000667,PrBoom Plus,496,11/20/2020, 18:08:11,591
FGS000667,PrBoom Plus,496,11/20/2020, 19:07:03,591
FGS000667,PrBoom Plus,497,11/20/2020, 20:07:52,591
FGS000667,PrBoom Plus,499,11/20/2020, 21:07:35,591
FGS000667,PrBoom Plus,500,11/20/2020, 22:09:38,591
FGS000667,PrBoom Plus,500,11/20/2020, 23:07:46,591
FGS000667,PrBoom Plus,502,11/21/2020, 00:21:31,591
FGS000667,PrBoom Plus,502,11/21/2020, 01:17:00,591
FGS000667,PrBoom Plus,503,11/21/2020, 02:09:46,591
FGS000667,PrBoom Plus,503,11/21/2020, 03:08:13,591
FGS000667,PrBoom Plus,503,11/21/2020, 04:10:15,591
FGS000667,PrBoom Plus,505,11/21/2020, 05:07:50,591
FGS000667,PrBoom Plus,506,11/21/2020, 06:09:46,591
FGS000667,PrBoom Plus,507,11/21/2020, 07:08:17,591
FGS000667,PrBoom Plus,508,11/21/2020, 08:09:12,591
FGS000667,PrBoom Plus,508,11/21/2020, 09:07:47,591
FGS000667,PrBoom Plus,509,11/21/2020, 10:08:58,591
FGS000667,PrBoom Plus,509,11/21/2020, 11:07:54,591
FGS000667,PrBoom Plus,509,11/21/2020, 12:09:55,591
FGS000667,PrBoom Plus,510,11/21/2020, 13:07:30,591
FGS000667,PrBoom Plus,510,11/21/2020, 14:08:51,591
FGS000667,PrBoom Plus,510,11/21/2020, 15:07:39,591
FGS000667,PrBoom Plus,510,11/21/2020, 16:12:04,591
FGS000667,PrBoom Plus,510,11/21/2020, 17:07:03,591
FGS000667,PrBoom Plus,510,11/21/2020, 18:07:59,591
FGS000667,PrBoom Plus,513,11/21/2020, 19:06:39,591
FGS000667,PrBoom Plus,516,11/21/2020, 20:07:41,591
FGS000667,PrBoom Plus,516,11/21/2020, 21:07:21,591
FGS000667,PrBoom Plus,522,11/21/2020, 22:11:11,591
FGS000667,PrBoom Plus,522,11/21/2020, 23:07:52,591
FGS000667,PrBoom Plus,525,11/22/2020, 00:22:56,591
FGS000667,PrBoom Plus,527,11/22/2020, 01:19:41,591
FGS000667,PrBoom Plus,529,11/22/2020, 02:09:56,591
FGS000667,PrBoom Plus,529,11/22/2020, 03:08:05,591
FGS000667,PrBoom Plus,529,11/22/2020, 04:09:38,591
FGS000667,PrBoom Plus,529,11/22/2020, 05:08:02,591
FGS000667,PrBoom Plus,529,11/22/2020, 06:09:44,591
FGS000667,PrBoom Plus,529,11/22/2020, 07:08:28,591
FGS000667,PrBoom Plus,531,11/22/2020, 08:09:14,591
FGS000667,PrBoom Plus,532,11/22/2020, 09:08:14,591
FGS000667,PrBoom Plus,534,11/22/2020, 10:08:54,591
FGS000667,PrBoom Plus,535,11/22/2020, 11:07:57,591
FGS000667,PrBoom Plus,536,11/22/2020, 12:10:17,591
FGS000667,PrBoom Plus,536,11/22/2020, 13:07:24,591
FGS000667,PrBoom Plus,536,11/22/2020, 14:08:48,591
FGS000667,PrBoom Plus,537,11/22/2020, 15:07:51,591
FGS000667,PrBoom Plus,539,11/22/2020, 16:12:13,591
FGS000667,PrBoom Plus,540,11/22/2020, 17:07:05,591
FGS000667,PrBoom Plus,541,11/22/2020, 18:07:59,591
FGS000667,PrBoom Plus,542,11/22/2020, 19:06:55,591
FGS000667,PrBoom Plus,544,11/22/2020, 20:07:46,591
FGS000667,PrBoom Plus,544,11/22/2020, 21:07:10,591
FGS000667,PrBoom Plus,544,11/22/2020, 22:09:35,591
FGS000667,PrBoom Plus,548,11/22/2020, 23:07:52,591
FGS000667,PrBoom Plus,549,11/23/2020, 00:22:34,591
FGS000667,PrBoom Plus,549,11/23/2020, 01:19:43,591
FGS000667,PrBoom Plus,549,11/23/2020, 02:10:11,591
FGS000667,PrBoom Plus,551,11/23/2020, 03:08:01,591
FGS000667,PrBoom Plus,551,11/23/2020, 04:10:18,591
FGS000667,PrBoom Plus,552,11/23/2020, 05:08:25,591
FGS000667,PrBoom Plus,554,11/23/2020, 06:10:03,591
FGS000667,PrBoom Plus,554,11/23/2020, 07:08:28,591
FGS000667,PrBoom Plus,554,11/23/2020, 08:11:47,591
FGS000667,PrBoom Plus,555,11/23/2020, 09:08:35,591
FGS000667,PrBoom Plus,555,11/23/2020, 10:09:29,591
FGS000667,PrBoom Plus,555,11/23/2020, 11:07:58,591
FGS000667,PrBoom Plus,555,11/23/2020, 12:11:11,591
FGS000667,PrBoom Plus,556,11/23/2020, 13:08:13,591
FGS000667,PrBoom Plus,558,11/23/2020, 14:10:05,591
FGS000667,PrBoom Plus,559,11/23/2020, 15:08:52,591
FGS000667,PrBoom Plus,559,11/23/2020, 16:13:37,591
FGS000667,PrBoom Plus,559,11/23/2020, 17:06:02,591
FGS000667,PrBoom Plus,559,11/23/2020, 18:09:09,591
FGS000667,PrBoom Plus,559,11/23/2020, 19:07:09,591
FGS000667,PrBoom Plus,561,11/23/2020, 20:08:22,591
FGS000667,PrBoom Plus,562,11/23/2020, 21:07:26,591
FGS000667,PrBoom Plus,562,11/23/2020, 22:09:47,591
FGS000667,PrBoom Plus,562,11/23/2020, 23:08:13,591
FGS000667,PrBoom Plus,562,11/24/2020, 00:22:13,591
FGS000667,PrBoom Plus,562,11/24/2020, 01:19:21,591
FGS000667,PrBoom Plus,562,11/24/2020, 02:10:00,591
FGS000667,PrBoom Plus,562,11/24/2020, 03:08:19,591
FGS000667,PrBoom Plus,564,11/24/2020, 04:10:08,591
FGS000667,PrBoom Plus,564,11/24/2020, 05:08:25,591
FGS000667,PrBoom Plus,564,11/24/2020, 06:09:57,591
FGS000667,PrBoom Plus,564,11/24/2020, 07:08:42,591
FGS000667,PrBoom Plus,565,11/24/2020, 08:10:01,591
FGS000667,PrBoom Plus,565,11/24/2020, 09:08:44,591
FGS000667,PrBoom Plus,565,11/24/2020, 10:09:42,591
FGS000667,PrBoom Plus,567,11/24/2020, 11:08:13,591
FGS000667,PrBoom Plus,567,11/24/2020, 12:11:03,591
FGS000667,PrBoom Plus,567,11/24/2020, 13:07:56,591
FGS000667,PrBoom Plus,567,11/24/2020, 14:09:17,591
FGS000667,PrBoom Plus,568,11/24/2020, 15:08:40,591
FGS000667,PrBoom Plus,568,11/24/2020, 16:14:23,591
FGS000667,PrBoom Plus,568,11/24/2020, 17:08:04,591
FGS000667,PrBoom Plus,572,11/24/2020, 18:08:46,591
FGS000667,PrBoom Plus,573,11/24/2020, 19:07:27,591
FGS000667,PrBoom Plus,574,11/24/2020, 20:08:21,591
FGS000667,PrBoom Plus,575,11/24/2020, 21:07:22,591
FGS000667,PrBoom Plus,577,11/24/2020, 22:09:54,591
FGS000667,PrBoom Plus,578,11/24/2020, 23:08:11,591
FGS000667,PrBoom Plus,579,11/25/2020, 00:22:29,591
FGS000667,PrBoom Plus,580,11/25/2020, 01:20:25,591
FGS000667,PrBoom Plus,580,11/25/2020, 02:10:07,591
FGS000667,PrBoom Plus,580,11/25/2020, 03:08:32,591
FGS000667,PrBoom Plus,580,11/25/2020, 04:10:17,591
FGS000667,PrBoom Plus,580,11/25/2020, 05:08:31,591
FGS000667,PrBoom Plus,580,11/25/2020, 06:10:14,591
FGS000667,PrBoom Plus,580,11/25/2020, 07:08:53,591
FGS000667,PrBoom Plus,581,11/25/2020, 08:09:49,591
FGS000667,PrBoom Plus,583,11/25/2020, 09:08:54,591
FGS000667,PrBoom Plus,584,11/25/2020, 10:09:41,591
FGS000667,PrBoom Plus,584,11/25/2020, 11:07:46,591
FGS000667,PrBoom Plus,584,11/25/2020, 12:11:11,591
FGS000667,PrBoom Plus,584,11/25/2020, 13:08:04,591
FGS000667,PrBoom Plus,585,11/25/2020, 14:09:52,591
FGS000667,PrBoom Plus,588,11/25/2020, 15:08:37,591
FGS000667,PrBoom Plus,588,11/25/2020, 16:13:37,591
FGS000667,PrBoom Plus,589,11/25/2020, 17:07:01,591
FGS000667,PrBoom Plus,589,11/25/2020, 18:08:49,591
FGS000667,PrBoom Plus,591,11/25/2020, 19:07:03,591,
FGS000667,PrBoom Plus,591,11/25/2020, 20:08:31,591,
FGS000667,PrBoom Plus,592,11/25/2020, 21:07:33,591
FGS000667,PrBoom Plus,594,11/25/2020, 22:09:52,591
FGS000667,PrBoom Plus,595,11/25/2020, 23:08:21,591
FGS000667,PrBoom Plus,597,11/26/2020, 00:22:16,591
FGS000667,PrBoom Plus,598,11/26/2020, 01:20:41,591
FGS000667,PrBoom Plus,599,11/26/2020, 02:10:14,591
FGS000667,PrBoom Plus,599,11/26/2020, 03:08:44,591
FGS000667,PrBoom Plus,600,11/26/2020, 04:10:06,591
FGS000667,PrBoom Plus,600,11/26/2020, 05:08:13,591
FGS000667,PrBoom Plus,601,11/26/2020, 06:10:15,591
FGS000667,PrBoom Plus,603,11/26/2020, 07:08:43,591
FGS000667,PrBoom Plus,605,11/26/2020, 08:10:07,591
FGS000667,PrBoom Plus,605,11/26/2020, 09:08:48,591
FGS000667,PrBoom Plus,606,11/26/2020, 10:09:32,591
FGS000667,PrBoom Plus,606,11/26/2020, 11:08:18,591
FGS000667,PrBoom Plus,606,11/26/2020, 12:11:11,591
FGS000667,PrBoom Plus,606,11/26/2020, 13:07:57,591
FGS000667,PrBoom Plus,606,11/26/2020, 14:09:50,591
FGS000667,PrBoom Plus,606,11/26/2020, 15:08:44,591
FGS000667,PrBoom Plus,607,11/26/2020, 16:13:32,591
FGS000667,PrBoom Plus,608,11/26/2020, 17:07:32,591
FGS000667,PrBoom Plus,610,11/26/2020, 18:08:48,591
FGS000667,PrBoom Plus,610,11/26/2020, 19:07:09,591
FGS000667,PrBoom Plus,613,11/26/2020, 20:08:46,591
FGS000667,PrBoom Plus,614,11/26/2020, 21:07:22,591
FGS000667,PrBoom Plus,616,11/26/2020, 22:09:44,591
FGS000667,PrBoom Plus,620,11/26/2020, 23:08:31,591
FGS000667,PrBoom Plus,622,11/27/2020, 00:23:41,591
FGS000667,PrBoom Plus,622,11/27/2020, 01:23:06,591
FGS000667,PrBoom Plus,622,11/27/2020, 02:10:13,591
FGS000667,PrBoom Plus,623,11/27/2020, 03:09:02,591
FGS000667,PrBoom Plus,623,11/27/2020, 04:11:04,591
FGS000667,PrBoom Plus,623,11/27/2020, 05:08:42,591
FGS000667,PrBoom Plus,624,11/27/2020, 06:10:22,591
FGS000667,PrBoom Plus,625,11/27/2020, 07:08:47,591
FGS000667,PrBoom Plus,626,11/27/2020, 08:11:07,591
FGS000667,PrBoom Plus,627,11/27/2020, 09:09:18,591
FGS000667,PrBoom Plus,627,11/27/2020, 10:09:54,591
FGS000667,PrBoom Plus,628,11/27/2020, 11:08:29,591
FGS000667,PrBoom Plus,629,11/27/2020, 12:11:49,591
FGS000667,PrBoom Plus,630,11/27/2020, 13:08:28,591
FGS000667,PrBoom Plus,632,11/27/2020, 14:09:30,591
FGS000667,PrBoom Plus,632,11/27/2020, 15:08:30,591
FGS000667,PrBoom Plus,632,11/27/2020, 17:07:50,591
FGS000667,PrBoom Plus,635,11/27/2020, 18:08:39,591
FGS000667,PrBoom Plus,635,11/27/2020, 19:07:15,591
FGS000667,PrBoom Plus,636,11/27/2020, 20:09:01,591
FGS000667,PrBoom Plus,637,11/27/2020, 21:07:29,591
FGS000667,PrBoom Plus,639,11/27/2020, 22:09:36,591
FGS000667,PrBoom Plus,640,11/27/2020, 23:08:44,591
FGS000667,PrBoom Plus,641,11/28/2020, 00:23:25,591
FGS000667,PrBoom Plus,641,11/28/2020, 01:22:59,591
FGS000667,PrBoom Plus,641,11/28/2020, 02:10:13,591
FGS000667,PrBoom Plus,642,11/28/2020, 03:09:06,591
FGS000667,PrBoom Plus,642,11/28/2020, 04:11:19,591
FGS000667,PrBoom Plus,642,11/28/2020, 05:08:30,591
FGS000667,PrBoom Plus,643,11/28/2020, 06:10:05,591
FGS000667,PrBoom Plus,644,11/28/2020, 07:09:38,591
FGS000667,PrBoom Plus,644,11/28/2020, 08:10:31,591
FGS000667,PrBoom Plus,645,11/28/2020, 09:08:54,591
FGS000667,PrBoom Plus,646,11/28/2020, 10:09:17,591
FGS000667,PrBoom Plus,646,11/28/2020, 11:08:13,591
FGS000667,PrBoom Plus,646,11/28/2020, 12:11:21,591
FGS000667,PrBoom Plus,646,11/28/2020, 13:07:55,591
FGS000667,PrBoom Plus,648,11/28/2020, 14:09:23,591
FGS000667,PrBoom Plus,648,11/28/2020, 15:08:22,591
FGS000667,PrBoom Plus,648,11/28/2020, 16:12:52,591
FGS000667,PrBoom Plus,649,11/28/2020, 17:07:50,591
FGS000667,PrBoom Plus,650,11/28/2020, 18:08:56,591
FGS000667,PrBoom Plus,650,11/28/2020, 19:07:03,591
FGS000667,PrBoom Plus,650,11/28/2020, 20:08:52,591
FGS000667,PrBoom Plus,650,11/28/2020, 21:07:20,591
FGS000667,PrBoom Plus,650,11/28/2020, 22:09:52,591
FGS000667,PrBoom Plus,651,11/28/2020, 23:08:29,591
FGS000667,PrBoom Plus,652,11/29/2020, 00:24:44,591
FGS000667,PrBoom Plus,652,11/29/2020, 01:26:29,591
FGS000667,PrBoom Plus,652,11/29/2020, 02:10:28,591
FGS000667,PrBoom Plus,652,11/29/2020, 03:09:04,591
FGS000667,PrBoom Plus,653,11/29/2020, 04:11:31,591
FGS000667,PrBoom Plus,653,11/29/2020, 05:08:28,591
FGS000667,PrBoom Plus,653,11/29/2020, 06:10:11,591
FGS000667,PrBoom Plus,653,11/29/2020, 07:08:47,591
FGS000667,PrBoom Plus,653,11/29/2020, 08:10:37,591
FGS000667,PrBoom Plus,654,11/29/2020, 09:08:35,591
FGS000667,PrBoom Plus,654,11/29/2020, 10:09:19,591
FGS000667,PrBoom Plus,654,11/29/2020, 11:08:10,591
FGS000667,PrBoom Plus,654,11/29/2020, 12:11:27,591
FGS000667,PrBoom Plus,654,11/29/2020, 13:08:10,591
FGS000667,PrBoom Plus,655,11/29/2020, 14:09:29,591
FGS000667,PrBoom Plus,655,11/29/2020, 15:08:01,591
FGS000667,PrBoom Plus,656,11/29/2020, 16:13:16,591
FGS000667,PrBoom Plus,657,11/29/2020, 17:07:47,591
FGS000667,PrBoom Plus,658,11/29/2020, 18:08:35,591
FGS000667,PrBoom Plus,658,11/29/2020, 19:07:24,591
FGS000667,PrBoom Plus,658,11/29/2020, 20:08:45,591
FGS000667,PrBoom Plus,658,11/29/2020, 21:07:36,591
FGS000667,PrBoom Plus,659,11/29/2020, 22:10:03,591
FGS000667,PrBoom Plus,660,11/29/2020, 23:08:41,591
FGS000667,PrBoom Plus,660,11/30/2020, 00:24:37,591
FGS000667,PrBoom Plus,660,11/30/2020, 01:26:33,591
FGS000667,PrBoom Plus,662,11/30/2020, 02:10:46,591
FGS000667,PrBoom Plus,662,11/30/2020, 03:08:58,591
FGS000667,PrBoom Plus,662,11/30/2020, 04:11:32,591
FGS000667,PrBoom Plus,663,11/30/2020, 05:08:52,591
FGS000667,PrBoom Plus,663,11/30/2020, 06:10:24,591
FGS000667,PrBoom Plus,664,11/30/2020, 07:09:10,591
FGS000667,PrBoom Plus,665,11/30/2020, 08:11:31,591
FGS000667,PrBoom Plus,665,11/30/2020, 09:09:18,591
FGS000667,PrBoom Plus,665,11/30/2020, 10:10:04,591
FGS000667,PrBoom Plus,665,11/30/2020, 11:08:34,591
FGS000667,PrBoom Plus,665,11/30/2020, 12:12:19,591
FGS000667,PrBoom Plus,666,11/30/2020, 13:08:38,591
FGS000667,PrBoom Plus,666,11/30/2020, 14:10:40,591
FGS000667,PrBoom Plus,666,11/30/2020, 15:11:08,591
FGS000667,PrBoom Plus,666,11/30/2020, 16:14:42,591
FGS000667,PrBoom Plus,666,11/30/2020, 17:15:28,591
FGS000667,PrBoom Plus,667,11/30/2020, 18:09:30,591
FGS000667,PrBoom Plus,667,11/30/2020, 19:07:32,591
FGS000667,PrBoom Plus,668,11/30/2020, 20:09:35,591
FGS000667,PrBoom Plus,668,11/30/2020, 21:07:47,591
FGS000667,PrBoom Plus,670,11/30/2020, 22:10:37,591
FGS000667,PrBoom Plus,672,11/30/2020, 23:08:44,591
FGS000667,PrBoom Plus,672,12/01/2020, 00:25:09,591
FGS000667,PrBoom Plus,673,12/01/2020, 01:27:32,591
FGS000667,PrBoom Plus,673,12/01/2020, 02:10:24,591
FGS000667,PrBoom Plus,673,12/01/2020, 03:09:23,591
FGS000667,PrBoom Plus,673,12/01/2020, 04:11:34,591
FGS000667,PrBoom Plus,673,12/01/2020, 05:08:54,591
FGS000667,PrBoom Plus,676,12/01/2020, 06:10:43,591
FGS000667,PrBoom Plus,676,12/01/2020, 07:09:16,591
FGS000667,PrBoom Plus,676,12/01/2020, 08:11:34,591
FGS000667,PrBoom Plus,676,12/01/2020, 09:09:44,591
FGS000667,PrBoom Plus,676,12/01/2020, 10:10:06,591
FGS000667,PrBoom Plus,676,12/01/2020, 11:08:40,591
FGS000667,PrBoom Plus,677,12/01/2020, 12:12:31,591
FGS000667,PrBoom Plus,677,12/01/2020, 13:09:01,591
FGS000667,PrBoom Plus,677,12/01/2020, 14:11:24,591
FGS000667,PrBoom Plus,677,12/01/2020, 15:11:30,591
FGS000667,PrBoom Plus,677,12/01/2020, 16:16:04,591
FGS000667,PrBoom Plus,679,12/01/2020, 17:23:22,591
FGS000667,PrBoom Plus,680,12/01/2020, 20:32:39,591
FGS000667,PrBoom Plus,680,12/01/2020, 21:20:56,591
FGS000667,PrBoom Plus,682,12/01/2020, 22:10:54,591
FGS000667,PrBoom Plus,682,12/01/2020, 23:09:07,591
FGS000667,PrBoom Plus,683,12/02/2020, 00:24:45,591
FGS000667,PrBoom Plus,683,12/02/2020, 01:27:08,591
FGS000667,PrBoom Plus,683,12/02/2020, 02:09:50,591
FGS000667,PrBoom Plus,684,12/02/2020, 03:09:32,591
FGS000667,PrBoom Plus,684,12/02/2020, 04:11:53,591
FGS000667,PrBoom Plus,684,12/02/2020, 05:08:50,591
FGS000667,PrBoom Plus,685,12/02/2020, 06:10:33,591
FGS000667,PrBoom Plus,685,12/02/2020, 07:09:19,591
FGS000667,PrBoom Plus,685,12/02/2020, 08:11:31,591
FGS000667,PrBoom Plus,687,12/02/2020, 09:09:53,591
FGS000667,PrBoom Plus,687,12/02/2020, 10:10:28,591
FGS000667,PrBoom Plus,688,12/02/2020, 11:08:49,591
FGS000667,PrBoom Plus,688,12/02/2020, 12:12:35,591
FGS000667,PrBoom Plus,689,12/02/2020, 13:09:25,591
FGS000667,PrBoom Plus,689,12/02/2020, 14:10:32,591
FGS000667,PrBoom Plus,689,12/02/2020, 15:11:56,591
FGS000667,PrBoom Plus,689,12/02/2020, 16:19:50,591
FGS000667,PrBoom Plus,689,12/02/2020, 17:13:13,591
FGS000667,PrBoom Plus,689,12/02/2020, 18:09:18,591
FGS000667,PrBoom Plus,689,12/02/2020, 19:07:38,591
FGS000667,PrBoom Plus,689,12/02/2020, 20:09:29,591
FGS000667,PrBoom Plus,689,12/02/2020, 21:06:34,591
FGS000667,PrBoom Plus,689,12/02/2020, 22:10:38,591
FGS000667,PrBoom Plus,689,12/02/2020, 23:09:00,591
FGS000667,PrBoom Plus,689,12/03/2020, 00:24:30,591
FGS000667,PrBoom Plus,689,12/03/2020, 01:27:05,591
FGS000667,PrBoom Plus,690,12/03/2020, 02:10:37,591
FGS000667,PrBoom Plus,690,12/03/2020, 03:09:19,591
FGS000667,PrBoom Plus,690,12/03/2020, 04:11:43,591
FGS000667,PrBoom Plus,690,12/03/2020, 05:09:21,591
FGS000667,PrBoom Plus,690,12/03/2020, 06:10:14,591
FGS000667,PrBoom Plus,690,12/03/2020, 07:09:31,591
FGS000667,PrBoom Plus,690,12/03/2020, 08:11:29,591
FGS000667,PrBoom Plus,690,12/03/2020, 09:09:20,591
FGS000667,PrBoom Plus,692,12/03/2020, 10:09:53,591
FGS000667,PrBoom Plus,692,12/03/2020, 11:08:47,591
FGS000667,PrBoom Plus,693,12/03/2020, 12:12:33,591
FGS000667,PrBoom Plus,694,12/03/2020, 13:08:59,591
FGS000667,PrBoom Plus,694,12/03/2020, 14:09:58,591
FGS000667,PrBoom Plus,694,12/03/2020, 15:09:05,591
FGS000667,PrBoom Plus,694,12/03/2020, 16:14:18,591
FGS000667,PrBoom Plus,695,12/03/2020, 17:10:38,591
FGS000667,PrBoom Plus,695,12/03/2020, 18:09:59,591
FGS000667,PrBoom Plus,696,12/03/2020, 19:08:05,591
FGS000667,PrBoom Plus,696,12/03/2020, 20:09:14,591
FGS000667,PrBoom Plus,696,12/03/2020, 21:08:24,591
FGS000667,PrBoom Plus,696,12/03/2020, 22:11:07,591
FGS000667,PrBoom Plus,696,12/03/2020, 23:09:44,591
FGS000667,PrBoom Plus,697,12/04/2020, 00:24:44,591
FGS000667,PrBoom Plus,698,12/04/2020, 01:28:40,591
FGS000667,PrBoom Plus,698,12/04/2020, 02:10:27,591
FGS000667,PrBoom Plus,698,12/04/2020, 03:09:41,591
FGS000667,PrBoom Plus,699,12/04/2020, 04:12:00,591
FGS000667,PrBoom Plus,699,12/04/2020, 05:09:54,591
FGS000667,PrBoom Plus,699,12/04/2020, 06:11:10,591
FGS000667,PrBoom Plus,700,12/04/2020, 07:12:48,591
FGS000667,PrBoom Plus,700,12/04/2020, 08:13:26,591
FGS000667,PrBoom Plus,702,12/04/2020, 09:12:10,591
FGS000667,PrBoom Plus,702,12/04/2020, 10:11:02,591
FGS000667,PrBoom Plus,702,12/04/2020, 11:09:12,591
FGS000667,PrBoom Plus,702,12/04/2020, 12:13:32,591
FGS000667,PrBoom Plus,703,12/04/2020, 13:09:30,591
FGS000667,PrBoom Plus,703,12/04/2020, 14:10:40,591
FGS000667,PrBoom Plus,704,12/04/2020, 15:09:29,591
FGS000667,PrBoom Plus,704,12/04/2020, 16:14:12,591
FGS000667,PrBoom Plus,704,12/04/2020, 17:25:55,591
FGS000667,PrBoom Plus,704,12/04/2020, 18:09:48,591
FGS000667,PrBoom Plus,709,12/04/2020, 19:08:02,591
FGS000667,PrBoom Plus,709,12/04/2020, 20:09:34,591
FGS000667,PrBoom Plus,710,12/04/2020, 21:08:58,591
FGS000667,PrBoom Plus,710,12/04/2020, 22:11:21,591
FGS000667,PrBoom Plus,710,12/04/2020, 23:09:41,591
FGS000667,PrBoom Plus,710,12/05/2020, 00:25:05,591
FGS000667,PrBoom Plus,712,12/05/2020, 01:29:46,591
FGS000667,PrBoom Plus,713,12/05/2020, 02:11:03,591
FGS000667,PrBoom Plus,713,12/05/2020, 03:09:54,591
FGS000667,PrBoom Plus,714,12/05/2020, 04:11:53,591
FGS000667,PrBoom Plus,716,12/05/2020, 05:09:53,591
FGS000667,PrBoom Plus,717,12/05/2020, 06:11:13,591
FGS000667,PrBoom Plus,719,12/05/2020, 07:10:06,591
FGS000667,PrBoom Plus,720,12/05/2020, 08:11:04,591
FGS000667,PrBoom Plus,722,12/05/2020, 09:10:20,591
FGS000667,PrBoom Plus,723,12/05/2020, 10:10:40,591
FGS000667,PrBoom Plus,723,12/05/2020, 11:09:22,591
FGS000667,PrBoom Plus,723,12/05/2020, 12:12:22,591
FGS000667,PrBoom Plus,724,12/05/2020, 13:09:20,591
FGS000667,PrBoom Plus,724,12/05/2020, 14:10:47,591
FGS000667,PrBoom Plus,724,12/05/2020, 15:09:09,591
FGS000667,PrBoom Plus,725,12/05/2020, 16:13:42,591
FGS000667,PrBoom Plus,725,12/05/2020, 17:10:05,591
FGS000667,PrBoom Plus,725,12/05/2020, 18:09:40,591
FGS000667,PrBoom Plus,726,12/05/2020, 19:07:55,591
FGS000667,PrBoom Plus,726,12/05/2020, 20:09:03,591
FGS000667,PrBoom Plus,726,12/05/2020, 21:08:18,591
FGS000667,PrBoom Plus,728,12/05/2020, 22:11:31,591
FGS000667,PrBoom Plus,729,12/05/2020, 23:09:45,591
FGS000667,PrBoom Plus,729,12/06/2020, 00:26:43,591
FGS000667,PrBoom Plus,729,12/06/2020, 01:32:59,591
FGS000667,PrBoom Plus,730,12/06/2020, 02:13:36,591
FGS000667,PrBoom Plus,730,12/06/2020, 03:12:00,591
FGS000667,PrBoom Plus,731,12/06/2020, 04:12:03,591
FGS000667,PrBoom Plus,732,12/06/2020, 05:09:44,591
FGS000667,PrBoom Plus,732,12/06/2020, 06:11:39,591
FGS000667,PrBoom Plus,732,12/06/2020, 07:09:53,591
FGS000667,PrBoom Plus,732,12/06/2020, 08:11:27,591
FGS000667,PrBoom Plus,732,12/06/2020, 09:10:08,591
FGS000667,PrBoom Plus,732,12/06/2020, 10:10:59,591
FGS000667,PrBoom Plus,732,12/06/2020, 11:09:16,591
FGS000667,PrBoom Plus,732,12/06/2020, 12:12:32,591
FGS000667,PrBoom Plus,732,12/06/2020, 13:09:14,591
FGS000667,PrBoom Plus,732,12/06/2020, 14:10:36,591
FGS000667,PrBoom Plus,732,12/06/2020, 15:09:18,591
FGS000667,PrBoom Plus,733,12/06/2020, 16:14:11,591
FGS000667,PrBoom Plus,736,12/06/2020, 17:11:27,591
FGS000667,PrBoom Plus,736,12/06/2020, 18:10:11,591
FGS000667,PrBoom Plus,736,12/06/2020, 19:08:14,591
FGS000667,PrBoom Plus,737,12/06/2020, 20:09:30,591
FGS000667,PrBoom Plus,737,12/06/2020, 21:08:41,591
FGS000667,PrBoom Plus,738,12/06/2020, 22:11:31,591
FGS000667,PrBoom Plus,738,12/06/2020, 23:10:16,591
FGS000667,PrBoom Plus,739,12/07/2020, 00:26:14,591
FGS000667,PrBoom Plus,739,12/07/2020, 01:32:51,591
FGS000667,PrBoom Plus,739,12/07/2020, 02:14:18,591
FGS000667,PrBoom Plus,739,12/07/2020, 03:10:27,591
FGS000667,PrBoom Plus,740,12/07/2020, 04:12:39,591
FGS000667,PrBoom Plus,740,12/07/2020, 05:10:08,591
FGS000667,PrBoom Plus,740,12/07/2020, 06:11:57,591
FGS000667,PrBoom Plus,740,12/07/2020, 07:10:20,591
FGS000667,PrBoom Plus,740,12/07/2020, 08:11:52,591
FGS000667,PrBoom Plus,740,12/07/2020, 09:10:17,591
FGS000667,PrBoom Plus,740,12/07/2020, 10:10:57,591
FGS000667,PrBoom Plus,741,12/07/2020, 11:09:45,591
FGS000667,PrBoom Plus,741,12/07/2020, 12:13:16,591
FGS000667,PrBoom Plus,741,12/07/2020, 13:09:37,591
FGS000667,PrBoom Plus,741,12/07/2020, 14:11:05,591
FGS000667,PrBoom Plus,741,12/07/2020, 15:10:28,591
FGS000667,PrBoom Plus,741,12/07/2020, 16:14:54,591
FGS000667,PrBoom Plus,741,12/07/2020, 17:13:17,591
FGS000667,PrBoom Plus,741,12/07/2020, 18:10:24,591
FGS000667,PrBoom Plus,741,12/07/2020, 19:09:17,591
FGS000667,PrBoom Plus,741,12/07/2020, 20:09:40,591
FGS000667,PrBoom Plus,741,12/07/2020, 21:09:04,591
FGS000667,PrBoom Plus,741,12/07/2020, 22:11:41,591
FGS000667,PrBoom Plus,742,12/07/2020, 23:10:23,591
FGS000667,PrBoom Plus,742,12/08/2020, 00:25:54,591
FGS000667,PrBoom Plus,742,12/08/2020, 01:32:49,591
FGS000667,PrBoom Plus,742,12/08/2020, 02:14:53,591
FGS000667,PrBoom Plus,742,12/08/2020, 03:10:55,591
FGS000667,PrBoom Plus,742,12/08/2020, 04:12:20,591
FGS000667,PrBoom Plus,742,12/08/2020, 05:10:15,591
FGS000667,PrBoom Plus,742,12/08/2020, 06:11:56,591
FGS000667,PrBoom Plus,742,12/08/2020, 07:10:29,591
FGS000667,PrBoom Plus,742,12/08/2020, 08:12:10,591
FGS000667,PrBoom Plus,742,12/08/2020, 09:10:35,591
FGS000667,PrBoom Plus,742,12/08/2020, 10:11:07,591
FGS000667,PrBoom Plus,742,12/08/2020, 11:10:04,591
FGS000667,PrBoom Plus,742,12/08/2020, 12:13:30,591
FGS000667,PrBoom Plus,742,12/08/2020, 13:09:54,591
FGS000667,PrBoom Plus,742,12/08/2020, 14:11:21,591
FGS000667,PrBoom Plus,742,12/08/2020, 15:09:49,591
FGS000667,PrBoom Plus,743,12/08/2020, 16:15:01,591
FGS000667,PrBoom Plus,743,12/08/2020, 17:13:46,591
FGS000667,PrBoom Plus,744,12/08/2020, 18:10:25,591
FGS000667,PrBoom Plus,745,12/08/2020, 19:08:53,591
FGS000667,PrBoom Plus,745,12/08/2020, 20:09:41,591
FGS000667,PrBoom Plus,745,12/08/2020, 21:09:08,591
FGS000667,PrBoom Plus,745,12/08/2020, 22:11:57,591
FGS000667,PrBoom Plus,745,12/08/2020, 23:10:26,591
FGS000667,PrBoom Plus,745,12/09/2020, 00:26:22,591
FGS000667,PrBoom Plus,745,12/09/2020, 01:33:54,591
FGS000667,PrBoom Plus,745,12/09/2020, 02:15:43,591
FGS000667,PrBoom Plus,746,12/09/2020, 03:10:39,591
FGS000667,PrBoom Plus,746,12/09/2020, 04:12:34,591
FGS000667,PrBoom Plus,746,12/09/2020, 05:10:06,591
FGS000667,PrBoom Plus,746,12/09/2020, 06:11:55,591
FGS000667,PrBoom Plus,748,12/09/2020, 07:10:27,591
FGS000667,PrBoom Plus,748,12/09/2020, 08:11:59,591
FGS000667,PrBoom Plus,748,12/09/2020, 09:11:20,591
FGS000667,PrBoom Plus,749,12/09/2020, 10:11:16,591
FGS000667,PrBoom Plus,749,12/09/2020, 11:10:19,591
FGS000667,PrBoom Plus,749,12/09/2020, 12:13:28,591
FGS000667,PrBoom Plus,749,12/09/2020, 13:10:28,591
FGS000667,PrBoom Plus,749,12/09/2020, 14:11:22,591
FGS000667,PrBoom Plus,749,12/09/2020, 15:10:20,591
FGS000667,PrBoom Plus,749,12/09/2020, 16:14:44,591
FGS000667,PrBoom Plus,749,12/09/2020, 17:10:39,591
FGS000667,PrBoom Plus,749,12/09/2020, 18:10:28,591
FGS000667,PrBoom Plus,751,12/09/2020, 19:08:58,591
FGS000667,PrBoom Plus,751,12/09/2020, 20:09:58,591
FGS000667,PrBoom Plus,751,12/09/2020, 21:09:08,591
FGS000667,PrBoom Plus,751,12/09/2020, 22:11:49,591
FGS000667,PrBoom Plus,751,12/09/2020, 23:10:06,591
FGS000667,PrBoom Plus,751,12/10/2020, 00:26:33,591
FGS000667,PrBoom Plus,751,12/10/2020, 01:36:36,591
FGS000667,PrBoom Plus,751,12/10/2020, 02:18:31,591
FGS000667,PrBoom Plus,751,12/10/2020, 03:10:35,591
FGS000667,PrBoom Plus,751,12/10/2020, 04:12:32,591
FGS000667,PrBoom Plus,753,12/10/2020, 05:09:58,591
FGS000667,PrBoom Plus,754,12/10/2020, 06:11:58,591
FGS000667,PrBoom Plus,754,12/10/2020, 07:10:30,591
FGS000667,PrBoom Plus,755,12/10/2020, 08:11:45,591
FGS000667,PrBoom Plus,755,12/10/2020, 09:10:43,591
FGS000667,PrBoom Plus,755,12/10/2020, 10:11:36,591
FGS000667,PrBoom Plus,755,12/10/2020, 11:10:11,591
FGS000667,PrBoom Plus,755,12/10/2020, 12:13:39,591
FGS000667,PrBoom Plus,756,12/10/2020, 13:09:32,591
FGS000667,PrBoom Plus,756,12/10/2020, 14:11:25,591
FGS000667,PrBoom Plus,756,12/10/2020, 15:10:24,591
FGS000667,PrBoom Plus,756,12/10/2020, 16:14:40,591
FGS000667,PrBoom Plus,757,12/10/2020, 17:16:37,591
FGS000667,PrBoom Plus,758,12/10/2020, 18:10:23,591
FGS000667,PrBoom Plus,758,12/10/2020, 19:08:57,591
FGS000667,PrBoom Plus,758,12/10/2020, 20:10:08,591
FGS000667,PrBoom Plus,758,12/10/2020, 21:08:59,591
FGS000667,PrBoom Plus,759,12/10/2020, 22:12:31,591
FGS000667,PrBoom Plus,760,12/10/2020, 23:10:25,591
FGS000667,PrBoom Plus,760,12/11/2020, 00:26:50,591
FGS000667,PrBoom Plus,760,12/11/2020, 01:37:18,591
FGS000667,PrBoom Plus,760,12/11/2020, 02:18:36,591
FGS000667,PrBoom Plus,760,12/11/2020, 03:10:45,591
FGS000667,PrBoom Plus,760,12/11/2020, 04:12:37,591
FGS000667,PrBoom Plus,761,12/11/2020, 05:10:14,591
FGS000667,PrBoom Plus,761,12/11/2020, 06:11:41,591
FGS000667,PrBoom Plus,761,12/11/2020, 07:10:06,591
FGS000667,PrBoom Plus,763,12/11/2020, 08:12:47,591
FGS000667,PrBoom Plus,763,12/11/2020, 09:10:29,591
FGS000667,PrBoom Plus,763,12/11/2020, 10:11:55,591
FGS000667,PrBoom Plus,763,12/11/2020, 11:10:19,591
FGS000667,PrBoom Plus,763,12/11/2020, 12:13:40,591
FGS000667,PrBoom Plus,763,12/11/2020, 13:09:51,591
FGS000667,PrBoom Plus,763,12/11/2020, 14:11:36,591
FGS000667,PrBoom Plus,763,12/11/2020, 15:10:22,591
FGS000667,PrBoom Plus,763,12/11/2020, 16:14:48,591
FGS000667,PrBoom Plus,763,12/11/2020, 17:17:03,591
FGS000667,PrBoom Plus,765,12/11/2020, 18:10:23,591
FGS000667,PrBoom Plus,766,12/11/2020, 19:08:35,591
FGS000667,PrBoom Plus,766,12/11/2020, 20:10:23,591
FGS000667,PrBoom Plus,766,12/11/2020, 21:09:12,591
FGS000667,PrBoom Plus,766,12/11/2020, 22:11:44,591
FGS000667,PrBoom Plus,766,12/11/2020, 23:10:34,591
FGS000667,PrBoom Plus,766,12/12/2020, 00:26:46,591
FGS000667,PrBoom Plus,767,12/12/2020, 01:37:33,591
FGS000667,PrBoom Plus,767,12/12/2020, 02:18:23,591
FGS000667,PrBoom Plus,767,12/12/2020, 03:11:04,591
FGS000667,PrBoom Plus,767,12/12/2020, 04:12:53,591
FGS000667,PrBoom Plus,767,12/12/2020, 05:09:51,591
FGS000667,PrBoom Plus,767,12/12/2020, 06:11:54,591
FGS000667,PrBoom Plus,767,12/12/2020, 07:10:22,591
FGS000667,PrBoom Plus,768,12/12/2020, 08:12:11,591
FGS000667,PrBoom Plus,769,12/12/2020, 09:11:22,591
FGS000667,PrBoom Plus,769,12/12/2020, 10:11:42,591
FGS000667,PrBoom Plus,770,12/12/2020, 11:10:27,591
FGS000667,PrBoom Plus,772,12/12/2020, 12:13:19,591
FGS000667,PrBoom Plus,772,12/12/2020, 13:09:29,591
FGS000667,PrBoom Plus,772,12/12/2020, 14:11:09,591
FGS000667,PrBoom Plus,772,12/12/2020, 15:10:01,591
FGS000667,PrBoom Plus,772,12/12/2020, 16:15:01,591
FGS000667,PrBoom Plus,773,12/12/2020, 17:16:55,591
FGS000667,PrBoom Plus,773,12/12/2020, 18:10:34,591
FGS000667,PrBoom Plus,773,12/12/2020, 19:08:43,591
FGS000667,PrBoom Plus,773,12/12/2020, 20:10:09,591
FGS000667,PrBoom Plus,773,12/12/2020, 21:08:40,591
FGS000667,PrBoom Plus,774,12/12/2020, 22:11:55,591
FGS000667,PrBoom Plus,774,12/12/2020, 23:10:15,591
FGS000667,PrBoom Plus,774,12/13/2020, 00:28:14,591
FGS000667,PrBoom Plus,775,12/13/2020, 01:41:34,591
FGS000667,PrBoom Plus,775,12/13/2020, 02:18:53,591
FGS000667,PrBoom Plus,775,12/13/2020, 03:11:24,591
FGS000667,PrBoom Plus,775,12/13/2020, 04:12:35,591
FGS000667,PrBoom Plus,775,12/13/2020, 05:10:52,591
FGS000667,PrBoom Plus,776,12/13/2020, 06:11:54,591
FGS000667,PrBoom Plus,776,12/13/2020, 07:10:03,591
FGS000667,PrBoom Plus,776,12/13/2020, 08:12:04,591
FGS000667,PrBoom Plus,776,12/13/2020, 09:10:35,591
FGS000667,PrBoom Plus,777,12/13/2020, 10:11:45,591
FGS000667,PrBoom Plus,778,12/13/2020, 11:10:37,591
FGS000667,PrBoom Plus,778,12/13/2020, 12:13:22,591
FGS000667,PrBoom Plus,778,12/13/2020, 13:09:50,591
FGS000667,PrBoom Plus,778,12/13/2020, 14:11:26,591
FGS000667,PrBoom Plus,778,12/13/2020, 15:10:05,591
FGS000667,PrBoom Plus,779,12/13/2020, 16:15:02,591
FGS000667,PrBoom Plus,779,12/13/2020, 17:18:33,591
FGS000667,PrBoom Plus,779,12/13/2020, 18:10:15,591
FGS000667,PrBoom Plus,779,12/13/2020, 19:08:24,591
FGS000667,PrBoom Plus,779,12/13/2020, 20:10:07,591
FGS000667,PrBoom Plus,781,12/13/2020, 21:09:18,591
FGS000667,PrBoom Plus,782,12/13/2020, 22:11:40,591
FGS000667,PrBoom Plus,783,12/13/2020, 23:10:28,591
FGS000667,PrBoom Plus,783,12/14/2020, 00:27:29,591
FGS000667,PrBoom Plus,783,12/14/2020, 01:41:30,591
FGS000667,PrBoom Plus,783,12/14/2020, 02:20:19,591
FGS000667,PrBoom Plus,783,12/14/2020, 03:10:56,591
FGS000667,PrBoom Plus,783,12/14/2020, 04:12:49,591
FGS000667,PrBoom Plus,783,12/14/2020, 05:10:02,591
FGS000667,PrBoom Plus,783,12/14/2020, 06:12:18,591
FGS000667,PrBoom Plus,783,12/14/2020, 07:10:18,591
FGS000667,PrBoom Plus,783,12/14/2020, 08:12:59,591
FGS000667,PrBoom Plus,783,12/14/2020, 09:10:55,591
FGS000667,PrBoom Plus,783,12/14/2020, 10:12:02,591
FGS000667,PrBoom Plus,783,12/14/2020, 11:10:24,591
FGS000667,PrBoom Plus,783,12/14/2020, 12:14:07,591
FGS000667,PrBoom Plus,783,12/14/2020, 13:11:59,591
FGS000667,PrBoom Plus,783,12/14/2020, 14:11:56,591
FGS000667,PrBoom Plus,784,12/14/2020, 15:10:53,591
FGS000667,PrBoom Plus,784,12/14/2020, 16:12:48,591
FGS000667,PrBoom Plus,784,12/14/2020, 17:18:41,591
FGS000667,PrBoom Plus,785,12/14/2020, 18:09:18,591
FGS000667,PrBoom Plus,786,12/14/2020, 19:08:38,591
FGS000667,PrBoom Plus,786,12/14/2020, 20:10:26,591
FGS000667,PrBoom Plus,787,12/14/2020, 21:09:19,591
FGS000667,PrBoom Plus,789,12/14/2020, 22:12:03,591
FGS000667,PrBoom Plus,789,12/14/2020, 23:10:45,591
FGS000667,PrBoom Plus,790,12/15/2020, 09:11:04,591
FGS000667,PrBoom Plus,790,12/15/2020, 10:11:37,591
FGS000667,PrBoom Plus,790,12/15/2020, 11:10:21,591
FGS000667,PrBoom Plus,790,12/15/2020, 12:14:06,591
FGS000667,PrBoom Plus,790,12/15/2020, 13:11:58,591
FGS000667,PrBoom Plus,790,12/15/2020, 14:11:59,591
FGS000667,PrBoom Plus,791,12/15/2020, 15:10:52,591
FGS000667,PrBoom Plus,791,12/15/2020, 16:15:29,591
FGS000667,PrBoom Plus,791,12/15/2020, 17:22:03,591
FGS000667,PrBoom Plus,791,12/15/2020, 18:10:36,591
FGS000667,PrBoom Plus,791,12/15/2020, 19:08:33,591
FGS000667,PrBoom Plus,791,12/15/2020, 20:10:21,591
FGS000667,PrBoom Plus,792,12/15/2020, 21:09:27,591
FGS000667,PrBoom Plus,792,12/15/2020, 22:11:29,591
FGS000667,PrBoom Plus,792,12/15/2020, 23:10:47,591
FGS000667,PrBoom Plus,792,12/16/2020, 00:27:00,591
FGS000667,PrBoom Plus,793,12/16/2020, 01:42:14,591
FGS000667,PrBoom Plus,793,12/16/2020, 02:21:54,591
FGS000667,PrBoom Plus,793,12/16/2020, 03:10:42,591
FGS000667,PrBoom Plus,793,12/16/2020, 04:12:54,591
FGS000667,PrBoom Plus,794,12/16/2020, 05:10:11,591
FGS000667,PrBoom Plus,795,12/16/2020, 06:12:24,591
FGS000667,PrBoom Plus,795,12/16/2020, 07:10:38,591
FGS000667,PrBoom Plus,795,12/16/2020, 08:12:33,591
FGS000667,PrBoom Plus,795,12/16/2020, 09:10:49,591
FGS000667,PrBoom Plus,795,12/16/2020, 10:11:42,591
FGS000667,PrBoom Plus,795,12/16/2020, 11:10:24,591
FGS000667,PrBoom Plus,795,12/16/2020, 12:14:10,591
FGS000667,PrBoom Plus,795,12/16/2020, 13:12:25,591
FGS000667,PrBoom Plus,795,12/16/2020, 14:12:03,591
FGS000667,PrBoom Plus,795,12/16/2020, 15:10:56,591
FGS000667,PrBoom Plus,795,12/16/2020, 16:15:58,591
FGS000667,PrBoom Plus,795,12/16/2020, 17:32:49,591
FGS000667,PrBoom Plus,795,12/16/2020, 18:10:16,591
FGS000667,PrBoom Plus,795,12/16/2020, 19:09:14,591
FGS000667,PrBoom Plus,795,12/16/2020, 20:10:39,591
FGS000667,PrBoom Plus,795,12/16/2020, 21:09:58,591
FGS000667,PrBoom Plus,798,12/16/2020, 22:12:49,591
FGS000667,PrBoom Plus,798,12/16/2020, 23:12:18,591
FGS000667,PrBoom Plus,798,12/17/2020, 00:29:18,591
FGS000667,PrBoom Plus,798,12/17/2020, 01:44:25,591
FGS000667,PrBoom Plus,798,12/17/2020, 02:22:29,591
FGS000667,PrBoom Plus,798,12/17/2020, 03:10:46,591
FGS000667,PrBoom Plus,799,12/17/2020, 04:12:51,591
FGS000667,PrBoom Plus,799,12/17/2020, 05:10:15,591
FGS000667,PrBoom Plus,799,12/17/2020, 06:12:34,591
FGS000667,PrBoom Plus,799,12/17/2020, 07:11:31,591
FGS000667,PrBoom Plus,799,12/17/2020, 08:12:50,591
FGS000667,PrBoom Plus,801,12/17/2020, 09:10:52,591
FGS000667,PrBoom Plus,801,12/17/2020, 10:11:55,591
FGS000667,PrBoom Plus,801,12/17/2020, 11:10:25,591
FGS000667,PrBoom Plus,801,12/17/2020, 12:14:57,591
FGS000667,PrBoom Plus,801,12/17/2020, 13:14:19,591
FGS000667,PrBoom Plus,802,12/17/2020, 14:12:30,591
FGS000667,PrBoom Plus,802,12/17/2020, 15:10:57,591
FGS000667,PrBoom Plus,802,12/17/2020, 16:18:19,591
FGS000667,PrBoom Plus,804,12/17/2020, 17:27:37,591
FGS000667,PrBoom Plus,804,12/17/2020, 18:11:59,591
FGS000667,PrBoom Plus,804,12/17/2020, 19:09:55,591
FGS000667,PrBoom Plus,805,12/17/2020, 20:10:46,591
FGS000667,PrBoom Plus,807,12/17/2020, 21:10:03,591
FGS000667,PrBoom Plus,807,12/17/2020, 22:12:59,591
FGS000667,PrBoom Plus,807,12/17/2020, 23:11:58,591
FGS000667,PrBoom Plus,808,12/18/2020, 00:28:37,591
FGS000667,PrBoom Plus,809,12/18/2020, 01:46:25,591
FGS000667,PrBoom Plus,809,12/18/2020, 02:25:47,591
FGS000667,PrBoom Plus,809,12/18/2020, 03:13:41,591
FGS000667,PrBoom Plus,809,12/18/2020, 04:14:34,591
FGS000667,PrBoom Plus,809,12/18/2020, 05:14:01,591
FGS000667,PrBoom Plus,809,12/18/2020, 06:13:19,591
FGS000667,PrBoom Plus,810,12/18/2020, 07:14:07,591
FGS000667,PrBoom Plus,810,12/18/2020, 08:13:45,591
FGS000667,PrBoom Plus,810,12/18/2020, 09:13:22,591
FGS000667,PrBoom Plus,810,12/18/2020, 10:14:05,591
FGS000667,PrBoom Plus,810,12/18/2020, 11:12:25,591
FGS000667,PrBoom Plus,811,12/18/2020, 12:15:14,591
FGS000667,PrBoom Plus,811,12/18/2020, 13:18:05,591
FGS000667,PrBoom Plus,811,12/18/2020, 14:13:48,591
FGS000667,PrBoom Plus,811,12/18/2020, 15:12:31,591
FGS000667,PrBoom Plus,811,12/18/2020, 16:20:44,591
FGS000667,PrBoom Plus,811,12/18/2020, 17:31:52,591
FGS000667,PrBoom Plus,811,12/18/2020, 18:18:19,591
FGS000667,PrBoom Plus,811,12/18/2020, 19:15:07,591
FGS000667,PrBoom Plus,812,12/18/2020, 20:11:21,591
FGS000667,PrBoom Plus,812,12/18/2020, 21:09:52,591
FGS000667,PrBoom Plus,812,12/18/2020, 22:12:57,591
FGS000667,PrBoom Plus,812,12/18/2020, 23:12:00,591
FGS000667,PrBoom Plus,812,12/19/2020, 00:28:39,591
FGS000667,PrBoom Plus,814,12/19/2020, 01:45:51,591
FGS000667,PrBoom Plus,814,12/19/2020, 02:25:12,591
FGS000667,PrBoom Plus,814,12/19/2020, 03:13:15,591
FGS000667,PrBoom Plus,814,12/19/2020, 04:14:00,591
FGS000667,PrBoom Plus,814,12/19/2020, 05:13:10,591
FGS000667,PrBoom Plus,814,12/19/2020, 06:13:08,591
FGS000667,PrBoom Plus,814,12/19/2020, 07:13:45,591
FGS000667,PrBoom Plus,816,12/19/2020, 08:13:08,591
FGS000667,PrBoom Plus,817,12/19/2020, 09:12:18,591
FGS000667,PrBoom Plus,817,12/19/2020, 10:13:33,591
FGS000667,PrBoom Plus,817,12/19/2020, 11:11:41,591
FGS000667,PrBoom Plus,817,12/19/2020, 12:14:47,591
FGS000667,PrBoom Plus,817,12/19/2020, 13:16:26,591
FGS000667,PrBoom Plus,817,12/19/2020, 14:12:43,591
FGS000667,PrBoom Plus,817,12/19/2020, 15:11:03,591
FGS000667,PrBoom Plus,817,12/19/2020, 16:20:02,591
FGS000667,PrBoom Plus,818,12/19/2020, 17:30:32,591
FGS000667,PrBoom Plus,818,12/19/2020, 18:14:52,591
FGS000667,PrBoom Plus,818,12/19/2020, 19:10:41,591
FGS000667,PrBoom Plus,819,12/19/2020, 20:11:27,591
FGS000667,PrBoom Plus,819,12/19/2020, 21:09:26,591
FGS000667,PrBoom Plus,819,12/19/2020, 22:12:45,591
FGS000667,PrBoom Plus,819,12/19/2020, 23:10:28,591
FGS000667,PrBoom Plus,820,12/20/2020, 00:28:52,591
FGS000667,PrBoom Plus,820,12/20/2020, 01:47:26,591
FGS000667,PrBoom Plus,820,12/20/2020, 02:24:43,591
FGS000667,PrBoom Plus,821,12/20/2020, 03:11:43,591
FGS000667,PrBoom Plus,821,12/20/2020, 04:12:48,591
FGS000667,PrBoom Plus,822,12/20/2020, 05:10:29,591
FGS000667,PrBoom Plus,822,12/20/2020, 06:12:46,591
FGS000667,PrBoom Plus,823,12/20/2020, 07:11:29,591
FGS000667,PrBoom Plus,823,12/20/2020, 08:13:11,591
FGS000667,PrBoom Plus,823,12/20/2020, 09:11:13,591
FGS000667,PrBoom Plus,823,12/20/2020, 10:12:11,591
FGS000667,PrBoom Plus,824,12/20/2020, 11:10:56,591
FGS000667,PrBoom Plus,824,12/20/2020, 12:15:03,591
FGS000667,PrBoom Plus,825,12/20/2020, 13:15:36,591
FGS000667,PrBoom Plus,825,12/20/2020, 14:12:24,591
FGS000667,PrBoom Plus,826,12/20/2020, 15:10:46,591
FGS000667,PrBoom Plus,826,12/20/2020, 16:19:12,591
FGS000667,PrBoom Plus,828,12/20/2020, 17:30:12,591
FGS000667,PrBoom Plus,828,12/20/2020, 18:15:13,591
FGS000667,PrBoom Plus,829,12/20/2020, 19:12:13,591
FGS000667,PrBoom Plus,829,12/20/2020, 20:11:27,591
FGS000667,PrBoom Plus,829,12/20/2020, 21:10:08,591
FGS000667,PrBoom Plus,829,12/20/2020, 22:13:26,591
FGS000667,PrBoom Plus,829,12/20/2020, 23:14:12,591
FGS000667,PrBoom Plus,829,12/21/2020, 00:31:01,591
FGS000667,PrBoom Plus,829,12/21/2020, 01:51:35,591
FGS000667,PrBoom Plus,829,12/21/2020, 02:30:21,591
FGS000667,PrBoom Plus,829,12/21/2020, 03:16:49,591
FGS000667,PrBoom Plus,830,12/21/2020, 04:16:09,591
FGS000667,PrBoom Plus,830,12/21/2020, 05:14:49,591
FGS000667,PrBoom Plus,830,12/21/2020, 06:13:21,591
FGS000667,PrBoom Plus,830,12/21/2020, 07:15:33,591
FGS000667,PrBoom Plus,830,12/21/2020, 08:14:10,591
FGS000667,PrBoom Plus,830,12/21/2020, 09:14:51,591
FGS000667,PrBoom Plus,831,12/21/2020, 10:14:35,591
FGS000667,PrBoom Plus,831,12/21/2020, 11:12:46,591
FGS000667,PrBoom Plus,832,12/21/2020, 12:15:28,591
FGS000667,PrBoom Plus,832,12/21/2020, 13:19:57,591
FGS000667,PrBoom Plus,832,12/21/2020, 14:13:26,591
FGS000667,PrBoom Plus,832,12/21/2020, 15:12:17,591
FGS000667,PrBoom Plus,833,12/21/2020, 16:20:44,591
FGS000667,PrBoom Plus,834,12/21/2020, 17:33:45,591
FGS000667,PrBoom Plus,834,12/21/2020, 18:18:52,591
FGS000667,PrBoom Plus,835,12/21/2020, 19:15:53,591
FGS000667,PrBoom Plus,836,12/21/2020, 20:11:57,591
FGS000667,PrBoom Plus,836,12/21/2020, 21:11:18,591
FGS000667,PrBoom Plus,836,12/21/2020, 22:15:16,591
FGS000667,PrBoom Plus,836,12/21/2020, 23:17:27,591
FGS000667,PrBoom Plus,836,12/22/2020, 00:32:20,591
FGS000667,PrBoom Plus,836,12/22/2020, 01:54:09,591
FGS000667,PrBoom Plus,837,12/22/2020, 02:34:27,591
FGS000667,PrBoom Plus,837,12/22/2020, 03:20:05,591
FGS000667,PrBoom Plus,837,12/22/2020, 04:19:38,591
FGS000667,PrBoom Plus,837,12/22/2020, 05:18:09,591
FGS000667,PrBoom Plus,837,12/22/2020, 06:15:27,591
FGS000667,PrBoom Plus,837,12/22/2020, 07:20:18,591
FGS000667,PrBoom Plus,837,12/22/2020, 08:16:17,591
FGS000667,PrBoom Plus,838,12/22/2020, 09:18:39,591
FGS000667,PrBoom Plus,838,12/22/2020, 10:18:21,591
FGS000667,PrBoom Plus,839,12/22/2020, 11:15:39,591
FGS000667,PrBoom Plus,839,12/22/2020, 12:17:59,591
FGS000667,PrBoom Plus,840,12/22/2020, 13:25:11,591
FGS000667,PrBoom Plus,840,12/22/2020, 14:15:22,591
FGS000667,PrBoom Plus,840,12/22/2020, 15:13:56,591
FGS000667,PrBoom Plus,840,12/22/2020, 16:25:08,591
FGS000667,PrBoom Plus,841,12/22/2020, 17:38:19,591
FGS000667,PrBoom Plus,841,12/22/2020, 18:23:14,591
FGS000667,PrBoom Plus,842,12/22/2020, 19:19:27,591
FGS000667,PrBoom Plus,842,12/22/2020, 20:12:55,591
FGS000667,PrBoom Plus,842,12/22/2020, 21:12:09,591
FGS000667,PrBoom Plus,842,12/22/2020, 22:16:33,591
FGS000667,PrBoom Plus,843,12/22/2020, 23:18:59,591
FGS000667,PrBoom Plus,843,12/23/2020, 00:34:09,591
FGS000667,PrBoom Plus,843,12/23/2020, 01:57:55,591
FGS000667,PrBoom Plus,844,12/23/2020, 02:44:22,591
FGS000667,PrBoom Plus,844,12/23/2020, 03:21:24,591
FGS000667,PrBoom Plus,845,12/23/2020, 04:21:07,591
FGS000667,PrBoom Plus,845,12/23/2020, 05:20:48,591
FGS000667,PrBoom Plus,845,12/23/2020, 06:15:32,591
FGS000667,PrBoom Plus,845,12/23/2020, 07:22:04,591
FGS000667,PrBoom Plus,845,12/23/2020, 08:17:01,591
FGS000667,PrBoom Plus,845,12/23/2020, 09:19:36,591
FGS000667,PrBoom Plus,845,12/23/2020, 10:19:30,591
FGS000667,PrBoom Plus,845,12/23/2020, 11:16:06,591
FGS000667,PrBoom Plus,846,12/23/2020, 12:17:46,591
FGS000667,PrBoom Plus,846,12/23/2020, 13:25:29,591
FGS000667,PrBoom Plus,846,12/23/2020, 14:15:18,591
FGS000667,PrBoom Plus,846,12/23/2020, 15:14:17,591
FGS000667,PrBoom Plus,847,12/23/2020, 16:26:38,591
FGS000667,PrBoom Plus,847,12/23/2020, 17:41:39,591
FGS000667,PrBoom Plus,847,12/23/2020, 18:28:29,591
FGS000667,PrBoom Plus,847,12/23/2020, 19:23:40,591
FGS000667,PrBoom Plus,847,12/23/2020, 20:13:49,591
FGS000667,PrBoom Plus,847,12/23/2020, 21:12:42,591
FGS000667,PrBoom Plus,847,12/23/2020, 22:17:16,591
FGS000667,PrBoom Plus,847,12/23/2020, 23:20:11,591
FGS000667,PrBoom Plus,847,12/24/2020, 00:37:06,591
FGS000667,PrBoom Plus,848,12/24/2020, 02:02:31,591
FGS000667,PrBoom Plus,848,12/24/2020, 03:23:39,591
FGS000667,PrBoom Plus,848,12/24/2020, 04:23:16,591
FGS000667,PrBoom Plus,848,12/24/2020, 05:22:21,591
FGS000667,PrBoom Plus,848,12/24/2020, 06:16:50,591
FGS000667,PrBoom Plus,848,12/24/2020, 07:22:35,591
FGS000667,PrBoom Plus,848,12/24/2020, 08:17:25,591
FGS000667,PrBoom Plus,848,12/24/2020, 09:20:00,591
FGS000667,PrBoom Plus,848,12/24/2020, 10:19:55,591
FGS000667,PrBoom Plus,848,12/24/2020, 11:16:36,591
FGS000667,PrBoom Plus,848,12/24/2020, 12:17:45,591
FGS000667,PrBoom Plus,848,12/24/2020, 13:25:48,591
FGS000667,PrBoom Plus,849,12/24/2020, 14:15:23,591
FGS000667,PrBoom Plus,849,12/24/2020, 15:14:12,591
FGS000667,PrBoom Plus,850,12/24/2020, 16:27:12,591
FGS000667,PrBoom Plus,850,12/24/2020, 17:43:06,591
FGS000667,PrBoom Plus,850,12/24/2020, 18:29:39,591
FGS000667,PrBoom Plus,850,12/24/2020, 19:25:12,591
FGS000667,PrBoom Plus,850,12/24/2020, 20:14:01,591
FGS000667,PrBoom Plus,850,12/24/2020, 21:12:33,591
FGS000667,PrBoom Plus,850,12/24/2020, 22:15:54,591
FGS000667,PrBoom Plus,851,12/24/2020, 23:18:43,591
FGS000667,PrBoom Plus,851,12/25/2020, 00:34:27,591
FGS000667,PrBoom Plus,851,12/25/2020, 01:58:59,591
FGS000667,PrBoom Plus,852,12/25/2020, 02:44:31,591
FGS000667,PrBoom Plus,853,12/25/2020, 03:19:49,591
FGS000667,PrBoom Plus,853,12/25/2020, 04:18:34,591
FGS000667,PrBoom Plus,853,12/25/2020, 05:18:00,591
FGS000667,PrBoom Plus,853,12/25/2020, 06:13:32,591
FGS000667,PrBoom Plus,854,12/25/2020, 07:17:59,591
FGS000667,PrBoom Plus,854,12/25/2020, 08:14:37,591
FGS000667,PrBoom Plus,854,12/25/2020, 09:16:49,591
FGS000667,PrBoom Plus,854,12/25/2020, 10:16:32,591
FGS000667,PrBoom Plus,854,12/25/2020, 11:13:19,591
FGS000667,PrBoom Plus,854,12/25/2020, 12:15:36,591
FGS000667,PrBoom Plus,854,12/25/2020, 13:21:47,591
FGS000667,PrBoom Plus,854,12/25/2020, 14:12:35,591
FGS000667,PrBoom Plus,854,12/25/2020, 15:11:44,591
FGS000667,PrBoom Plus,855,12/25/2020, 16:22:31,591
FGS000667,PrBoom Plus,855,12/25/2020, 17:39:07,591
FGS000667,PrBoom Plus,855,12/25/2020, 18:24:15,591
FGS000667,PrBoom Plus,855,12/25/2020, 19:20:20,591
FGS000667,PrBoom Plus,855,12/25/2020, 20:11:13,591
FGS000667,PrBoom Plus,855,12/25/2020, 21:10:19,591
FGS000667,PrBoom Plus,855,12/25/2020, 22:14:44,591
FGS000667,PrBoom Plus,855,12/25/2020, 23:17:53,591
FGS000667,PrBoom Plus,855,12/26/2020, 00:33:18,591
