GTA300000,re3-vita,96,10/27/2020, 22:12:02,589
GTA300000,re3-vita,186,10/27/2020, 23:10:52,589
GTA300000,re3-vita,248,10/28/2020, 00:32:03,589
GTA300000,re3-vita,289,10/28/2020, 01:41:03,589
GTA300000,re3-vita,306,10/28/2020, 02:16:22,589
GTA300000,re3-vita,333,10/28/2020, 03:11:39,589
GTA300000,re3-vita,354,10/28/2020, 04:14:03,589
GTA300000,re3-vita,366,10/28/2020, 05:11:03,589
GTA300000,re3-vita,381,10/28/2020, 06:12:40,589
GTA300000,re3-vita,400,10/28/2020, 07:12:05,589
GTA300000,re3-vita,413,10/28/2020, 08:13:10,589
GTA300000,re3-vita,423,10/28/2020, 09:11:48,589
GTA300000,re3-vita,432,10/28/2020, 10:13:17,589
GTA300000,re3-vita,437,10/28/2020, 11:10:47,589
GTA300000,re3-vita,453,10/28/2020, 12:15:09,589
GTA300000,re3-vita,463,10/28/2020, 13:10:41,589
GTA300000,re3-vita,475,10/28/2020, 14:12:32,589
GTA300000,re3-vita,486,10/28/2020, 15:12:51,589
GTA300000,re3-vita,498,10/28/2020, 16:17:30,589
GTA300000,re3-vita,507,10/28/2020, 17:10:54,589
GTA300000,re3-vita,517,10/28/2020, 18:11:42,589
GTA300000,re3-vita,528,10/28/2020, 19:10:15,589
GTA300000,re3-vita,538,10/28/2020, 20:11:55,589
GTA300000,re3-vita,540,10/28/2020, 21:10:40,589
GTA300000,re3-vita,547,10/28/2020, 22:12:07,589
GTA300000,re3-vita,553,10/28/2020, 23:11:06,589
GTA300000,re3-vita,561,10/29/2020, 00:32:38,589
GTA300000,re3-vita,568,10/29/2020, 01:43:11,589
GTA300000,re3-vita,576,10/29/2020, 02:18:00,589
GTA300000,re3-vita,582,10/29/2020, 03:10:49,589
GTA300000,re3-vita,589,10/29/2020, 04:14:13,589,
GTA300000,re3-vita,595,10/29/2020, 05:11:06,589
GTA300000,re3-vita,600,10/29/2020, 06:13:07,589
GTA300000,re3-vita,605,10/29/2020, 07:11:41,589
GTA300000,re3-vita,614,10/29/2020, 08:13:28,589
GTA300000,re3-vita,622,10/29/2020, 09:11:47,589
GTA300000,re3-vita,623,10/29/2020, 10:13:42,589
GTA300000,re3-vita,624,10/29/2020, 11:11:03,589
GTA300000,re3-vita,629,10/29/2020, 12:15:50,589
GTA300000,re3-vita,630,10/29/2020, 13:11:30,589
GTA300000,re3-vita,635,10/29/2020, 14:12:31,589
GTA300000,re3-vita,638,10/29/2020, 15:12:03,589
GTA300000,re3-vita,642,10/29/2020, 16:16:39,589
GTA300000,re3-vita,645,10/29/2020, 17:08:49,589
GTA300000,re3-vita,652,10/29/2020, 18:08:00,589
GTA300000,re3-vita,658,10/29/2020, 19:06:25,589
GTA300000,re3-vita,661,10/29/2020, 20:05:57,589
GTA300000,re3-vita,665,10/29/2020, 21:05:33,589
GTA300000,re3-vita,665,10/29/2020, 22:05:56,589
GTA300000,re3-vita,667,10/29/2020, 23:06:12,589
GTA300000,re3-vita,671,10/30/2020, 00:19:14,589
GTA300000,re3-vita,674,10/30/2020, 01:07:10,589
GTA300000,re3-vita,676,10/30/2020, 02:06:55,589
GTA300000,re3-vita,680,10/30/2020, 03:06:40,589
GTA300000,re3-vita,685,10/30/2020, 04:07:35,589
GTA300000,re3-vita,688,10/30/2020, 05:07:50,589
GTA300000,re3-vita,690,10/30/2020, 06:07:26,589
GTA300000,re3-vita,690,10/30/2020, 07:06:53,589
GTA300000,re3-vita,693,10/30/2020, 08:08:02,589
GTA300000,re3-vita,694,10/30/2020, 09:06:48,589
GTA300000,re3-vita,696,10/30/2020, 10:07:37,589
GTA300000,re3-vita,697,10/30/2020, 11:06:08,589
GTA300000,re3-vita,700,10/30/2020, 12:09:10,589
GTA300000,re3-vita,702,10/30/2020, 13:06:32,589
GTA300000,re3-vita,707,10/30/2020, 14:06:44,589
GTA300000,re3-vita,710,10/30/2020, 15:06:40,589
GTA300000,re3-vita,715,10/30/2020, 16:10:43,589
GTA300000,re3-vita,716,10/30/2020, 17:06:39,589
GTA300000,re3-vita,718,10/30/2020, 18:06:54,589
GTA300000,re3-vita,719,10/30/2020, 19:06:04,589
GTA300000,re3-vita,724,10/30/2020, 20:06:29,589
GTA300000,re3-vita,727,10/30/2020, 21:06:31,589
GTA300000,re3-vita,727,10/30/2020, 22:07:11,589
GTA300000,re3-vita,731,10/30/2020, 23:06:48,589
GTA300000,re3-vita,733,10/31/2020, 00:18:02,589
GTA300000,re3-vita,736,10/31/2020, 01:09:23,589
GTA300000,re3-vita,737,10/31/2020, 02:07:42,589
GTA300000,re3-vita,741,10/31/2020, 03:07:40,589
GTA300000,re3-vita,745,10/31/2020, 04:08:40,589
GTA300000,re3-vita,747,10/31/2020, 05:07:28,589
GTA300000,re3-vita,748,10/31/2020, 06:07:41,589
GTA300000,re3-vita,748,10/31/2020, 07:07:29,589
GTA300000,re3-vita,751,10/31/2020, 08:07:34,589
GTA300000,re3-vita,752,10/31/2020, 09:06:43,589
GTA300000,re3-vita,753,10/31/2020, 10:07:53,589
GTA300000,re3-vita,757,10/31/2020, 11:06:33,589
GTA300000,re3-vita,757,10/31/2020, 12:08:52,589
GTA300000,re3-vita,760,10/31/2020, 13:06:32,589
GTA300000,re3-vita,764,10/31/2020, 14:06:32,589
GTA300000,re3-vita,768,10/31/2020, 15:06:48,589
GTA300000,re3-vita,771,10/31/2020, 16:11:15,589
GTA300000,re3-vita,776,10/31/2020, 17:06:35,589
GTA300000,re3-vita,782,10/31/2020, 18:06:51,589
GTA300000,re3-vita,787,10/31/2020, 19:06:16,589
GTA300000,re3-vita,790,10/31/2020, 20:06:39,589
GTA300000,re3-vita,791,10/31/2020, 21:06:14,589
GTA300000,re3-vita,793,10/31/2020, 22:07:37,589
GTA300000,re3-vita,793,10/31/2020, 23:06:37,589
GTA300000,re3-vita,793,11/01/2020, 00:20:24,589
GTA300000,re3-vita,798,11/01/2020, 01:09:19,589
GTA300000,re3-vita,799,11/01/2020, 02:10:26,589
GTA300000,re3-vita,801,11/01/2020, 03:07:30,589
GTA300000,re3-vita,802,11/01/2020, 04:08:55,589
GTA300000,re3-vita,803,11/01/2020, 05:06:54,589
GTA300000,re3-vita,807,11/01/2020, 06:07:56,589
GTA300000,re3-vita,810,11/01/2020, 07:07:53,589
GTA300000,re3-vita,813,11/01/2020, 08:08:02,589
GTA300000,re3-vita,815,11/01/2020, 09:07:15,589
GTA300000,re3-vita,826,11/01/2020, 13:13:24,589
GTA300000,re3-vita,829,11/01/2020, 14:06:34,589
GTA300000,re3-vita,830,11/01/2020, 15:07:12,589
GTA300000,re3-vita,832,11/01/2020, 16:12:04,589
GTA300000,re3-vita,834,11/01/2020, 17:06:53,589
GTA300000,re3-vita,841,11/01/2020, 18:07:09,589
GTA300000,re3-vita,844,11/01/2020, 19:06:19,589
GTA300000,re3-vita,849,11/01/2020, 20:06:29,589
GTA300000,re3-vita,852,11/01/2020, 21:06:26,589
GTA300000,re3-vita,854,11/01/2020, 22:08:01,589
GTA300000,re3-vita,857,11/01/2020, 23:08:03,589
GTA300000,re3-vita,858,11/02/2020, 00:19:17,589
GTA300000,re3-vita,860,11/02/2020, 01:08:28,589
GTA300000,re3-vita,862,11/02/2020, 02:08:14,589
GTA300000,re3-vita,862,11/02/2020, 03:07:03,589
GTA300000,re3-vita,864,11/02/2020, 04:09:41,589
GTA300000,re3-vita,865,11/02/2020, 05:07:31,589
GTA300000,re3-vita,869,11/02/2020, 06:08:30,589
GTA300000,re3-vita,871,11/02/2020, 07:07:46,589
GTA300000,re3-vita,873,11/02/2020, 08:10:50,589
GTA300000,re3-vita,875,11/02/2020, 09:07:29,589
GTA300000,re3-vita,877,11/02/2020, 10:09:11,589
GTA300000,re3-vita,878,11/02/2020, 11:07:09,589
GTA300000,re3-vita,880,11/02/2020, 12:09:42,589
GTA300000,re3-vita,883,11/02/2020, 13:07:28,589
GTA300000,re3-vita,887,11/02/2020, 14:07:20,589
GTA300000,re3-vita,890,11/02/2020, 15:07:55,589
GTA300000,re3-vita,891,11/02/2020, 16:13:44,589
GTA300000,re3-vita,896,11/02/2020, 17:07:24,589
GTA300000,re3-vita,899,11/02/2020, 18:07:26,589
GTA300000,re3-vita,901,11/02/2020, 19:06:18,589
GTA300000,re3-vita,906,11/02/2020, 20:07:02,589
GTA300000,re3-vita,909,11/02/2020, 21:06:34,589
GTA300000,re3-vita,911,11/02/2020, 22:08:48,589
GTA300000,re3-vita,918,11/02/2020, 23:07:19,589
GTA300000,re3-vita,920,11/03/2020, 00:19:36,589
GTA300000,re3-vita,926,11/03/2020, 01:10:23,589
GTA300000,re3-vita,927,11/03/2020, 02:08:43,589
GTA300000,re3-vita,930,11/03/2020, 03:07:32,589
GTA300000,re3-vita,933,11/03/2020, 04:09:36,589
GTA300000,re3-vita,933,11/03/2020, 05:07:03,589
GTA300000,re3-vita,933,11/03/2020, 06:08:24,589
GTA300000,re3-vita,934,11/03/2020, 07:08:27,589
GTA300000,re3-vita,937,11/03/2020, 08:08:55,589
GTA300000,re3-vita,940,11/03/2020, 09:07:27,589
GTA300000,re3-vita,946,11/03/2020, 10:09:10,589
GTA300000,re3-vita,948,11/03/2020, 11:07:00,589
GTA300000,re3-vita,949,11/03/2020, 12:09:47,589
GTA300000,re3-vita,953,11/03/2020, 13:07:20,589
GTA300000,re3-vita,957,11/03/2020, 14:07:19,589
GTA300000,re3-vita,959,11/03/2020, 15:08:07,589
GTA300000,re3-vita,961,11/03/2020, 16:15:09,589
GTA300000,re3-vita,964,11/03/2020, 17:07:38,589
GTA300000,re3-vita,970,11/03/2020, 18:07:23,589
GTA300000,re3-vita,977,11/03/2020, 19:06:35,589
GTA300000,re3-vita,981,11/03/2020, 20:07:03,589
GTA300000,re3-vita,985,11/03/2020, 21:06:32,589
GTA300000,re3-vita,987,11/03/2020, 22:08:42,589
GTA300000,re3-vita,989,11/03/2020, 23:07:21,589
GTA300000,re3-vita,996,11/04/2020, 00:19:37,589
GTA300000,re3-vita,999,11/04/2020, 01:11:45,589
GTA300000,re3-vita,1003,11/04/2020, 02:08:33,589
GTA300000,re3-vita,1006,11/04/2020, 03:07:33,589
GTA300000,re3-vita,1014,11/04/2020, 04:10:18,589
GTA300000,re3-vita,1017,11/04/2020, 05:07:46,589
GTA300000,re3-vita,1022,11/04/2020, 06:08:13,589
GTA300000,re3-vita,1025,11/04/2020, 07:08:42,589
GTA300000,re3-vita,1028,11/04/2020, 08:08:39,589
GTA300000,re3-vita,1029,11/04/2020, 09:07:46,589
GTA300000,re3-vita,1031,11/04/2020, 10:09:25,589
GTA300000,re3-vita,1034,11/04/2020, 11:07:19,589
GTA300000,re3-vita,1035,11/04/2020, 12:10:05,589
GTA300000,re3-vita,1036,11/04/2020, 13:07:18,589
GTA300000,re3-vita,1036,11/04/2020, 14:07:32,589
GTA300000,re3-vita,1038,11/04/2020, 15:08:08,589
GTA300000,re3-vita,1042,11/04/2020, 16:14:38,589
GTA300000,re3-vita,1042,11/04/2020, 17:07:49,589
GTA300000,re3-vita,1048,11/04/2020, 18:07:24,589
GTA300000,re3-vita,1049,11/04/2020, 19:06:40,589
GTA300000,re3-vita,1052,11/04/2020, 20:07:16,589
GTA300000,re3-vita,1054,11/04/2020, 21:06:41,589
GTA300000,re3-vita,1057,11/04/2020, 22:09:00,589
GTA300000,re3-vita,1065,11/04/2020, 23:07:22,589
GTA300000,re3-vita,1068,11/05/2020, 00:20:20,589
GTA300000,re3-vita,1068,11/05/2020, 01:13:38,589
GTA300000,re3-vita,1071,11/05/2020, 02:08:58,589
GTA300000,re3-vita,1074,11/05/2020, 03:07:36,589
GTA300000,re3-vita,1078,11/05/2020, 04:10:17,589
GTA300000,re3-vita,1078,11/05/2020, 05:07:39,589
GTA300000,re3-vita,1078,11/05/2020, 06:08:39,589
GTA300000,re3-vita,1086,11/05/2020, 07:08:26,589
GTA300000,re3-vita,1090,11/05/2020, 08:09:17,589
GTA300000,re3-vita,1094,11/05/2020, 09:07:50,589
GTA300000,re3-vita,1096,11/05/2020, 10:09:37,589
GTA300000,re3-vita,1097,11/05/2020, 11:07:25,589
GTA300000,re3-vita,1098,11/05/2020, 12:10:43,589
GTA300000,re3-vita,1100,11/05/2020, 13:09:11,589
GTA300000,re3-vita,1101,11/05/2020, 14:08:08,589
GTA300000,re3-vita,1105,11/05/2020, 15:08:25,589
GTA300000,re3-vita,1109,11/05/2020, 16:26:10,589
GTA300000,re3-vita,1110,11/05/2020, 17:07:40,589
GTA300000,re3-vita,1122,11/05/2020, 18:07:43,589
GTA300000,re3-vita,1131,11/05/2020, 19:06:40,589
GTA300000,re3-vita,1135,11/05/2020, 20:07:22,589
GTA300000,re3-vita,1140,11/05/2020, 21:06:48,589
GTA300000,re3-vita,1146,11/05/2020, 22:09:18,589
GTA300000,re3-vita,1156,11/05/2020, 23:07:53,589
GTA300000,re3-vita,1166,11/06/2020, 00:20:41,589
GTA300000,re3-vita,1169,11/06/2020, 01:15:22,589
GTA300000,re3-vita,1172,11/06/2020, 02:09:07,589
GTA300000,re3-vita,1177,11/06/2020, 03:07:41,589
GTA300000,re3-vita,1182,11/06/2020, 04:10:41,589
GTA300000,re3-vita,1185,11/06/2020, 05:07:49,589
GTA300000,re3-vita,1189,11/06/2020, 06:08:43,589
GTA300000,re3-vita,1191,11/06/2020, 07:08:53,589
GTA300000,re3-vita,1195,11/06/2020, 08:09:38,589
GTA300000,re3-vita,1196,11/06/2020, 09:08:08,589
GTA300000,re3-vita,1196,11/06/2020, 10:09:59,589
GTA300000,re3-vita,1197,11/06/2020, 11:07:11,589
GTA300000,re3-vita,1204,11/06/2020, 12:10:37,589
GTA300000,re3-vita,1204,11/06/2020, 13:07:46,589
GTA300000,re3-vita,1206,11/06/2020, 14:08:26,589
GTA300000,re3-vita,1208,11/06/2020, 15:08:38,589
GTA300000,re3-vita,1211,11/06/2020, 16:16:05,589
GTA300000,re3-vita,1215,11/06/2020, 17:07:52,589
GTA300000,re3-vita,1215,11/06/2020, 18:07:51,589
GTA300000,re3-vita,1217,11/06/2020, 19:06:34,589
GTA300000,re3-vita,1218,11/06/2020, 20:07:11,589
GTA300000,re3-vita,1218,11/06/2020, 21:07:01,589
GTA300000,re3-vita,1219,11/06/2020, 22:09:44,589
GTA300000,re3-vita,1222,11/06/2020, 23:07:46,589
GTA300000,re3-vita,1224,11/07/2020, 00:20:55,589
GTA300000,re3-vita,1226,11/07/2020, 01:16:17,589
GTA300000,re3-vita,1228,11/07/2020, 02:09:05,589
GTA300000,re3-vita,1230,11/07/2020, 03:08:10,589
GTA300000,re3-vita,1237,11/07/2020, 04:10:57,589
GTA300000,re3-vita,1239,11/07/2020, 05:07:51,589
GTA300000,re3-vita,1246,11/07/2020, 06:08:49,589
GTA300000,re3-vita,1249,11/07/2020, 07:08:51,589
GTA300000,re3-vita,1250,11/07/2020, 08:09:15,589
GTA300000,re3-vita,1252,11/07/2020, 09:08:10,589
GTA300000,re3-vita,1253,11/07/2020, 10:09:46,589
GTA300000,re3-vita,1253,11/07/2020, 11:07:34,589
GTA300000,re3-vita,1254,11/07/2020, 12:10:28,589
GTA300000,re3-vita,1254,11/07/2020, 13:07:28,589
GTA300000,re3-vita,1256,11/07/2020, 14:07:52,589
GTA300000,re3-vita,1258,11/07/2020, 15:08:21,589
GTA300000,re3-vita,1261,11/07/2020, 16:15:42,589
GTA300000,re3-vita,1267,11/07/2020, 17:07:30,589
GTA300000,re3-vita,1269,11/07/2020, 18:07:46,589
GTA300000,re3-vita,1271,11/07/2020, 19:06:47,589
GTA300000,re3-vita,1275,11/07/2020, 20:07:16,589
GTA300000,re3-vita,1277,11/07/2020, 21:06:55,589
GTA300000,re3-vita,1278,11/07/2020, 22:09:28,589
GTA300000,re3-vita,1280,11/07/2020, 23:07:50,589
GTA300000,re3-vita,1282,11/08/2020, 00:22:12,589
GTA300000,re3-vita,1285,11/08/2020, 01:18:44,589
GTA300000,re3-vita,1287,11/08/2020, 02:09:43,589
GTA300000,re3-vita,1289,11/08/2020, 03:08:12,589
GTA300000,re3-vita,1289,11/08/2020, 04:11:09,589
GTA300000,re3-vita,1292,11/08/2020, 05:08:19,589
GTA300000,re3-vita,1293,11/08/2020, 06:09:14,589
GTA300000,re3-vita,1294,11/08/2020, 07:08:53,589
GTA300000,re3-vita,1296,11/08/2020, 08:09:36,589
GTA300000,re3-vita,1300,11/08/2020, 09:08:03,589
GTA300000,re3-vita,1303,11/08/2020, 10:09:57,589
GTA300000,re3-vita,1304,11/08/2020, 11:07:32,589
GTA300000,re3-vita,1306,11/08/2020, 12:10:35,589
GTA300000,re3-vita,1307,11/08/2020, 13:07:29,589
GTA300000,re3-vita,1309,11/08/2020, 14:08:28,589
GTA300000,re3-vita,1310,11/08/2020, 15:08:32,589
GTA300000,re3-vita,1310,11/08/2020, 16:16:10,589
GTA300000,re3-vita,1314,11/08/2020, 17:07:40,589
GTA300000,re3-vita,1317,11/08/2020, 18:07:33,589
GTA300000,re3-vita,1320,11/08/2020, 19:06:38,589
GTA300000,re3-vita,1323,11/08/2020, 20:07:24,589
GTA300000,re3-vita,1327,11/08/2020, 21:06:49,589
GTA300000,re3-vita,1330,11/08/2020, 22:09:45,589
GTA300000,re3-vita,1331,11/08/2020, 23:07:55,589
GTA300000,re3-vita,1333,11/09/2020, 00:22:10,589
GTA300000,re3-vita,1335,11/09/2020, 01:18:44,589
GTA300000,re3-vita,1337,11/09/2020, 02:10:02,589
GTA300000,re3-vita,1340,11/09/2020, 03:08:16,589
GTA300000,re3-vita,1344,11/09/2020, 04:11:40,589
GTA300000,re3-vita,1345,11/09/2020, 05:08:25,589
GTA300000,re3-vita,1345,11/09/2020, 06:09:27,589
GTA300000,re3-vita,1347,11/09/2020, 07:09:16,589
GTA300000,re3-vita,1348,11/09/2020, 08:10:03,589
GTA300000,re3-vita,1348,11/09/2020, 09:08:29,589
GTA300000,re3-vita,1348,11/09/2020, 10:10:40,589
GTA300000,re3-vita,1348,11/09/2020, 11:07:57,589
GTA300000,re3-vita,1349,11/09/2020, 12:11:12,589
GTA300000,re3-vita,1352,11/09/2020, 13:08:14,589
GTA300000,re3-vita,1353,11/09/2020, 14:09:13,589
GTA300000,re3-vita,1353,11/09/2020, 15:10:03,589
GTA300000,re3-vita,1357,11/09/2020, 16:18:35,589
GTA300000,re3-vita,1359,11/09/2020, 17:08:28,589
GTA300000,re3-vita,1359,11/09/2020, 18:08:17,589
GTA300000,re3-vita,1365,11/09/2020, 19:06:59,589
GTA300000,re3-vita,1366,11/09/2020, 20:07:36,589
GTA300000,re3-vita,1372,11/09/2020, 21:07:28,589
GTA300000,re3-vita,1377,11/09/2020, 22:10:19,589
GTA300000,re3-vita,1380,11/09/2020, 23:08:21,589
GTA300000,re3-vita,1384,11/10/2020, 00:22:00,589
GTA300000,re3-vita,1388,11/10/2020, 01:20:41,589
GTA300000,re3-vita,1390,11/10/2020, 02:10:07,589
GTA300000,re3-vita,1390,11/10/2020, 03:08:31,589
GTA300000,re3-vita,1391,11/10/2020, 04:07:51,589
GTA300000,re3-vita,1391,11/10/2020, 05:06:42,589
GTA300000,re3-vita,1392,11/10/2020, 06:07:59,589
GTA300000,re3-vita,1393,11/10/2020, 07:06:54,589
GTA300000,re3-vita,1396,11/10/2020, 08:07:54,589
GTA300000,re3-vita,1399,11/10/2020, 09:06:55,589
GTA300000,re3-vita,1400,11/10/2020, 10:08:15,589
GTA300000,re3-vita,1402,11/10/2020, 11:06:42,589
GTA300000,re3-vita,1404,11/10/2020, 12:09:36,589
GTA300000,re3-vita,1405,11/10/2020, 13:06:54,589
GTA300000,re3-vita,1406,11/10/2020, 14:08:12,589
GTA300000,re3-vita,1410,11/10/2020, 15:07:31,589
GTA300000,re3-vita,1415,11/10/2020, 16:11:31,589
GTA300000,re3-vita,1416,11/10/2020, 17:07:16,589
GTA300000,re3-vita,1418,11/10/2020, 18:07:27,589
GTA300000,re3-vita,1419,11/10/2020, 19:06:11,589
GTA300000,re3-vita,1422,11/10/2020, 20:07:07,589
GTA300000,re3-vita,1426,11/10/2020, 21:06:38,589
GTA300000,re3-vita,1428,11/10/2020, 22:08:27,589
GTA300000,re3-vita,1429,11/10/2020, 23:06:54,589
GTA300000,re3-vita,1437,11/11/2020, 00:16:26,589
GTA300000,re3-vita,1441,11/11/2020, 01:08:23,589
GTA300000,re3-vita,1442,11/11/2020, 02:08:06,589
GTA300000,re3-vita,1447,11/11/2020, 03:07:09,589
GTA300000,re3-vita,1453,11/11/2020, 04:08:35,589
GTA300000,re3-vita,1453,11/11/2020, 05:07:05,589
GTA300000,re3-vita,1457,11/11/2020, 06:08:08,589
GTA300000,re3-vita,1457,11/11/2020, 07:07:52,589
GTA300000,re3-vita,1458,11/11/2020, 08:08:22,589
GTA300000,re3-vita,1458,11/11/2020, 09:07:29,589
GTA300000,re3-vita,1461,11/11/2020, 10:08:18,589
GTA300000,re3-vita,1462,11/11/2020, 11:07:01,589
GTA300000,re3-vita,1464,11/11/2020, 12:09:38,589
GTA300000,re3-vita,1467,11/11/2020, 13:06:56,589
GTA300000,re3-vita,1469,11/11/2020, 14:08:13,589
GTA300000,re3-vita,1470,11/11/2020, 15:07:45,589
GTA300000,re3-vita,1475,11/11/2020, 16:11:44,589
GTA300000,re3-vita,1478,11/11/2020, 17:06:51,589
GTA300000,re3-vita,1481,11/11/2020, 18:07:41,589
GTA300000,re3-vita,1485,11/11/2020, 19:06:40,589
GTA300000,re3-vita,1489,11/11/2020, 20:07:19,589
GTA300000,re3-vita,1493,11/11/2020, 21:06:46,589
GTA300000,re3-vita,1493,11/11/2020, 22:08:34,589
GTA300000,re3-vita,1495,11/11/2020, 23:07:17,589
GTA300000,re3-vita,1497,11/12/2020, 00:19:39,589
GTA300000,re3-vita,1498,11/12/2020, 01:09:19,589
GTA300000,re3-vita,1500,11/12/2020, 02:08:32,589
GTA300000,re3-vita,1503,11/12/2020, 03:07:19,589
GTA300000,re3-vita,1508,11/12/2020, 04:08:52,589
GTA300000,re3-vita,1510,11/12/2020, 05:07:21,589
GTA300000,re3-vita,1513,11/12/2020, 06:08:35,589
GTA300000,re3-vita,1514,11/12/2020, 07:07:41,589
GTA300000,re3-vita,1517,11/12/2020, 08:09:00,589
GTA300000,re3-vita,1519,11/12/2020, 09:07:47,589
GTA300000,re3-vita,1524,11/12/2020, 10:08:39,589
GTA300000,re3-vita,1524,11/12/2020, 11:07:07,589
GTA300000,re3-vita,1528,11/12/2020, 12:09:53,589
GTA300000,re3-vita,1533,11/12/2020, 13:07:13,589
GTA300000,re3-vita,1534,11/12/2020, 14:08:35,589
GTA300000,re3-vita,1539,11/12/2020, 15:08:20,589
GTA300000,re3-vita,1543,11/12/2020, 16:13:18,589
GTA300000,re3-vita,1545,11/12/2020, 17:07:41,589
GTA300000,re3-vita,1547,11/12/2020, 18:07:57,589
GTA300000,re3-vita,1550,11/12/2020, 19:06:51,589
GTA300000,re3-vita,1553,11/12/2020, 20:07:13,589
GTA300000,re3-vita,1556,11/12/2020, 21:06:49,589
GTA300000,re3-vita,1558,11/12/2020, 22:08:41,589
GTA300000,re3-vita,1563,11/12/2020, 23:07:20,589
GTA300000,re3-vita,1568,11/13/2020, 00:19:03,589
GTA300000,re3-vita,1569,11/13/2020, 01:11:30,589
GTA300000,re3-vita,1570,11/13/2020, 02:08:52,589
GTA300000,re3-vita,1573,11/13/2020, 03:07:49,589
GTA300000,re3-vita,1574,11/13/2020, 04:09:39,589
GTA300000,re3-vita,1576,11/13/2020, 05:07:26,589
GTA300000,re3-vita,1581,11/13/2020, 06:08:54,589
GTA300000,re3-vita,1582,11/13/2020, 07:07:45,589
GTA300000,re3-vita,1585,11/13/2020, 08:08:44,589
GTA300000,re3-vita,1586,11/13/2020, 09:08:02,589
GTA300000,re3-vita,1588,11/13/2020, 10:08:19,589
GTA300000,re3-vita,1590,11/13/2020, 11:07:19,589
GTA300000,re3-vita,1591,11/13/2020, 12:09:59,589
GTA300000,re3-vita,1594,11/13/2020, 13:07:18,589
GTA300000,re3-vita,1597,11/13/2020, 14:08:21,589
GTA300000,re3-vita,1598,11/13/2020, 15:08:21,589
GTA300000,re3-vita,1598,11/13/2020, 16:11:36,589
GTA300000,re3-vita,1600,11/13/2020, 17:07:36,589
GTA300000,re3-vita,1604,11/13/2020, 18:07:56,589
GTA300000,re3-vita,1607,11/13/2020, 19:06:47,589
GTA300000,re3-vita,1609,11/13/2020, 20:07:34,589
GTA300000,re3-vita,1613,11/13/2020, 21:06:42,589
GTA300000,re3-vita,1617,11/13/2020, 22:08:55,589
GTA300000,re3-vita,1625,11/13/2020, 23:07:27,589
GTA300000,re3-vita,1627,11/14/2020, 00:20:07,589
GTA300000,re3-vita,1627,11/14/2020, 01:12:17,589
GTA300000,re3-vita,1629,11/14/2020, 02:11:50,589
GTA300000,re3-vita,1629,11/14/2020, 03:07:50,589
GTA300000,re3-vita,1631,11/14/2020, 04:08:43,589
GTA300000,re3-vita,1636,11/14/2020, 05:07:16,589
GTA300000,re3-vita,1636,11/14/2020, 06:08:33,589
GTA300000,re3-vita,1641,11/14/2020, 07:07:28,589
GTA300000,re3-vita,1643,11/14/2020, 08:08:46,589
GTA300000,re3-vita,1643,11/14/2020, 09:07:55,589
GTA300000,re3-vita,1644,11/14/2020, 10:08:16,589
GTA300000,re3-vita,1644,11/14/2020, 11:07:23,589
GTA300000,re3-vita,1646,11/14/2020, 12:09:10,589
GTA300000,re3-vita,1649,11/14/2020, 13:07:04,589
GTA300000,re3-vita,1649,11/14/2020, 14:07:54,589
GTA300000,re3-vita,1655,11/14/2020, 15:07:52,589
GTA300000,re3-vita,1660,11/14/2020, 16:10:59,589
GTA300000,re3-vita,1661,11/14/2020, 17:06:52,589
GTA300000,re3-vita,1664,11/14/2020, 18:07:34,589
GTA300000,re3-vita,1667,11/14/2020, 19:06:42,589
GTA300000,re3-vita,1674,11/14/2020, 20:07:15,589
GTA300000,re3-vita,1681,11/14/2020, 21:06:49,589
GTA300000,re3-vita,1684,11/14/2020, 22:08:19,589
GTA300000,re3-vita,1685,11/14/2020, 23:07:25,589
GTA300000,re3-vita,1690,11/15/2020, 00:21:21,589
GTA300000,re3-vita,1691,11/15/2020, 01:16:27,589
GTA300000,re3-vita,1694,11/15/2020, 02:09:01,589
GTA300000,re3-vita,1696,11/15/2020, 03:07:42,589
GTA300000,re3-vita,1699,11/15/2020, 04:08:56,589
GTA300000,re3-vita,1702,11/15/2020, 05:07:28,589
GTA300000,re3-vita,1704,11/15/2020, 06:08:55,589
GTA300000,re3-vita,1705,11/15/2020, 07:07:48,589
GTA300000,re3-vita,1707,11/15/2020, 08:08:41,589
GTA300000,re3-vita,1707,11/15/2020, 09:07:34,589
GTA300000,re3-vita,1709,11/15/2020, 10:08:02,589
GTA300000,re3-vita,1711,11/15/2020, 11:07:32,589
GTA300000,re3-vita,1712,11/15/2020, 12:09:51,589
GTA300000,re3-vita,1716,11/15/2020, 13:06:49,589
GTA300000,re3-vita,1717,11/15/2020, 14:08:01,589
GTA300000,re3-vita,1719,11/15/2020, 15:07:21,589
GTA300000,re3-vita,1727,11/15/2020, 16:11:08,589
GTA300000,re3-vita,1728,11/15/2020, 17:07:03,589
GTA300000,re3-vita,1731,11/15/2020, 18:07:37,589
GTA300000,re3-vita,1735,11/15/2020, 19:06:28,589
GTA300000,re3-vita,1738,11/15/2020, 20:07:30,589
GTA300000,re3-vita,1742,11/15/2020, 21:06:37,589
GTA300000,re3-vita,1745,11/15/2020, 22:08:34,589
GTA300000,re3-vita,1746,11/15/2020, 23:07:35,589
GTA300000,re3-vita,1746,11/16/2020, 00:20:59,589
GTA300000,re3-vita,1748,11/16/2020, 01:14:19,589
GTA300000,re3-vita,1752,11/16/2020, 02:10:40,589
GTA300000,re3-vita,1753,11/16/2020, 03:07:51,589
GTA300000,re3-vita,1757,11/16/2020, 04:09:17,589
GTA300000,re3-vita,1759,11/16/2020, 05:07:45,589
GTA300000,re3-vita,1763,11/16/2020, 06:08:51,589
GTA300000,re3-vita,1764,11/16/2020, 07:07:53,589
GTA300000,re3-vita,1765,11/16/2020, 08:09:10,589
GTA300000,re3-vita,1766,11/16/2020, 09:08:10,589
GTA300000,re3-vita,1768,11/16/2020, 10:09:03,589
GTA300000,re3-vita,1769,11/16/2020, 11:07:30,589
GTA300000,re3-vita,1770,11/16/2020, 12:10:18,589
GTA300000,re3-vita,1771,11/16/2020, 13:07:26,589
GTA300000,re3-vita,1773,11/16/2020, 14:09:24,589
GTA300000,re3-vita,1776,11/16/2020, 15:08:24,589
GTA300000,re3-vita,1778,11/16/2020, 16:13:18,589
GTA300000,re3-vita,1778,11/16/2020, 17:13:46,589
GTA300000,re3-vita,1778,11/16/2020, 18:08:12,589
GTA300000,re3-vita,1781,11/16/2020, 19:06:42,589
GTA300000,re3-vita,1782,11/16/2020, 20:07:35,589
GTA300000,re3-vita,1787,11/16/2020, 21:07:13,589
GTA300000,re3-vita,1790,11/16/2020, 22:08:58,589
GTA300000,re3-vita,1792,11/16/2020, 23:06:55,589
GTA300000,re3-vita,1799,11/17/2020, 00:20:41,589
GTA300000,re3-vita,1799,11/17/2020, 01:14:45,589
GTA300000,re3-vita,1799,11/17/2020, 02:09:10,589
GTA300000,re3-vita,1803,11/17/2020, 03:07:40,589
GTA300000,re3-vita,1804,11/17/2020, 04:09:13,589
GTA300000,re3-vita,1805,11/17/2020, 05:07:51,589
GTA300000,re3-vita,1809,11/17/2020, 06:09:01,589
GTA300000,re3-vita,1815,11/17/2020, 07:08:01,589
GTA300000,re3-vita,1816,11/17/2020, 08:09:26,589
GTA300000,re3-vita,1818,11/17/2020, 09:07:53,589
GTA300000,re3-vita,1818,11/17/2020, 10:09:55,589
GTA300000,re3-vita,1820,11/17/2020, 11:07:32,589
GTA300000,re3-vita,1821,11/17/2020, 12:10:08,589
GTA300000,re3-vita,1822,11/17/2020, 13:07:31,589
GTA300000,re3-vita,1824,11/17/2020, 14:10:16,589
GTA300000,re3-vita,1827,11/17/2020, 15:08:57,589
GTA300000,re3-vita,1830,11/17/2020, 16:13:37,589
GTA300000,re3-vita,1833,11/17/2020, 17:07:54,589
GTA300000,re3-vita,1835,11/17/2020, 18:08:06,589
GTA300000,re3-vita,1840,11/17/2020, 19:06:49,589
GTA300000,re3-vita,1840,11/17/2020, 20:10:04,589
GTA300000,re3-vita,1843,11/17/2020, 21:07:03,589
GTA300000,re3-vita,1844,11/17/2020, 22:09:15,589
GTA300000,re3-vita,1848,11/17/2020, 23:07:40,589
GTA300000,re3-vita,1850,11/18/2020, 00:21:03,589
GTA300000,re3-vita,1851,11/18/2020, 01:15:50,589
GTA300000,re3-vita,1853,11/18/2020, 02:09:19,589
GTA300000,re3-vita,1855,11/18/2020, 03:07:56,589
GTA300000,re3-vita,1858,11/18/2020, 04:09:35,589
GTA300000,re3-vita,1861,11/18/2020, 05:07:48,589
GTA300000,re3-vita,1861,11/18/2020, 06:09:15,589
GTA300000,re3-vita,1864,11/18/2020, 07:08:35,589
GTA300000,re3-vita,1865,11/18/2020, 08:09:35,589
GTA300000,re3-vita,1867,11/18/2020, 09:07:57,589
GTA300000,re3-vita,1870,11/18/2020, 10:09:10,589
GTA300000,re3-vita,1871,11/18/2020, 11:07:25,589
GTA300000,re3-vita,1872,11/18/2020, 12:10:16,589
GTA300000,re3-vita,1872,11/18/2020, 13:07:34,589
GTA300000,re3-vita,1873,11/18/2020, 14:09:42,589
GTA300000,re3-vita,1873,11/18/2020, 15:08:02,589
GTA300000,re3-vita,1877,11/18/2020, 16:12:33,589
GTA300000,re3-vita,1879,11/18/2020, 17:08:10,589
GTA300000,re3-vita,1880,11/18/2020, 18:08:15,589
GTA300000,re3-vita,1882,11/18/2020, 19:07:06,589
GTA300000,re3-vita,1884,11/18/2020, 20:07:45,589
GTA300000,re3-vita,1887,11/18/2020, 21:07:27,589
GTA300000,re3-vita,1888,11/18/2020, 22:09:24,589
GTA300000,re3-vita,1889,11/18/2020, 23:09:32,589
GTA300000,re3-vita,1890,11/19/2020, 00:21:04,589
GTA300000,re3-vita,1890,11/19/2020, 01:16:14,589
GTA300000,re3-vita,1891,11/19/2020, 02:09:22,589
GTA300000,re3-vita,1892,11/19/2020, 03:08:19,589
GTA300000,re3-vita,1895,11/19/2020, 04:09:40,589
GTA300000,re3-vita,1897,11/19/2020, 05:07:56,589
GTA300000,re3-vita,1898,11/19/2020, 06:09:26,589
GTA300000,re3-vita,1901,11/19/2020, 07:08:04,589
GTA300000,re3-vita,1902,11/19/2020, 08:09:19,589
GTA300000,re3-vita,1902,11/19/2020, 09:17:34,589
GTA300000,re3-vita,1905,11/19/2020, 10:09:33,589
GTA300000,re3-vita,1905,11/19/2020, 11:07:37,589
GTA300000,re3-vita,1908,11/19/2020, 12:10:37,589
GTA300000,re3-vita,1909,11/19/2020, 13:07:35,589
GTA300000,re3-vita,1912,11/19/2020, 14:10:12,589
GTA300000,re3-vita,1915,11/19/2020, 15:09:14,589
GTA300000,re3-vita,1916,11/19/2020, 16:15:00,589
GTA300000,re3-vita,1918,11/19/2020, 17:08:21,589
GTA300000,re3-vita,1919,11/19/2020, 18:09:03,589
GTA300000,re3-vita,1919,11/19/2020, 19:06:52,589
GTA300000,re3-vita,1920,11/19/2020, 20:08:10,589
GTA300000,re3-vita,1921,11/19/2020, 21:07:22,589
GTA300000,re3-vita,1922,11/19/2020, 22:09:31,589
GTA300000,re3-vita,1923,11/19/2020, 23:07:48,589
GTA300000,re3-vita,1926,11/20/2020, 00:21:24,589
GTA300000,re3-vita,1926,11/20/2020, 01:17:20,589
GTA300000,re3-vita,1928,11/20/2020, 02:09:47,589
GTA300000,re3-vita,1930,11/20/2020, 03:08:15,589
GTA300000,re3-vita,1930,11/20/2020, 04:09:40,589
GTA300000,re3-vita,1932,11/20/2020, 05:07:52,589
GTA300000,re3-vita,1934,11/20/2020, 06:09:18,589
GTA300000,re3-vita,1936,11/20/2020, 07:12:44,589
GTA300000,re3-vita,1939,11/20/2020, 08:09:39,589
GTA300000,re3-vita,1940,11/20/2020, 09:08:24,589
GTA300000,re3-vita,1940,11/20/2020, 10:09:21,589
GTA300000,re3-vita,1941,11/20/2020, 11:07:42,589
GTA300000,re3-vita,1941,11/20/2020, 12:10:34,589
GTA300000,re3-vita,1942,11/20/2020, 13:07:30,589
GTA300000,re3-vita,1942,11/20/2020, 14:09:18,589
GTA300000,re3-vita,1944,11/20/2020, 15:08:08,589
GTA300000,re3-vita,1947,11/20/2020, 16:12:42,589
GTA300000,re3-vita,1953,11/20/2020, 17:08:17,589
GTA300000,re3-vita,1960,11/20/2020, 18:08:11,589
GTA300000,re3-vita,1962,11/20/2020, 19:07:03,589
GTA300000,re3-vita,1963,11/20/2020, 20:07:52,589
GTA300000,re3-vita,1965,11/20/2020, 21:07:35,589
GTA300000,re3-vita,1969,11/20/2020, 22:09:38,589
GTA300000,re3-vita,1971,11/20/2020, 23:07:46,589
GTA300000,re3-vita,1973,11/21/2020, 00:21:31,589
GTA300000,re3-vita,1980,11/21/2020, 01:17:00,589
GTA300000,re3-vita,1981,11/21/2020, 02:09:46,589
GTA300000,re3-vita,1983,11/21/2020, 03:08:13,589
GTA300000,re3-vita,1984,11/21/2020, 04:10:15,589
GTA300000,re3-vita,1985,11/21/2020, 05:07:50,589
GTA300000,re3-vita,1986,11/21/2020, 06:09:46,589
GTA300000,re3-vita,1988,11/21/2020, 07:08:17,589
GTA300000,re3-vita,1990,11/21/2020, 08:09:12,589
GTA300000,re3-vita,1993,11/21/2020, 09:07:47,589
GTA300000,re3-vita,1993,11/21/2020, 10:08:58,589
GTA300000,re3-vita,1997,11/21/2020, 11:07:54,589
GTA300000,re3-vita,1998,11/21/2020, 12:09:55,589
GTA300000,re3-vita,2001,11/21/2020, 13:07:30,589
GTA300000,re3-vita,2002,11/21/2020, 14:08:51,589
GTA300000,re3-vita,2005,11/21/2020, 15:07:39,589
GTA300000,re3-vita,2007,11/21/2020, 16:12:04,589
GTA300000,re3-vita,2010,11/21/2020, 17:07:03,589
GTA300000,re3-vita,2011,11/21/2020, 18:07:59,589
GTA300000,re3-vita,2013,11/21/2020, 19:06:39,589
GTA300000,re3-vita,2018,11/21/2020, 20:07:41,589
GTA300000,re3-vita,2018,11/21/2020, 21:07:21,589
GTA300000,re3-vita,2022,11/21/2020, 22:11:11,589
GTA300000,re3-vita,2024,11/21/2020, 23:07:52,589
GTA300000,re3-vita,2028,11/22/2020, 00:22:56,589
GTA300000,re3-vita,2030,11/22/2020, 01:19:41,589
GTA300000,re3-vita,2033,11/22/2020, 02:09:56,589
GTA300000,re3-vita,2034,11/22/2020, 03:08:05,589
GTA300000,re3-vita,2035,11/22/2020, 04:09:38,589
GTA300000,re3-vita,2036,11/22/2020, 05:08:02,589
GTA300000,re3-vita,2039,11/22/2020, 06:09:44,589
GTA300000,re3-vita,2042,11/22/2020, 07:08:28,589
GTA300000,re3-vita,2042,11/22/2020, 08:09:14,589
GTA300000,re3-vita,2045,11/22/2020, 09:08:14,589
GTA300000,re3-vita,2047,11/22/2020, 10:08:54,589
GTA300000,re3-vita,2049,11/22/2020, 11:07:57,589
GTA300000,re3-vita,2050,11/22/2020, 12:10:17,589
GTA300000,re3-vita,2053,11/22/2020, 13:07:24,589
GTA300000,re3-vita,2056,11/22/2020, 14:08:48,589
GTA300000,re3-vita,2061,11/22/2020, 15:07:51,589
GTA300000,re3-vita,2063,11/22/2020, 16:12:13,589
GTA300000,re3-vita,2063,11/22/2020, 17:07:05,589
GTA300000,re3-vita,2064,11/22/2020, 18:07:59,589
GTA300000,re3-vita,2068,11/22/2020, 19:06:55,589
GTA300000,re3-vita,2075,11/22/2020, 20:07:46,589
GTA300000,re3-vita,2079,11/22/2020, 21:07:10,589
GTA300000,re3-vita,2080,11/22/2020, 22:09:35,589
GTA300000,re3-vita,2082,11/22/2020, 23:07:52,589
GTA300000,re3-vita,2084,11/23/2020, 00:22:34,589
GTA300000,re3-vita,2084,11/23/2020, 01:19:43,589
GTA300000,re3-vita,2086,11/23/2020, 02:10:11,589
GTA300000,re3-vita,2087,11/23/2020, 03:08:01,589
GTA300000,re3-vita,2088,11/23/2020, 04:10:18,589
GTA300000,re3-vita,2092,11/23/2020, 05:08:25,589
GTA300000,re3-vita,2097,11/23/2020, 06:10:03,589
GTA300000,re3-vita,2098,11/23/2020, 07:08:28,589
GTA300000,re3-vita,2098,11/23/2020, 08:11:47,589
GTA300000,re3-vita,2098,11/23/2020, 09:08:35,589
GTA300000,re3-vita,2100,11/23/2020, 10:09:29,589
GTA300000,re3-vita,2104,11/23/2020, 11:07:58,589
GTA300000,re3-vita,2106,11/23/2020, 12:11:11,589
GTA300000,re3-vita,2109,11/23/2020, 13:08:13,589
GTA300000,re3-vita,2109,11/23/2020, 14:10:05,589
GTA300000,re3-vita,2112,11/23/2020, 15:08:52,589
GTA300000,re3-vita,2115,11/23/2020, 16:13:37,589
GTA300000,re3-vita,2117,11/23/2020, 17:06:02,589
GTA300000,re3-vita,2123,11/23/2020, 18:09:09,589
GTA300000,re3-vita,2129,11/23/2020, 19:07:09,589
GTA300000,re3-vita,2129,11/23/2020, 20:08:22,589
GTA300000,re3-vita,2130,11/23/2020, 21:07:26,589
GTA300000,re3-vita,2132,11/23/2020, 22:09:47,589
GTA300000,re3-vita,2133,11/23/2020, 23:08:13,589
GTA300000,re3-vita,2134,11/24/2020, 00:22:13,589
GTA300000,re3-vita,2135,11/24/2020, 01:19:21,589
GTA300000,re3-vita,2136,11/24/2020, 02:10:00,589
GTA300000,re3-vita,2136,11/24/2020, 03:08:19,589
GTA300000,re3-vita,2139,11/24/2020, 04:10:08,589
GTA300000,re3-vita,2139,11/24/2020, 05:08:25,589
GTA300000,re3-vita,2140,11/24/2020, 06:09:57,589
GTA300000,re3-vita,2140,11/24/2020, 07:08:42,589
GTA300000,re3-vita,2147,11/24/2020, 08:10:01,589
GTA300000,re3-vita,2148,11/24/2020, 09:08:44,589
GTA300000,re3-vita,2152,11/24/2020, 10:09:42,589
GTA300000,re3-vita,2153,11/24/2020, 11:08:13,589
GTA300000,re3-vita,2154,11/24/2020, 12:11:03,589
GTA300000,re3-vita,2156,11/24/2020, 13:07:56,589
GTA300000,re3-vita,2161,11/24/2020, 14:09:17,589
GTA300000,re3-vita,2161,11/24/2020, 15:08:40,589
GTA300000,re3-vita,2166,11/24/2020, 16:14:23,589
GTA300000,re3-vita,2168,11/24/2020, 17:08:04,589
GTA300000,re3-vita,2168,11/24/2020, 18:08:46,589
GTA300000,re3-vita,2169,11/24/2020, 19:07:27,589
GTA300000,re3-vita,2183,11/24/2020, 20:08:21,589
GTA300000,re3-vita,2200,11/24/2020, 21:07:22,589
GTA300000,re3-vita,2220,11/24/2020, 22:09:54,589
GTA300000,re3-vita,2237,11/24/2020, 23:08:11,589
GTA300000,re3-vita,2254,11/25/2020, 00:22:29,589
GTA300000,re3-vita,2267,11/25/2020, 01:20:25,589
GTA300000,re3-vita,2281,11/25/2020, 02:10:07,589
GTA300000,re3-vita,2299,11/25/2020, 03:08:32,589
GTA300000,re3-vita,2309,11/25/2020, 04:10:17,589
GTA300000,re3-vita,2313,11/25/2020, 05:08:31,589
GTA300000,re3-vita,2321,11/25/2020, 06:10:14,589
GTA300000,re3-vita,2327,11/25/2020, 07:08:53,589
GTA300000,re3-vita,2336,11/25/2020, 08:09:49,589
GTA300000,re3-vita,2342,11/25/2020, 09:08:54,589
GTA300000,re3-vita,2349,11/25/2020, 10:09:41,589
GTA300000,re3-vita,2353,11/25/2020, 11:07:46,589
GTA300000,re3-vita,2360,11/25/2020, 12:11:11,589
GTA300000,re3-vita,2368,11/25/2020, 13:08:04,589
GTA300000,re3-vita,2376,11/25/2020, 14:09:52,589
GTA300000,re3-vita,2384,11/25/2020, 15:08:37,589
GTA300000,re3-vita,2391,11/25/2020, 16:13:37,589
GTA300000,re3-vita,2400,11/25/2020, 17:07:01,589
GTA300000,re3-vita,2403,11/25/2020, 18:08:49,589
GTA300000,re3-vita,2406,11/25/2020, 19:07:03,589
GTA300000,re3-vita,2410,11/25/2020, 20:08:31,589
GTA300000,re3-vita,2419,11/25/2020, 21:07:33,589
GTA300000,re3-vita,2425,11/25/2020, 22:09:52,589
GTA300000,re3-vita,2431,11/25/2020, 23:08:21,589
GTA300000,re3-vita,2438,11/26/2020, 00:22:16,589
GTA300000,re3-vita,2440,11/26/2020, 01:20:41,589
GTA300000,re3-vita,2442,11/26/2020, 02:10:14,589
GTA300000,re3-vita,2446,11/26/2020, 03:08:44,589
GTA300000,re3-vita,2450,11/26/2020, 04:10:06,589
GTA300000,re3-vita,2455,11/26/2020, 05:08:13,589
GTA300000,re3-vita,2459,11/26/2020, 06:10:15,589
GTA300000,re3-vita,2464,11/26/2020, 07:08:43,589
GTA300000,re3-vita,2468,11/26/2020, 08:10:07,589
GTA300000,re3-vita,2470,11/26/2020, 09:08:48,589
GTA300000,re3-vita,2475,11/26/2020, 10:09:32,589
GTA300000,re3-vita,2481,11/26/2020, 11:08:18,589
GTA300000,re3-vita,2484,11/26/2020, 12:11:11,589
GTA300000,re3-vita,2492,11/26/2020, 13:07:57,589
GTA300000,re3-vita,2493,11/26/2020, 14:09:50,589
GTA300000,re3-vita,2498,11/26/2020, 15:08:44,589
GTA300000,re3-vita,2505,11/26/2020, 16:13:32,589
GTA300000,re3-vita,2509,11/26/2020, 17:07:32,589
GTA300000,re3-vita,2514,11/26/2020, 18:08:48,589
GTA300000,re3-vita,2520,11/26/2020, 19:07:09,589
GTA300000,re3-vita,2527,11/26/2020, 20:08:46,589
GTA300000,re3-vita,2531,11/26/2020, 21:07:22,589
GTA300000,re3-vita,2535,11/26/2020, 22:09:44,589
GTA300000,re3-vita,2539,11/26/2020, 23:08:31,589
GTA300000,re3-vita,2544,11/27/2020, 00:23:41,589
GTA300000,re3-vita,2545,11/27/2020, 01:23:06,589
GTA300000,re3-vita,2547,11/27/2020, 02:10:13,589
GTA300000,re3-vita,2550,11/27/2020, 03:09:02,589
GTA300000,re3-vita,2552,11/27/2020, 04:11:04,589
GTA300000,re3-vita,2553,11/27/2020, 05:08:42,589
GTA300000,re3-vita,2558,11/27/2020, 06:10:22,589
GTA300000,re3-vita,2558,11/27/2020, 07:08:47,589
GTA300000,re3-vita,2559,11/27/2020, 08:11:07,589
GTA300000,re3-vita,2561,11/27/2020, 09:09:18,589
GTA300000,re3-vita,2562,11/27/2020, 10:09:54,589
GTA300000,re3-vita,2564,11/27/2020, 11:08:29,589
GTA300000,re3-vita,2568,11/27/2020, 12:11:49,589
GTA300000,re3-vita,2570,11/27/2020, 13:08:28,589
GTA300000,re3-vita,2571,11/27/2020, 14:09:30,589
GTA300000,re3-vita,2573,11/27/2020, 15:08:30,589
GTA300000,re3-vita,2576,11/27/2020, 17:07:50,589
GTA300000,re3-vita,2576,11/27/2020, 18:08:39,589
GTA300000,re3-vita,2576,11/27/2020, 19:07:15,589
GTA300000,re3-vita,2580,11/27/2020, 20:09:01,589
GTA300000,re3-vita,2581,11/27/2020, 21:07:29,589
GTA300000,re3-vita,2584,11/27/2020, 22:09:36,589
GTA300000,re3-vita,2588,11/27/2020, 23:08:44,589
GTA300000,re3-vita,2589,11/28/2020, 00:23:25,589
GTA300000,re3-vita,2591,11/28/2020, 01:22:59,589
GTA300000,re3-vita,2592,11/28/2020, 02:10:13,589
GTA300000,re3-vita,2595,11/28/2020, 03:09:06,589
GTA300000,re3-vita,2595,11/28/2020, 04:11:19,589
GTA300000,re3-vita,2597,11/28/2020, 05:08:30,589
GTA300000,re3-vita,2601,11/28/2020, 06:10:05,589
GTA300000,re3-vita,2601,11/28/2020, 07:09:38,589
GTA300000,re3-vita,2602,11/28/2020, 08:10:31,589
GTA300000,re3-vita,2604,11/28/2020, 09:08:54,589
GTA300000,re3-vita,2605,11/28/2020, 10:09:17,589
GTA300000,re3-vita,2608,11/28/2020, 11:08:13,589
GTA300000,re3-vita,2608,11/28/2020, 12:11:21,589
GTA300000,re3-vita,2611,11/28/2020, 13:07:55,589
GTA300000,re3-vita,2614,11/28/2020, 14:09:23,589
GTA300000,re3-vita,2617,11/28/2020, 15:08:22,589
GTA300000,re3-vita,2619,11/28/2020, 16:12:52,589
GTA300000,re3-vita,2621,11/28/2020, 17:07:50,589
GTA300000,re3-vita,2623,11/28/2020, 18:08:56,589
GTA300000,re3-vita,2625,11/28/2020, 19:07:03,589
GTA300000,re3-vita,2629,11/28/2020, 20:08:52,589
GTA300000,re3-vita,2630,11/28/2020, 21:07:20,589
GTA300000,re3-vita,2631,11/28/2020, 22:09:52,589
GTA300000,re3-vita,2635,11/28/2020, 23:08:29,589
GTA300000,re3-vita,2636,11/29/2020, 00:24:44,589
GTA300000,re3-vita,2639,11/29/2020, 01:26:29,589
GTA300000,re3-vita,2640,11/29/2020, 02:10:28,589
GTA300000,re3-vita,2644,11/29/2020, 03:09:04,589
GTA300000,re3-vita,2646,11/29/2020, 04:11:31,589
GTA300000,re3-vita,2648,11/29/2020, 05:08:28,589
GTA300000,re3-vita,2648,11/29/2020, 06:10:11,589
GTA300000,re3-vita,2648,11/29/2020, 07:08:47,589
GTA300000,re3-vita,2648,11/29/2020, 08:10:37,589
GTA300000,re3-vita,2651,11/29/2020, 09:08:35,589
GTA300000,re3-vita,2653,11/29/2020, 10:09:19,589
GTA300000,re3-vita,2655,11/29/2020, 11:08:10,589
GTA300000,re3-vita,2657,11/29/2020, 12:11:27,589
GTA300000,re3-vita,2659,11/29/2020, 13:08:10,589
GTA300000,re3-vita,2663,11/29/2020, 14:09:29,589
GTA300000,re3-vita,2665,11/29/2020, 15:08:01,589
GTA300000,re3-vita,2668,11/29/2020, 16:13:16,589
GTA300000,re3-vita,2669,11/29/2020, 17:07:47,589
GTA300000,re3-vita,2671,11/29/2020, 18:08:35,589
GTA300000,re3-vita,2672,11/29/2020, 19:07:24,589
GTA300000,re3-vita,2676,11/29/2020, 20:08:45,589
GTA300000,re3-vita,2678,11/29/2020, 21:07:36,589
GTA300000,re3-vita,2682,11/29/2020, 22:10:03,589
GTA300000,re3-vita,2683,11/29/2020, 23:08:41,589
GTA300000,re3-vita,2684,11/30/2020, 00:24:37,589
GTA300000,re3-vita,2685,11/30/2020, 01:26:33,589
GTA300000,re3-vita,2687,11/30/2020, 02:10:46,589
GTA300000,re3-vita,2687,11/30/2020, 03:08:58,589
GTA300000,re3-vita,2689,11/30/2020, 04:11:32,589
GTA300000,re3-vita,2691,11/30/2020, 05:08:52,589
GTA300000,re3-vita,2692,11/30/2020, 06:10:24,589
GTA300000,re3-vita,2692,11/30/2020, 07:09:10,589
GTA300000,re3-vita,2693,11/30/2020, 08:11:31,589
GTA300000,re3-vita,2693,11/30/2020, 09:09:18,589
GTA300000,re3-vita,2697,11/30/2020, 10:10:04,589
GTA300000,re3-vita,2699,11/30/2020, 11:08:34,589
GTA300000,re3-vita,2701,11/30/2020, 12:12:19,589
GTA300000,re3-vita,2703,11/30/2020, 13:08:38,589
GTA300000,re3-vita,2705,11/30/2020, 14:10:40,589
GTA300000,re3-vita,2708,11/30/2020, 15:11:08,589
GTA300000,re3-vita,2711,11/30/2020, 16:14:42,589
GTA300000,re3-vita,2713,11/30/2020, 17:15:28,589
GTA300000,re3-vita,2715,11/30/2020, 18:09:30,589
GTA300000,re3-vita,2717,11/30/2020, 19:07:32,589
GTA300000,re3-vita,2720,11/30/2020, 20:09:35,589
GTA300000,re3-vita,2727,11/30/2020, 21:07:47,589
GTA300000,re3-vita,2727,11/30/2020, 22:10:37,589
GTA300000,re3-vita,2728,11/30/2020, 23:08:44,589
GTA300000,re3-vita,2728,12/01/2020, 00:25:09,589
GTA300000,re3-vita,2733,12/01/2020, 01:27:32,589
GTA300000,re3-vita,2733,12/01/2020, 02:10:24,589
GTA300000,re3-vita,2735,12/01/2020, 03:09:23,589
GTA300000,re3-vita,2736,12/01/2020, 04:11:34,589
GTA300000,re3-vita,2737,12/01/2020, 05:08:54,589
GTA300000,re3-vita,2741,12/01/2020, 06:10:43,589
GTA300000,re3-vita,2742,12/01/2020, 07:09:16,589
GTA300000,re3-vita,2744,12/01/2020, 08:11:34,589
GTA300000,re3-vita,2747,12/01/2020, 09:09:44,589
GTA300000,re3-vita,2748,12/01/2020, 10:10:06,589
GTA300000,re3-vita,2750,12/01/2020, 11:08:40,589
GTA300000,re3-vita,2752,12/01/2020, 12:12:31,589
GTA300000,re3-vita,2752,12/01/2020, 13:09:01,589
GTA300000,re3-vita,2754,12/01/2020, 14:11:24,589
GTA300000,re3-vita,2757,12/01/2020, 15:11:30,589
GTA300000,re3-vita,2760,12/01/2020, 16:16:04,589
GTA300000,re3-vita,2764,12/01/2020, 17:23:22,589
GTA300000,re3-vita,2772,12/01/2020, 20:32:39,589
GTA300000,re3-vita,2774,12/01/2020, 21:20:56,589
GTA300000,re3-vita,2775,12/01/2020, 22:10:54,589
GTA300000,re3-vita,2776,12/01/2020, 23:09:07,589
GTA300000,re3-vita,2777,12/02/2020, 00:24:45,589
GTA300000,re3-vita,2781,12/02/2020, 01:27:08,589
GTA300000,re3-vita,2781,12/02/2020, 02:09:50,589
GTA300000,re3-vita,2786,12/02/2020, 03:09:32,589
GTA300000,re3-vita,2790,12/02/2020, 04:11:53,589
GTA300000,re3-vita,2792,12/02/2020, 05:08:50,589
GTA300000,re3-vita,2793,12/02/2020, 06:10:33,589
GTA300000,re3-vita,2794,12/02/2020, 07:09:19,589
GTA300000,re3-vita,2796,12/02/2020, 08:11:31,589
GTA300000,re3-vita,2798,12/02/2020, 09:09:53,589
GTA300000,re3-vita,2799,12/02/2020, 10:10:28,589
GTA300000,re3-vita,2799,12/02/2020, 11:08:49,589
GTA300000,re3-vita,2801,12/02/2020, 12:12:35,589
GTA300000,re3-vita,2801,12/02/2020, 13:09:25,589
GTA300000,re3-vita,2803,12/02/2020, 14:10:32,589
GTA300000,re3-vita,2809,12/02/2020, 15:11:56,589
GTA300000,re3-vita,2813,12/02/2020, 16:19:50,589
GTA300000,re3-vita,2816,12/02/2020, 17:13:13,589
GTA300000,re3-vita,2820,12/02/2020, 18:09:18,589
GTA300000,re3-vita,2823,12/02/2020, 19:07:38,589
GTA300000,re3-vita,2827,12/02/2020, 20:09:29,589
GTA300000,re3-vita,2830,12/02/2020, 21:06:34,589
GTA300000,re3-vita,2837,12/02/2020, 22:10:38,589
GTA300000,re3-vita,2838,12/02/2020, 23:09:00,589
GTA300000,re3-vita,2842,12/03/2020, 00:24:30,589
GTA300000,re3-vita,2844,12/03/2020, 01:27:05,589
GTA300000,re3-vita,2848,12/03/2020, 02:10:37,589
GTA300000,re3-vita,2851,12/03/2020, 03:09:19,589
GTA300000,re3-vita,2855,12/03/2020, 04:11:43,589
GTA300000,re3-vita,2857,12/03/2020, 05:09:21,589
GTA300000,re3-vita,2858,12/03/2020, 06:10:14,589
GTA300000,re3-vita,2861,12/03/2020, 07:09:31,589
GTA300000,re3-vita,2861,12/03/2020, 08:11:29,589
GTA300000,re3-vita,2862,12/03/2020, 09:09:20,589
GTA300000,re3-vita,2863,12/03/2020, 10:09:53,589
GTA300000,re3-vita,2865,12/03/2020, 11:08:47,589
GTA300000,re3-vita,2868,12/03/2020, 12:12:33,589
GTA300000,re3-vita,2870,12/03/2020, 13:08:59,589
GTA300000,re3-vita,2871,12/03/2020, 14:09:58,589
GTA300000,re3-vita,2874,12/03/2020, 15:09:05,589
GTA300000,re3-vita,2874,12/03/2020, 16:14:18,589
GTA300000,re3-vita,2878,12/03/2020, 17:10:38,589
GTA300000,re3-vita,2882,12/03/2020, 18:09:59,589
GTA300000,re3-vita,2884,12/03/2020, 19:08:05,589
GTA300000,re3-vita,2888,12/03/2020, 20:09:14,589
GTA300000,re3-vita,2892,12/03/2020, 21:08:24,589
GTA300000,re3-vita,2894,12/03/2020, 22:11:07,589
GTA300000,re3-vita,2901,12/03/2020, 23:09:44,589
GTA300000,re3-vita,2901,12/04/2020, 00:24:44,589
GTA300000,re3-vita,2907,12/04/2020, 01:28:40,589
GTA300000,re3-vita,2908,12/04/2020, 02:10:27,589
GTA300000,re3-vita,2910,12/04/2020, 03:09:41,589
GTA300000,re3-vita,2915,12/04/2020, 04:12:00,589
GTA300000,re3-vita,2918,12/04/2020, 05:09:54,589
GTA300000,re3-vita,2921,12/04/2020, 06:11:10,589
GTA300000,re3-vita,2922,12/04/2020, 07:12:48,589
GTA300000,re3-vita,2924,12/04/2020, 08:13:26,589
GTA300000,re3-vita,2924,12/04/2020, 09:12:10,589
GTA300000,re3-vita,2927,12/04/2020, 10:11:02,589
GTA300000,re3-vita,2931,12/04/2020, 11:09:12,589
GTA300000,re3-vita,2933,12/04/2020, 12:13:32,589
GTA300000,re3-vita,2934,12/04/2020, 13:09:30,589
GTA300000,re3-vita,2936,12/04/2020, 14:10:40,589
GTA300000,re3-vita,2938,12/04/2020, 15:09:29,589
GTA300000,re3-vita,2938,12/04/2020, 16:14:12,589
GTA300000,re3-vita,2940,12/04/2020, 17:25:55,589
GTA300000,re3-vita,2943,12/04/2020, 18:09:48,589
GTA300000,re3-vita,2945,12/04/2020, 19:08:02,589
GTA300000,re3-vita,2950,12/04/2020, 20:09:34,589
GTA300000,re3-vita,2954,12/04/2020, 21:08:58,589
GTA300000,re3-vita,2957,12/04/2020, 22:11:21,589
GTA300000,re3-vita,2960,12/04/2020, 23:09:41,589
GTA300000,re3-vita,2964,12/05/2020, 00:25:05,589
GTA300000,re3-vita,2971,12/05/2020, 01:29:46,589
GTA300000,re3-vita,2972,12/05/2020, 02:11:03,589
GTA300000,re3-vita,2977,12/05/2020, 03:09:54,589
GTA300000,re3-vita,2978,12/05/2020, 04:11:53,589
GTA300000,re3-vita,2978,12/05/2020, 05:09:53,589
GTA300000,re3-vita,2979,12/05/2020, 06:11:13,589
GTA300000,re3-vita,2981,12/05/2020, 07:10:06,589
GTA300000,re3-vita,2983,12/05/2020, 08:11:04,589
GTA300000,re3-vita,2988,12/05/2020, 09:10:20,589
GTA300000,re3-vita,2994,12/05/2020, 10:10:40,589
GTA300000,re3-vita,2997,12/05/2020, 11:09:22,589
GTA300000,re3-vita,2999,12/05/2020, 12:12:22,589
GTA300000,re3-vita,3001,12/05/2020, 13:09:20,589
GTA300000,re3-vita,3004,12/05/2020, 14:10:47,589
GTA300000,re3-vita,3006,12/05/2020, 15:09:09,589
GTA300000,re3-vita,3007,12/05/2020, 16:13:42,589
GTA300000,re3-vita,3011,12/05/2020, 17:10:05,589
GTA300000,re3-vita,3015,12/05/2020, 18:09:40,589
GTA300000,re3-vita,3019,12/05/2020, 19:07:55,589
GTA300000,re3-vita,3024,12/05/2020, 20:09:03,589
GTA300000,re3-vita,3028,12/05/2020, 21:08:18,589
GTA300000,re3-vita,3033,12/05/2020, 22:11:31,589
GTA300000,re3-vita,3036,12/05/2020, 23:09:45,589
GTA300000,re3-vita,3039,12/06/2020, 00:26:43,589
GTA300000,re3-vita,3043,12/06/2020, 01:32:59,589
GTA300000,re3-vita,3045,12/06/2020, 02:13:36,589
GTA300000,re3-vita,3049,12/06/2020, 03:12:00,589
GTA300000,re3-vita,3050,12/06/2020, 04:12:03,589
GTA300000,re3-vita,3052,12/06/2020, 05:09:44,589
GTA300000,re3-vita,3052,12/06/2020, 06:11:39,589
GTA300000,re3-vita,3055,12/06/2020, 07:09:53,589
GTA300000,re3-vita,3055,12/06/2020, 08:11:27,589
GTA300000,re3-vita,3055,12/06/2020, 09:10:08,589
GTA300000,re3-vita,3057,12/06/2020, 10:10:59,589
GTA300000,re3-vita,3057,12/06/2020, 11:09:16,589
GTA300000,re3-vita,3060,12/06/2020, 12:12:32,589
GTA300000,re3-vita,3065,12/06/2020, 13:09:14,589
GTA300000,re3-vita,3067,12/06/2020, 14:10:36,589
GTA300000,re3-vita,3067,12/06/2020, 15:09:18,589
GTA300000,re3-vita,3070,12/06/2020, 16:14:11,589
GTA300000,re3-vita,3071,12/06/2020, 17:11:27,589
GTA300000,re3-vita,3076,12/06/2020, 18:10:11,589
GTA300000,re3-vita,3078,12/06/2020, 19:08:14,589
GTA300000,re3-vita,3085,12/06/2020, 20:09:30,589
GTA300000,re3-vita,3086,12/06/2020, 21:08:41,589
GTA300000,re3-vita,3089,12/06/2020, 22:11:31,589
GTA300000,re3-vita,3090,12/06/2020, 23:10:16,589
GTA300000,re3-vita,3091,12/07/2020, 00:26:14,589
GTA300000,re3-vita,3091,12/07/2020, 01:32:51,589
GTA300000,re3-vita,3091,12/07/2020, 02:14:18,589
GTA300000,re3-vita,3095,12/07/2020, 03:10:27,589
GTA300000,re3-vita,3098,12/07/2020, 04:12:39,589
GTA300000,re3-vita,3101,12/07/2020, 05:10:08,589
GTA300000,re3-vita,3104,12/07/2020, 06:11:57,589
GTA300000,re3-vita,3107,12/07/2020, 07:10:20,589
GTA300000,re3-vita,3107,12/07/2020, 08:11:52,589
GTA300000,re3-vita,3108,12/07/2020, 09:10:17,589
GTA300000,re3-vita,3108,12/07/2020, 10:10:57,589
GTA300000,re3-vita,3110,12/07/2020, 11:09:45,589
GTA300000,re3-vita,3110,12/07/2020, 12:13:16,589
GTA300000,re3-vita,3112,12/07/2020, 13:09:37,589
GTA300000,re3-vita,3113,12/07/2020, 14:11:05,589
GTA300000,re3-vita,3115,12/07/2020, 15:10:28,589
GTA300000,re3-vita,3115,12/07/2020, 16:14:54,589
GTA300000,re3-vita,3116,12/07/2020, 17:13:17,589
GTA300000,re3-vita,3117,12/07/2020, 18:10:24,589
GTA300000,re3-vita,3118,12/07/2020, 19:09:17,589
GTA300000,re3-vita,3119,12/07/2020, 20:09:40,589
GTA300000,re3-vita,3120,12/07/2020, 21:09:04,589
GTA300000,re3-vita,3120,12/07/2020, 22:11:41,589
GTA300000,re3-vita,3120,12/07/2020, 23:10:23,589
GTA300000,re3-vita,3123,12/08/2020, 00:25:54,589
GTA300000,re3-vita,3129,12/08/2020, 01:32:49,589
GTA300000,re3-vita,3131,12/08/2020, 02:14:53,589
GTA300000,re3-vita,3134,12/08/2020, 03:10:55,589
GTA300000,re3-vita,3135,12/08/2020, 04:12:20,589
GTA300000,re3-vita,3138,12/08/2020, 05:10:15,589
GTA300000,re3-vita,3138,12/08/2020, 06:11:56,589
GTA300000,re3-vita,3139,12/08/2020, 07:10:29,589
GTA300000,re3-vita,3140,12/08/2020, 08:12:10,589
GTA300000,re3-vita,3140,12/08/2020, 09:10:35,589
GTA300000,re3-vita,3140,12/08/2020, 10:11:07,589
GTA300000,re3-vita,3140,12/08/2020, 11:10:04,589
GTA300000,re3-vita,3141,12/08/2020, 12:13:30,589
GTA300000,re3-vita,3142,12/08/2020, 13:09:54,589
GTA300000,re3-vita,3145,12/08/2020, 14:11:21,589
GTA300000,re3-vita,3145,12/08/2020, 15:09:49,589
GTA300000,re3-vita,3146,12/08/2020, 16:15:01,589
GTA300000,re3-vita,3148,12/08/2020, 17:13:46,589
GTA300000,re3-vita,3149,12/08/2020, 18:10:25,589
GTA300000,re3-vita,3152,12/08/2020, 19:08:53,589
GTA300000,re3-vita,3156,12/08/2020, 20:09:41,589
GTA300000,re3-vita,3157,12/08/2020, 21:09:08,589
GTA300000,re3-vita,3158,12/08/2020, 22:11:57,589
GTA300000,re3-vita,3163,12/08/2020, 23:10:26,589
GTA300000,re3-vita,3165,12/09/2020, 00:26:22,589
GTA300000,re3-vita,3166,12/09/2020, 01:33:54,589
GTA300000,re3-vita,3168,12/09/2020, 02:15:43,589
GTA300000,re3-vita,3168,12/09/2020, 03:10:39,589
GTA300000,re3-vita,3169,12/09/2020, 04:12:34,589
GTA300000,re3-vita,3170,12/09/2020, 05:10:06,589
GTA300000,re3-vita,3170,12/09/2020, 06:11:55,589
GTA300000,re3-vita,3172,12/09/2020, 07:10:27,589
GTA300000,re3-vita,3172,12/09/2020, 08:11:59,589
GTA300000,re3-vita,3172,12/09/2020, 09:11:20,589
GTA300000,re3-vita,3173,12/09/2020, 10:11:16,589
GTA300000,re3-vita,3178,12/09/2020, 11:10:19,589
GTA300000,re3-vita,3180,12/09/2020, 12:13:28,589
GTA300000,re3-vita,3182,12/09/2020, 13:10:28,589
GTA300000,re3-vita,3182,12/09/2020, 14:11:22,589
GTA300000,re3-vita,3183,12/09/2020, 15:10:20,589
GTA300000,re3-vita,3186,12/09/2020, 16:14:44,589
GTA300000,re3-vita,3188,12/09/2020, 17:10:39,589
GTA300000,re3-vita,3190,12/09/2020, 18:10:28,589
GTA300000,re3-vita,3193,12/09/2020, 19:08:58,589
GTA300000,re3-vita,3194,12/09/2020, 20:09:58,589
GTA300000,re3-vita,3194,12/09/2020, 21:09:08,589
GTA300000,re3-vita,3200,12/09/2020, 22:11:49,589
GTA300000,re3-vita,3202,12/09/2020, 23:10:06,589
GTA300000,re3-vita,3205,12/10/2020, 00:26:33,589
GTA300000,re3-vita,3209,12/10/2020, 01:36:36,589
GTA300000,re3-vita,3210,12/10/2020, 02:18:31,589
GTA300000,re3-vita,3211,12/10/2020, 03:10:35,589
GTA300000,re3-vita,3216,12/10/2020, 04:12:32,589
GTA300000,re3-vita,3216,12/10/2020, 05:09:58,589
GTA300000,re3-vita,3216,12/10/2020, 06:11:58,589
GTA300000,re3-vita,3217,12/10/2020, 07:10:30,589
GTA300000,re3-vita,3218,12/10/2020, 08:11:45,589
GTA300000,re3-vita,3220,12/10/2020, 09:10:43,589
GTA300000,re3-vita,3220,12/10/2020, 10:11:36,589
GTA300000,re3-vita,3221,12/10/2020, 11:10:11,589
GTA300000,re3-vita,3223,12/10/2020, 12:13:39,589
GTA300000,re3-vita,3224,12/10/2020, 13:09:32,589
GTA300000,re3-vita,3228,12/10/2020, 14:11:25,589
GTA300000,re3-vita,3230,12/10/2020, 15:10:24,589
GTA300000,re3-vita,3231,12/10/2020, 16:14:40,589
GTA300000,re3-vita,3233,12/10/2020, 17:16:37,589
GTA300000,re3-vita,3233,12/10/2020, 18:10:23,589
GTA300000,re3-vita,3233,12/10/2020, 19:08:57,589
GTA300000,re3-vita,3234,12/10/2020, 20:10:08,589
GTA300000,re3-vita,3236,12/10/2020, 21:08:59,589
GTA300000,re3-vita,3243,12/10/2020, 22:12:31,589
GTA300000,re3-vita,3246,12/10/2020, 23:10:25,589
GTA300000,re3-vita,3252,12/11/2020, 00:26:50,589
GTA300000,re3-vita,3254,12/11/2020, 01:37:18,589
GTA300000,re3-vita,3255,12/11/2020, 02:18:36,589
GTA300000,re3-vita,3256,12/11/2020, 03:10:45,589
GTA300000,re3-vita,3258,12/11/2020, 04:12:37,589
GTA300000,re3-vita,3260,12/11/2020, 05:10:14,589
GTA300000,re3-vita,3266,12/11/2020, 06:11:41,589
GTA300000,re3-vita,3268,12/11/2020, 07:10:06,589
GTA300000,re3-vita,3268,12/11/2020, 08:12:47,589
GTA300000,re3-vita,3270,12/11/2020, 09:10:29,589
GTA300000,re3-vita,3271,12/11/2020, 10:11:55,589
GTA300000,re3-vita,3273,12/11/2020, 11:10:19,589
GTA300000,re3-vita,3275,12/11/2020, 12:13:40,589
GTA300000,re3-vita,3278,12/11/2020, 13:09:51,589
GTA300000,re3-vita,3279,12/11/2020, 14:11:36,589
GTA300000,re3-vita,3279,12/11/2020, 15:10:22,589
GTA300000,re3-vita,3279,12/11/2020, 16:14:48,589
GTA300000,re3-vita,3283,12/11/2020, 17:17:03,589
GTA300000,re3-vita,3289,12/11/2020, 18:10:23,589
GTA300000,re3-vita,3292,12/11/2020, 19:08:35,589
GTA300000,re3-vita,3296,12/11/2020, 20:10:23,589
GTA300000,re3-vita,3298,12/11/2020, 21:09:12,589
GTA300000,re3-vita,3303,12/11/2020, 22:11:44,589
GTA300000,re3-vita,3306,12/11/2020, 23:10:34,589
GTA300000,re3-vita,3311,12/12/2020, 00:26:46,589
GTA300000,re3-vita,3313,12/12/2020, 01:37:33,589
GTA300000,re3-vita,3314,12/12/2020, 02:18:23,589
GTA300000,re3-vita,3315,12/12/2020, 03:11:04,589
GTA300000,re3-vita,3317,12/12/2020, 04:12:53,589
GTA300000,re3-vita,3319,12/12/2020, 05:09:51,589
GTA300000,re3-vita,3320,12/12/2020, 06:11:54,589
GTA300000,re3-vita,3320,12/12/2020, 07:10:22,589
GTA300000,re3-vita,3321,12/12/2020, 08:12:11,589
GTA300000,re3-vita,3323,12/12/2020, 09:11:22,589
GTA300000,re3-vita,3326,12/12/2020, 10:11:42,589
GTA300000,re3-vita,3328,12/12/2020, 11:10:27,589
GTA300000,re3-vita,3334,12/12/2020, 12:13:19,589
GTA300000,re3-vita,3335,12/12/2020, 13:09:29,589
GTA300000,re3-vita,3336,12/12/2020, 14:11:09,589
GTA300000,re3-vita,3336,12/12/2020, 15:10:01,589
GTA300000,re3-vita,3339,12/12/2020, 16:15:01,589
GTA300000,re3-vita,3343,12/12/2020, 17:16:55,589
GTA300000,re3-vita,3346,12/12/2020, 18:10:34,589
GTA300000,re3-vita,3350,12/12/2020, 19:08:43,589
GTA300000,re3-vita,3350,12/12/2020, 20:10:09,589
GTA300000,re3-vita,3355,12/12/2020, 21:08:40,589
GTA300000,re3-vita,3358,12/12/2020, 22:11:55,589
GTA300000,re3-vita,3361,12/12/2020, 23:10:15,589
GTA300000,re3-vita,3366,12/13/2020, 00:28:14,589
GTA300000,re3-vita,3369,12/13/2020, 01:41:34,589
GTA300000,re3-vita,3370,12/13/2020, 02:18:53,589
GTA300000,re3-vita,3371,12/13/2020, 03:11:24,589
GTA300000,re3-vita,3372,12/13/2020, 04:12:35,589
GTA300000,re3-vita,3375,12/13/2020, 05:10:52,589
GTA300000,re3-vita,3379,12/13/2020, 06:11:54,589
GTA300000,re3-vita,3382,12/13/2020, 07:10:03,589
GTA300000,re3-vita,3382,12/13/2020, 08:12:04,589
GTA300000,re3-vita,3382,12/13/2020, 09:10:35,589
GTA300000,re3-vita,3382,12/13/2020, 10:11:45,589
GTA300000,re3-vita,3383,12/13/2020, 11:10:37,589
GTA300000,re3-vita,3387,12/13/2020, 12:13:22,589
GTA300000,re3-vita,3388,12/13/2020, 13:09:50,589
GTA300000,re3-vita,3388,12/13/2020, 14:11:26,589
GTA300000,re3-vita,3390,12/13/2020, 15:10:05,589
GTA300000,re3-vita,3395,12/13/2020, 16:15:02,589
GTA300000,re3-vita,3399,12/13/2020, 17:18:33,589
GTA300000,re3-vita,3403,12/13/2020, 18:10:15,589
GTA300000,re3-vita,3404,12/13/2020, 19:08:24,589
GTA300000,re3-vita,3406,12/13/2020, 20:10:07,589
GTA300000,re3-vita,3410,12/13/2020, 21:09:18,589
GTA300000,re3-vita,3412,12/13/2020, 22:11:40,589
GTA300000,re3-vita,3420,12/13/2020, 23:10:28,589
GTA300000,re3-vita,3420,12/14/2020, 00:27:29,589
GTA300000,re3-vita,3420,12/14/2020, 01:41:30,589
GTA300000,re3-vita,3423,12/14/2020, 02:20:19,589
GTA300000,re3-vita,3426,12/14/2020, 03:10:56,589
GTA300000,re3-vita,3427,12/14/2020, 04:12:49,589
GTA300000,re3-vita,3429,12/14/2020, 05:10:02,589
GTA300000,re3-vita,3431,12/14/2020, 06:12:18,589
GTA300000,re3-vita,3432,12/14/2020, 07:10:18,589
GTA300000,re3-vita,3434,12/14/2020, 08:12:59,589
GTA300000,re3-vita,3434,12/14/2020, 09:10:55,589
GTA300000,re3-vita,3436,12/14/2020, 10:12:02,589
GTA300000,re3-vita,3437,12/14/2020, 11:10:24,589
GTA300000,re3-vita,3438,12/14/2020, 12:14:07,589
GTA300000,re3-vita,3438,12/14/2020, 13:11:59,589
GTA300000,re3-vita,3438,12/14/2020, 14:11:56,589
GTA300000,re3-vita,3440,12/14/2020, 15:10:53,589
GTA300000,re3-vita,3442,12/14/2020, 16:12:48,589
GTA300000,re3-vita,3443,12/14/2020, 17:18:41,589
GTA300000,re3-vita,3446,12/14/2020, 18:09:18,589
GTA300000,re3-vita,3447,12/14/2020, 19:08:38,589
GTA300000,re3-vita,3448,12/14/2020, 20:10:26,589
GTA300000,re3-vita,3455,12/14/2020, 21:09:19,589
GTA300000,re3-vita,3456,12/14/2020, 22:12:03,589
GTA300000,re3-vita,3458,12/14/2020, 23:10:45,589
GTA300000,re3-vita,3483,12/15/2020, 09:11:04,589
GTA300000,re3-vita,3486,12/15/2020, 10:11:37,589
GTA300000,re3-vita,3489,12/15/2020, 11:10:21,589
GTA300000,re3-vita,3490,12/15/2020, 12:14:06,589
GTA300000,re3-vita,3492,12/15/2020, 13:11:58,589
GTA300000,re3-vita,3494,12/15/2020, 14:11:59,589
GTA300000,re3-vita,3495,12/15/2020, 15:10:52,589
GTA300000,re3-vita,3496,12/15/2020, 16:15:29,589
GTA300000,re3-vita,3499,12/15/2020, 17:22:03,589
GTA300000,re3-vita,3503,12/15/2020, 18:10:36,589
GTA300000,re3-vita,3507,12/15/2020, 19:08:33,589
GTA300000,re3-vita,3509,12/15/2020, 20:10:21,589
GTA300000,re3-vita,3512,12/15/2020, 21:09:27,589
GTA300000,re3-vita,3514,12/15/2020, 22:11:29,589
GTA300000,re3-vita,3520,12/15/2020, 23:10:47,589
GTA300000,re3-vita,3522,12/16/2020, 00:27:00,589
GTA300000,re3-vita,3524,12/16/2020, 01:42:14,589
GTA300000,re3-vita,3524,12/16/2020, 02:21:54,589
GTA300000,re3-vita,3530,12/16/2020, 03:10:42,589
GTA300000,re3-vita,3534,12/16/2020, 04:12:54,589
GTA300000,re3-vita,3535,12/16/2020, 05:10:11,589
GTA300000,re3-vita,3535,12/16/2020, 06:12:24,589
GTA300000,re3-vita,3537,12/16/2020, 07:10:38,589
GTA300000,re3-vita,3537,12/16/2020, 08:12:33,589
GTA300000,re3-vita,3538,12/16/2020, 09:10:49,589
GTA300000,re3-vita,3540,12/16/2020, 10:11:42,589
GTA300000,re3-vita,3542,12/16/2020, 11:10:24,589
GTA300000,re3-vita,3545,12/16/2020, 12:14:10,589
GTA300000,re3-vita,3546,12/16/2020, 13:12:25,589
GTA300000,re3-vita,3548,12/16/2020, 14:12:03,589
GTA300000,re3-vita,3553,12/16/2020, 15:10:56,589
GTA300000,re3-vita,3554,12/16/2020, 16:15:58,589
GTA300000,re3-vita,3559,12/16/2020, 17:32:49,589
GTA300000,re3-vita,3560,12/16/2020, 18:10:16,589
GTA300000,re3-vita,3564,12/16/2020, 19:09:14,589
GTA300000,re3-vita,3567,12/16/2020, 20:10:39,589
GTA300000,re3-vita,3572,12/16/2020, 21:09:58,589
GTA300000,re3-vita,3576,12/16/2020, 22:12:49,589
GTA300000,re3-vita,3576,12/16/2020, 23:12:18,589
GTA300000,re3-vita,3581,12/17/2020, 00:29:18,589
GTA300000,re3-vita,3583,12/17/2020, 01:44:25,589
GTA300000,re3-vita,3584,12/17/2020, 02:22:29,589
GTA300000,re3-vita,3587,12/17/2020, 03:10:46,589
GTA300000,re3-vita,3590,12/17/2020, 04:12:51,589
GTA300000,re3-vita,3590,12/17/2020, 05:10:15,589
GTA300000,re3-vita,3594,12/17/2020, 06:12:34,589
GTA300000,re3-vita,3597,12/17/2020, 07:11:31,589
GTA300000,re3-vita,3600,12/17/2020, 08:12:50,589
GTA300000,re3-vita,3601,12/17/2020, 09:10:52,589
GTA300000,re3-vita,3603,12/17/2020, 10:11:55,589
GTA300000,re3-vita,3603,12/17/2020, 11:10:25,589
GTA300000,re3-vita,3605,12/17/2020, 12:14:57,589
GTA300000,re3-vita,3609,12/17/2020, 13:14:19,589
GTA300000,re3-vita,3612,12/17/2020, 14:12:30,589
GTA300000,re3-vita,3617,12/17/2020, 15:10:57,589
GTA300000,re3-vita,3617,12/17/2020, 16:18:19,589
GTA300000,re3-vita,3621,12/17/2020, 17:27:37,589
GTA300000,re3-vita,3621,12/17/2020, 18:11:59,589
GTA300000,re3-vita,3622,12/17/2020, 19:09:55,589
GTA300000,re3-vita,3623,12/17/2020, 20:10:46,589
GTA300000,re3-vita,3625,12/17/2020, 21:10:03,589
GTA300000,re3-vita,3629,12/17/2020, 22:12:59,589
GTA300000,re3-vita,3631,12/17/2020, 23:11:58,589
GTA300000,re3-vita,3632,12/18/2020, 00:28:37,589
GTA300000,re3-vita,3635,12/18/2020, 01:46:25,589
GTA300000,re3-vita,3635,12/18/2020, 02:25:47,589
GTA300000,re3-vita,3637,12/18/2020, 03:13:41,589
GTA300000,re3-vita,3639,12/18/2020, 04:14:34,589
GTA300000,re3-vita,3642,12/18/2020, 05:14:01,589
GTA300000,re3-vita,3642,12/18/2020, 06:13:19,589
GTA300000,re3-vita,3642,12/18/2020, 07:14:07,589
GTA300000,re3-vita,3643,12/18/2020, 08:13:45,589
GTA300000,re3-vita,3646,12/18/2020, 09:13:22,589
GTA300000,re3-vita,3648,12/18/2020, 10:14:05,589
GTA300000,re3-vita,3648,12/18/2020, 11:12:25,589
GTA300000,re3-vita,3653,12/18/2020, 12:15:14,589
GTA300000,re3-vita,3655,12/18/2020, 13:18:05,589
GTA300000,re3-vita,3657,12/18/2020, 14:13:48,589
GTA300000,re3-vita,3658,12/18/2020, 15:12:31,589
GTA300000,re3-vita,3659,12/18/2020, 16:20:44,589
GTA300000,re3-vita,3660,12/18/2020, 17:31:52,589
GTA300000,re3-vita,3666,12/18/2020, 18:18:19,589
GTA300000,re3-vita,3667,12/18/2020, 19:15:07,589
GTA300000,re3-vita,3669,12/18/2020, 20:11:21,589
GTA300000,re3-vita,3673,12/18/2020, 21:09:52,589
GTA300000,re3-vita,3675,12/18/2020, 22:12:57,589
GTA300000,re3-vita,3679,12/18/2020, 23:12:00,589
GTA300000,re3-vita,3681,12/19/2020, 00:28:39,589
GTA300000,re3-vita,3682,12/19/2020, 01:45:51,589
GTA300000,re3-vita,3685,12/19/2020, 02:25:12,589
GTA300000,re3-vita,3685,12/19/2020, 03:13:15,589
GTA300000,re3-vita,3686,12/19/2020, 04:14:00,589
GTA300000,re3-vita,3689,12/19/2020, 05:13:10,589
GTA300000,re3-vita,3691,12/19/2020, 06:13:08,589
GTA300000,re3-vita,3692,12/19/2020, 07:13:45,589
GTA300000,re3-vita,3694,12/19/2020, 08:13:08,589
GTA300000,re3-vita,3696,12/19/2020, 09:12:18,589
GTA300000,re3-vita,3699,12/19/2020, 10:13:33,589
GTA300000,re3-vita,3700,12/19/2020, 11:11:41,589
GTA300000,re3-vita,3706,12/19/2020, 12:14:47,589
GTA300000,re3-vita,3708,12/19/2020, 13:16:26,589
GTA300000,re3-vita,3709,12/19/2020, 14:12:43,589
GTA300000,re3-vita,3709,12/19/2020, 15:11:03,589
GTA300000,re3-vita,3713,12/19/2020, 16:20:02,589
GTA300000,re3-vita,3713,12/19/2020, 17:30:32,589
GTA300000,re3-vita,3717,12/19/2020, 18:14:52,589
GTA300000,re3-vita,3719,12/19/2020, 19:10:41,589
GTA300000,re3-vita,3722,12/19/2020, 20:11:27,589
GTA300000,re3-vita,3727,12/19/2020, 21:09:26,589
GTA300000,re3-vita,3730,12/19/2020, 22:12:45,589
GTA300000,re3-vita,3733,12/19/2020, 23:10:28,589
GTA300000,re3-vita,3735,12/20/2020, 00:28:52,589
GTA300000,re3-vita,3740,12/20/2020, 01:47:26,589
GTA300000,re3-vita,3741,12/20/2020, 02:24:43,589
GTA300000,re3-vita,3743,12/20/2020, 03:11:43,589
GTA300000,re3-vita,3743,12/20/2020, 04:12:48,589
GTA300000,re3-vita,3743,12/20/2020, 05:10:29,589
GTA300000,re3-vita,3744,12/20/2020, 06:12:46,589
GTA300000,re3-vita,3744,12/20/2020, 07:11:29,589
GTA300000,re3-vita,3744,12/20/2020, 08:13:11,589
GTA300000,re3-vita,3745,12/20/2020, 09:11:13,589
GTA300000,re3-vita,3748,12/20/2020, 10:12:11,589
GTA300000,re3-vita,3749,12/20/2020, 11:10:56,589
GTA300000,re3-vita,3751,12/20/2020, 12:15:03,589
GTA300000,re3-vita,3752,12/20/2020, 13:15:36,589
GTA300000,re3-vita,3753,12/20/2020, 14:12:24,589
GTA300000,re3-vita,3753,12/20/2020, 15:10:46,589
GTA300000,re3-vita,3756,12/20/2020, 16:19:12,589
GTA300000,re3-vita,3758,12/20/2020, 17:30:12,589
GTA300000,re3-vita,3758,12/20/2020, 18:15:13,589
GTA300000,re3-vita,3760,12/20/2020, 19:12:13,589
GTA300000,re3-vita,3763,12/20/2020, 20:11:27,589
GTA300000,re3-vita,3766,12/20/2020, 21:10:08,589
GTA300000,re3-vita,3769,12/20/2020, 22:13:26,589
GTA300000,re3-vita,3770,12/20/2020, 23:14:12,589
GTA300000,re3-vita,3771,12/21/2020, 00:31:01,589
GTA300000,re3-vita,3776,12/21/2020, 01:51:35,589
GTA300000,re3-vita,3778,12/21/2020, 02:30:21,589
GTA300000,re3-vita,3779,12/21/2020, 03:16:49,589
GTA300000,re3-vita,3781,12/21/2020, 04:16:09,589
GTA300000,re3-vita,3782,12/21/2020, 05:14:49,589
GTA300000,re3-vita,3784,12/21/2020, 06:13:21,589
GTA300000,re3-vita,3786,12/21/2020, 07:15:33,589
GTA300000,re3-vita,3786,12/21/2020, 08:14:10,589
GTA300000,re3-vita,3786,12/21/2020, 09:14:51,589
GTA300000,re3-vita,3788,12/21/2020, 10:14:35,589
GTA300000,re3-vita,3788,12/21/2020, 11:12:46,589
GTA300000,re3-vita,3789,12/21/2020, 12:15:28,589
GTA300000,re3-vita,3789,12/21/2020, 13:19:57,589
GTA300000,re3-vita,3791,12/21/2020, 14:13:26,589
GTA300000,re3-vita,3793,12/21/2020, 15:12:17,589
GTA300000,re3-vita,3798,12/21/2020, 16:20:44,589
GTA300000,re3-vita,3798,12/21/2020, 17:33:45,589
GTA300000,re3-vita,3798,12/21/2020, 18:18:52,589
GTA300000,re3-vita,3799,12/21/2020, 19:15:53,589
GTA300000,re3-vita,3802,12/21/2020, 20:11:57,589
GTA300000,re3-vita,3804,12/21/2020, 21:11:18,589
GTA300000,re3-vita,3807,12/21/2020, 22:15:16,589
GTA300000,re3-vita,3808,12/21/2020, 23:17:27,589
GTA300000,re3-vita,3809,12/22/2020, 00:32:20,589
GTA300000,re3-vita,3811,12/22/2020, 01:54:09,589
GTA300000,re3-vita,3811,12/22/2020, 02:34:27,589
GTA300000,re3-vita,3813,12/22/2020, 03:20:05,589
GTA300000,re3-vita,3814,12/22/2020, 04:19:38,589
GTA300000,re3-vita,3816,12/22/2020, 05:18:09,589
GTA300000,re3-vita,3818,12/22/2020, 06:15:27,589
GTA300000,re3-vita,3818,12/22/2020, 07:20:18,589
GTA300000,re3-vita,3819,12/22/2020, 08:16:17,589
GTA300000,re3-vita,3821,12/22/2020, 09:18:39,589
GTA300000,re3-vita,3822,12/22/2020, 10:18:21,589
GTA300000,re3-vita,3824,12/22/2020, 11:15:39,589
GTA300000,re3-vita,3826,12/22/2020, 12:17:59,589
GTA300000,re3-vita,3827,12/22/2020, 13:25:11,589
GTA300000,re3-vita,3828,12/22/2020, 14:15:22,589
GTA300000,re3-vita,3828,12/22/2020, 15:13:56,589
GTA300000,re3-vita,3829,12/22/2020, 16:25:08,589
GTA300000,re3-vita,3833,12/22/2020, 17:38:19,589
GTA300000,re3-vita,3835,12/22/2020, 18:23:14,589
GTA300000,re3-vita,3837,12/22/2020, 19:19:27,589
GTA300000,re3-vita,3839,12/22/2020, 20:12:55,589
GTA300000,re3-vita,3844,12/22/2020, 21:12:09,589
GTA300000,re3-vita,3846,12/22/2020, 22:16:33,589
GTA300000,re3-vita,3849,12/22/2020, 23:18:59,589
GTA300000,re3-vita,3851,12/23/2020, 00:34:09,589
GTA300000,re3-vita,3855,12/23/2020, 01:57:55,589
GTA300000,re3-vita,3858,12/23/2020, 02:44:22,589
GTA300000,re3-vita,3860,12/23/2020, 03:21:24,589
GTA300000,re3-vita,3862,12/23/2020, 04:21:07,589
GTA300000,re3-vita,3866,12/23/2020, 05:20:48,589
GTA300000,re3-vita,3868,12/23/2020, 06:15:32,589
GTA300000,re3-vita,3870,12/23/2020, 07:22:04,589
GTA300000,re3-vita,3873,12/23/2020, 08:17:01,589
GTA300000,re3-vita,3877,12/23/2020, 09:19:36,589
GTA300000,re3-vita,3881,12/23/2020, 10:19:30,589
GTA300000,re3-vita,3881,12/23/2020, 11:16:06,589
GTA300000,re3-vita,3882,12/23/2020, 12:17:46,589
GTA300000,re3-vita,3882,12/23/2020, 13:25:29,589
GTA300000,re3-vita,3883,12/23/2020, 14:15:18,589
GTA300000,re3-vita,3888,12/23/2020, 15:14:17,589
GTA300000,re3-vita,3889,12/23/2020, 16:26:38,589
GTA300000,re3-vita,3893,12/23/2020, 17:41:39,589
GTA300000,re3-vita,3897,12/23/2020, 18:28:29,589
GTA300000,re3-vita,3898,12/23/2020, 19:23:40,589
GTA300000,re3-vita,3901,12/23/2020, 20:13:49,589
GTA300000,re3-vita,3903,12/23/2020, 21:12:42,589
GTA300000,re3-vita,3904,12/23/2020, 22:17:16,589
GTA300000,re3-vita,3905,12/23/2020, 23:20:11,589
GTA300000,re3-vita,3908,12/24/2020, 00:37:06,589
GTA300000,re3-vita,3909,12/24/2020, 02:02:31,589
GTA300000,re3-vita,3909,12/24/2020, 03:23:39,589
GTA300000,re3-vita,3911,12/24/2020, 04:23:16,589
GTA300000,re3-vita,3913,12/24/2020, 05:22:21,589
GTA300000,re3-vita,3917,12/24/2020, 06:16:50,589
GTA300000,re3-vita,3919,12/24/2020, 07:22:35,589
GTA300000,re3-vita,3920,12/24/2020, 08:17:25,589
GTA300000,re3-vita,3923,12/24/2020, 09:20:00,589
GTA300000,re3-vita,3925,12/24/2020, 10:19:55,589
GTA300000,re3-vita,3930,12/24/2020, 11:16:36,589
GTA300000,re3-vita,3932,12/24/2020, 12:17:45,589
GTA300000,re3-vita,3932,12/24/2020, 13:25:48,589
GTA300000,re3-vita,3935,12/24/2020, 14:15:23,589
GTA300000,re3-vita,3939,12/24/2020, 15:14:12,589
GTA300000,re3-vita,3941,12/24/2020, 16:27:12,589
GTA300000,re3-vita,3944,12/24/2020, 17:43:06,589
GTA300000,re3-vita,3947,12/24/2020, 18:29:39,589
GTA300000,re3-vita,3949,12/24/2020, 19:25:12,589
GTA300000,re3-vita,3952,12/24/2020, 20:14:01,589
GTA300000,re3-vita,3955,12/24/2020, 21:12:33,589
GTA300000,re3-vita,3958,12/24/2020, 22:15:54,589
GTA300000,re3-vita,3961,12/24/2020, 23:18:43,589
GTA300000,re3-vita,3963,12/25/2020, 00:34:27,589
GTA300000,re3-vita,3965,12/25/2020, 01:58:59,589
GTA300000,re3-vita,3965,12/25/2020, 02:44:31,589
GTA300000,re3-vita,3968,12/25/2020, 03:19:49,589
GTA300000,re3-vita,3968,12/25/2020, 04:18:34,589
GTA300000,re3-vita,3968,12/25/2020, 05:18:00,589
GTA300000,re3-vita,3969,12/25/2020, 06:13:32,589
GTA300000,re3-vita,3972,12/25/2020, 07:17:59,589
GTA300000,re3-vita,3973,12/25/2020, 08:14:37,589
GTA300000,re3-vita,3974,12/25/2020, 09:16:49,589
GTA300000,re3-vita,3974,12/25/2020, 10:16:32,589
GTA300000,re3-vita,3975,12/25/2020, 11:13:19,589
GTA300000,re3-vita,3975,12/25/2020, 12:15:36,589
GTA300000,re3-vita,3978,12/25/2020, 13:21:47,589
GTA300000,re3-vita,3983,12/25/2020, 14:12:35,589
GTA300000,re3-vita,3986,12/25/2020, 15:11:44,589
GTA300000,re3-vita,3986,12/25/2020, 16:22:31,589
GTA300000,re3-vita,3988,12/25/2020, 17:39:07,589
GTA300000,re3-vita,3988,12/25/2020, 18:24:15,589
GTA300000,re3-vita,3989,12/25/2020, 19:20:20,589
GTA300000,re3-vita,3990,12/25/2020, 20:11:13,589
GTA300000,re3-vita,3995,12/25/2020, 21:10:19,589
GTA300000,re3-vita,3999,12/25/2020, 22:14:44,589
GTA300000,re3-vita,4003,12/25/2020, 23:17:53,589
GTA300000,re3-vita,4008,12/26/2020, 00:33:18,589
GTA300000,re3-vita,4011,12/26/2020, 01:57:56,589
GTA300000,re3-vita,4016,12/26/2020, 02:43:07,589
GTA300000,re3-vita,4018,12/26/2020, 03:19:41,589
GTA300000,re3-vita,4020,12/26/2020, 04:18:43,589
GTA300000,re3-vita,4020,12/26/2020, 05:18:12,589
GTA300000,re3-vita,4023,12/26/2020, 06:13:24,589
GTA300000,re3-vita,4024,12/26/2020, 07:18:13,589
GTA300000,re3-vita,4026,12/26/2020, 08:14:08,589
GTA300000,re3-vita,4027,12/26/2020, 09:16:32,589
GTA300000,re3-vita,4027,12/26/2020, 10:16:23,589
GTA300000,re3-vita,4027,12/26/2020, 11:13:23,589
GTA300000,re3-vita,4027,12/26/2020, 12:15:31,589
GTA300000,re3-vita,4029,12/26/2020, 13:21:26,589
GTA300000,re3-vita,4031,12/26/2020, 14:12:20,589
GTA300000,re3-vita,4034,12/26/2020, 15:11:01,589
GTA300000,re3-vita,4036,12/26/2020, 16:21:50,589
GTA300000,re3-vita,4041,12/26/2020, 17:39:25,589
GTA300000,re3-vita,4042,12/26/2020, 18:24:32,589
GTA300000,re3-vita,4045,12/26/2020, 19:20:18,589
GTA300000,re3-vita,4053,12/26/2020, 20:10:55,589
GTA300000,re3-vita,4054,12/26/2020, 21:10:15,589
GTA300000,re3-vita,4056,12/26/2020, 22:14:47,589
GTA300000,re3-vita,4058,12/26/2020, 23:18:08,589
GTA300000,re3-vita,4061,12/27/2020, 00:35:18,589
GTA300000,re3-vita,4061,12/27/2020, 02:03:18,589
GTA300000,re3-vita,4063,12/27/2020, 03:20:31,589
GTA300000,re3-vita,4067,12/27/2020, 04:19:46,589
GTA300000,re3-vita,4069,12/27/2020, 05:19:01,589
GTA300000,re3-vita,4069,12/27/2020, 06:13:16,589
GTA300000,re3-vita,4069,12/27/2020, 07:18:38,589
GTA300000,re3-vita,4070,12/27/2020, 08:14:32,589
GTA300000,re3-vita,4071,12/27/2020, 09:16:56,589
GTA300000,re3-vita,4073,12/27/2020, 10:16:55,589
GTA300000,re3-vita,4079,12/27/2020, 11:13:46,589
GTA300000,re3-vita,4080,12/27/2020, 12:15:28,589
GTA300000,re3-vita,4083,12/27/2020, 13:21:45,589
GTA300000,re3-vita,4088,12/27/2020, 14:12:25,589
GTA300000,re3-vita,4090,12/27/2020, 15:11:19,589
GTA300000,re3-vita,4093,12/27/2020, 16:22:09,589
GTA300000,re3-vita,4095,12/27/2020, 17:40:20,589
GTA300000,re3-vita,4095,12/27/2020, 18:25:59,589
GTA300000,re3-vita,4096,12/27/2020, 19:21:02,589
GTA300000,re3-vita,4100,12/27/2020, 20:11:19,589
GTA300000,re3-vita,4104,12/27/2020, 21:10:23,589
GTA300000,re3-vita,4107,12/27/2020, 22:15:07,589
GTA300000,re3-vita,4107,12/27/2020, 23:18:41,589
GTA300000,re3-vita,4109,12/28/2020, 00:35:32,589
GTA300000,re3-vita,4112,12/28/2020, 02:03:13,589
GTA300000,re3-vita,4114,12/28/2020, 03:21:21,589
GTA300000,re3-vita,4117,12/28/2020, 04:21:01,589
GTA300000,re3-vita,4118,12/28/2020, 05:20:19,589
GTA300000,re3-vita,4121,12/28/2020, 06:14:30,589
GTA300000,re3-vita,4122,12/28/2020, 07:20:16,589
GTA300000,re3-vita,4123,12/28/2020, 08:15:36,589
GTA300000,re3-vita,4125,12/28/2020, 09:18:04,589
GTA300000,re3-vita,4126,12/28/2020, 10:18:21,589
GTA300000,re3-vita,4127,12/28/2020, 11:14:50,589
GTA300000,re3-vita,4128,12/28/2020, 12:15:57,589
GTA300000,re3-vita,4130,12/28/2020, 13:23:55,589
GTA300000,re3-vita,4131,12/28/2020, 14:13:42,589
GTA300000,re3-vita,4134,12/28/2020, 15:12:09,589
GTA300000,re3-vita,4135,12/28/2020, 16:24:29,589
GTA300000,re3-vita,4137,12/28/2020, 17:43:13,589
GTA300000,re3-vita,4138,12/28/2020, 18:30:06,589
GTA300000,re3-vita,4141,12/28/2020, 19:24:38,589
GTA300000,re3-vita,4146,12/28/2020, 20:13:31,589
GTA300000,re3-vita,4149,12/28/2020, 21:11:22,589
GTA300000,re3-vita,4150,12/28/2020, 22:15:57,589
GTA300000,re3-vita,4151,12/28/2020, 23:20:30,589
GTA300000,re3-vita,4155,12/29/2020, 00:36:28,589
GTA300000,re3-vita,4159,12/29/2020, 02:04:46,589
GTA300000,re3-vita,4160,12/29/2020, 03:23:22,589
GTA300000,re3-vita,4163,12/29/2020, 04:23:51,589
GTA300000,re3-vita,4168,12/29/2020, 05:22:47,589
GTA300000,re3-vita,4169,12/29/2020, 06:16:05,589
GTA300000,re3-vita,4170,12/29/2020, 07:21:48,589
GTA300000,re3-vita,4171,12/29/2020, 08:16:54,589
GTA300000,re3-vita,4174,12/29/2020, 09:20:35,589
GTA300000,re3-vita,4175,12/29/2020, 10:20:36,589
GTA300000,re3-vita,4177,12/29/2020, 11:17:22,589
GTA300000,re3-vita,4179,12/29/2020, 12:17:03,589
GTA300000,re3-vita,4180,12/29/2020, 13:26:32,589
GTA300000,re3-vita,4180,12/29/2020, 14:14:54,589
GTA300000,re3-vita,4181,12/29/2020, 15:13:06,589
GTA300000,re3-vita,4181,12/29/2020, 16:27:52,589
GTA300000,re3-vita,4184,12/29/2020, 17:47:47,589
GTA300000,re3-vita,4190,12/29/2020, 18:35:25,589
GTA300000,re3-vita,4191,12/29/2020, 19:30:25,589
GTA300000,re3-vita,4192,12/29/2020, 20:16:36,589
GTA300000,re3-vita,4196,12/29/2020, 21:12:47,589
GTA300000,re3-vita,4197,12/29/2020, 22:17:57,589
GTA300000,re3-vita,4198,12/29/2020, 23:22:50,589
GTA300000,re3-vita,4202,12/30/2020, 00:37:47,589
GTA300000,re3-vita,4206,12/30/2020, 02:06:43,589
GTA300000,re3-vita,4206,12/30/2020, 03:23:20,589
GTA300000,re3-vita,4211,12/30/2020, 04:23:23,589
GTA300000,re3-vita,4214,12/30/2020, 05:22:53,589
GTA300000,re3-vita,4217,12/30/2020, 06:16:08,589
GTA300000,re3-vita,4220,12/30/2020, 07:22:14,589
GTA300000,re3-vita,4223,12/30/2020, 08:17:02,589
GTA300000,re3-vita,4224,12/30/2020, 09:20:27,589
GTA300000,re3-vita,4226,12/30/2020, 10:20:34,589
GTA300000,re3-vita,4227,12/30/2020, 11:17:25,589
GTA300000,re3-vita,4229,12/30/2020, 12:16:30,589
GTA300000,re3-vita,4230,12/30/2020, 13:26:00,589
GTA300000,re3-vita,4231,12/30/2020, 14:14:26,589
GTA300000,re3-vita,4232,12/30/2020, 15:12:46,589
GTA300000,re3-vita,4236,12/30/2020, 16:26:52,589
GTA300000,re3-vita,4239,12/30/2020, 17:47:57,589
GTA300000,re3-vita,4240,12/30/2020, 18:35:16,589
GTA300000,re3-vita,4242,12/30/2020, 19:30:47,589
GTA300000,re3-vita,4249,12/30/2020, 20:16:59,589
GTA300000,re3-vita,4252,12/30/2020, 21:13:45,589
GTA300000,re3-vita,4253,12/30/2020, 22:17:18,589
GTA300000,re3-vita,4254,12/30/2020, 23:21:41,589
GTA300000,re3-vita,4261,12/31/2020, 00:39:52,589
GTA300000,re3-vita,4266,12/31/2020, 02:10:05,589
GTA300000,re3-vita,4267,12/31/2020, 03:25:23,589
GTA300000,re3-vita,4269,12/31/2020, 04:26:05,589
GTA300000,re3-vita,4270,12/31/2020, 05:25:42,589
GTA300000,re3-vita,4272,12/31/2020, 06:19:21,589
GTA300000,re3-vita,4274,12/31/2020, 07:24:32,589
GTA300000,re3-vita,4276,12/31/2020, 08:20:56,589
GTA300000,re3-vita,4276,12/31/2020, 09:23:12,589
GTA300000,re3-vita,4282,12/31/2020, 10:24:45,589
GTA300000,re3-vita,4284,12/31/2020, 11:21:44,589
GTA300000,re3-vita,4286,12/31/2020, 12:19:24,589
GTA300000,re3-vita,4287,12/31/2020, 13:29:55,589
GTA300000,re3-vita,4287,12/31/2020, 14:18:49,589
GTA300000,re3-vita,4290,12/31/2020, 15:15:13,589
GTA300000,re3-vita,4291,12/31/2020, 16:30:21,589
GTA300000,re3-vita,4292,12/31/2020, 17:52:37,589
GTA300000,re3-vita,4293,12/31/2020, 18:38:08,589
GTA300000,re3-vita,4293,12/31/2020, 19:30:05,589
GTA300000,re3-vita,4293,12/31/2020, 20:15:45,589
GTA300000,re3-vita,4295,12/31/2020, 21:11:33,589
GTA300000,re3-vita,4298,12/31/2020, 22:16:11,589
GTA300000,re3-vita,4299,12/31/2020, 23:21:54,589
GTA300000,re3-vita,4300,01/01/2021, 00:39:37,589
GTA300000,re3-vita,4304,01/01/2021, 02:12:31,589
GTA300000,re3-vita,4306,01/01/2021, 03:24:48,589
GTA300000,re3-vita,4308,01/01/2021, 04:24:24,589
GTA300000,re3-vita,4309,01/01/2021, 05:23:31,589
GTA300000,re3-vita,4309,01/01/2021, 06:16:56,589
GTA300000,re3-vita,4310,01/01/2021, 07:22:35,589
GTA300000,re3-vita,4314,01/01/2021, 08:18:27,589
GTA300000,re3-vita,4315,01/01/2021, 09:22:03,589
GTA300000,re3-vita,4315,01/01/2021, 10:22:39,589
GTA300000,re3-vita,4317,01/01/2021, 11:19:53,589
GTA300000,re3-vita,4320,01/01/2021, 12:17:27,589
GTA300000,re3-vita,4321,01/01/2021, 13:27:12,589
GTA300000,re3-vita,4323,01/01/2021, 14:15:24,589
GTA300000,re3-vita,4326,01/01/2021, 15:13:24,589
GTA300000,re3-vita,4328,01/01/2021, 16:27:24,589
GTA300000,re3-vita,4332,01/01/2021, 17:47:30,589
GTA300000,re3-vita,4333,01/01/2021, 18:33:22,589
GTA300000,re3-vita,4337,01/01/2021, 19:29:02,589
GTA300000,re3-vita,4338,01/01/2021, 20:15:34,589
GTA300000,re3-vita,4345,01/01/2021, 21:11:55,589
GTA300000,re3-vita,4349,01/01/2021, 22:16:59,589
GTA300000,re3-vita,4351,01/01/2021, 23:22:19,589
GTA300000,re3-vita,4354,01/02/2021, 00:38:17,589
GTA300000,re3-vita,4356,01/02/2021, 02:09:08,589
GTA300000,re3-vita,4357,01/02/2021, 03:24:12,589
GTA300000,re3-vita,4357,01/02/2021, 04:25:20,589
GTA300000,re3-vita,4359,01/02/2021, 05:24:14,589
GTA300000,re3-vita,4360,01/02/2021, 06:17:21,589
GTA300000,re3-vita,4361,01/02/2021, 07:22:44,589
GTA300000,re3-vita,4363,01/02/2021, 08:17:38,589
GTA300000,re3-vita,4369,01/02/2021, 09:20:51,589
GTA300000,re3-vita,4372,01/02/2021, 10:21:31,589
GTA300000,re3-vita,4374,01/02/2021, 11:18:25,589
GTA300000,re3-vita,4376,01/02/2021, 12:16:12,589
GTA300000,re3-vita,4377,01/02/2021, 13:25:18,589
GTA300000,re3-vita,4378,01/02/2021, 14:13:42,589
GTA300000,re3-vita,4381,01/02/2021, 15:12:08,589
GTA300000,re3-vita,4386,01/02/2021, 16:26:09,589
GTA300000,re3-vita,4390,01/02/2021, 17:46:47,589
GTA300000,re3-vita,4393,01/02/2021, 18:32:05,589
GTA300000,re3-vita,4395,01/02/2021, 19:27:36,589
GTA300000,re3-vita,4397,01/02/2021, 20:14:56,589
GTA300000,re3-vita,4398,01/02/2021, 21:11:27,589
GTA300000,re3-vita,4401,01/02/2021, 22:16:45,589
GTA300000,re3-vita,4403,01/02/2021, 23:22:35,589
GTA300000,re3-vita,4406,01/03/2021, 00:40:21,589
GTA300000,re3-vita,4412,01/03/2021, 02:14:27,589
GTA300000,re3-vita,4416,01/03/2021, 03:26:40,589
GTA300000,re3-vita,4420,01/03/2021, 04:25:26,589
GTA300000,re3-vita,4421,01/03/2021, 05:24:36,589
GTA300000,re3-vita,4422,01/03/2021, 06:17:17,589
GTA300000,re3-vita,4424,01/03/2021, 07:23:36,589
GTA300000,re3-vita,4425,01/03/2021, 08:18:56,589
GTA300000,re3-vita,4427,01/03/2021, 09:22:33,589
GTA300000,re3-vita,4430,01/03/2021, 10:22:49,589
GTA300000,re3-vita,4433,01/03/2021, 11:20:03,589
GTA300000,re3-vita,4434,01/03/2021, 12:16:50,589
GTA300000,re3-vita,4438,01/03/2021, 13:26:42,589
GTA300000,re3-vita,4441,01/03/2021, 14:14:37,589
GTA300000,re3-vita,4443,01/03/2021, 15:12:34,589
GTA300000,re3-vita,4444,01/03/2021, 16:27:27,589
GTA300000,re3-vita,4445,01/03/2021, 17:49:09,589
GTA300000,re3-vita,4447,01/03/2021, 18:32:46,589
GTA300000,re3-vita,4449,01/03/2021, 19:28:50,589
GTA300000,re3-vita,4450,01/03/2021, 20:16:20,589
GTA300000,re3-vita,4452,01/03/2021, 21:12:28,589
GTA300000,re3-vita,4454,01/03/2021, 22:17:37,589
GTA300000,re3-vita,4458,01/03/2021, 23:23:21,589
GTA300000,re3-vita,4462,01/04/2021, 00:41:25,589
GTA300000,re3-vita,4467,01/04/2021, 02:15:54,589
GTA300000,re3-vita,4473,01/04/2021, 03:28:14,589
GTA300000,re3-vita,4476,01/04/2021, 04:27:16,589
GTA300000,re3-vita,4477,01/04/2021, 05:25:39,589
GTA300000,re3-vita,4478,01/04/2021, 06:19:12,589
GTA300000,re3-vita,4479,01/04/2021, 07:24:47,589
GTA300000,re3-vita,4480,01/04/2021, 08:21:39,589
GTA300000,re3-vita,4481,01/04/2021, 09:24:19,589
GTA300000,re3-vita,4482,01/04/2021, 10:25:23,589
GTA300000,re3-vita,4482,01/04/2021, 11:22:08,589
GTA300000,re3-vita,4484,01/04/2021, 12:18:14,589
GTA300000,re3-vita,4489,01/04/2021, 13:29:07,589
GTA300000,re3-vita,4489,01/04/2021, 14:17:52,589
GTA300000,re3-vita,4489,01/04/2021, 15:13:56,589
GTA300000,re3-vita,4494,01/04/2021, 16:29:23,589
GTA300000,re3-vita,4498,01/04/2021, 17:52:46,589
GTA300000,re3-vita,4502,01/04/2021, 18:34:58,589
GTA300000,re3-vita,4503,01/04/2021, 19:28:19,589
GTA300000,re3-vita,4505,01/04/2021, 20:17:25,589
GTA300000,re3-vita,4509,01/04/2021, 21:13:17,589
GTA300000,re3-vita,4515,01/04/2021, 22:17:55,589
GTA300000,re3-vita,4518,01/04/2021, 23:24:29,589
