GUARDENER,Guardener Vita,1,08/08/2025, 19:15:23,1300
GUARDENER,Guardener Vita,3,08/08/2025, 20:19:53,1300
GUARDENER,Guardener Vita,3,08/08/2025, 21:17:07,1300
GUARDENER,Guardener Vita,4,08/08/2025, 22:17:31,1300
GUARDENER,Guardener Vita,6,08/08/2025, 23:17:41,1300
GUARDENER,Guardener Vita,10,08/09/2025, 01:19:27,1300
GUARDENER,Guardener Vita,12,08/09/2025, 03:18:43,1300
GUARDENER,Guardener Vita,13,08/09/2025, 04:27:35,1300
GUARDENER,Guardener Vita,14,08/09/2025, 05:17:49,1300
GUARDENER,Guardener Vita,16,08/09/2025, 07:16:28,1300
GUARDENER,Guardener Vita,17,08/09/2025, 08:21:56,1300
GUARDENER,Guardener Vita,17,08/09/2025, 09:17:39,1300
GUARDENER,Guardener Vita,18,08/09/2025, 10:17:30,1300
GUARDENER,Guardener Vita,18,08/09/2025, 11:15:14,1300
GUARDENER,Guardener Vita,18,08/09/2025, 12:33:20,1300
GUARDENER,Guardener Vita,19,08/09/2025, 13:27:53,1300
GUARDENER,Guardener Vita,21,08/09/2025, 14:16:31,1300
GUARDENER,Guardener Vita,22,08/09/2025, 15:17:24,1300
GUARDENER,Guardener Vita,25,08/09/2025, 16:20:35,1300
GUARDENER,Guardener Vita,25,08/09/2025, 17:15:06,1300
GUARDENER,Guardener Vita,25,08/09/2025, 18:23:29,1300
GUARDENER,Guardener Vita,25,08/09/2025, 19:13:34,1300
GUARDENER,Guardener Vita,26,08/09/2025, 20:18:37,1300
GUARDENER,Guardener Vita,28,08/09/2025, 21:16:18,1300
GUARDENER,Guardener Vita,29,08/09/2025, 22:17:06,1300
GUARDENER,Guardener Vita,30,08/09/2025, 23:16:57,1300
GUARDENER,Guardener Vita,31,08/10/2025, 01:30:10,1300
GUARDENER,Guardener Vita,32,08/10/2025, 04:38:48,1300
GUARDENER,Guardener Vita,33,08/10/2025, 06:25:10,1300
GUARDENER,Guardener Vita,34,08/10/2025, 07:16:21,1300
GUARDENER,Guardener Vita,34,08/10/2025, 08:21:56,1300
GUARDENER,Guardener Vita,34,08/10/2025, 09:17:46,1300
GUARDENER,Guardener Vita,35,08/10/2025, 10:18:14,1300
GUARDENER,Guardener Vita,35,08/10/2025, 11:14:55,1300
GUARDENER,Guardener Vita,35,08/10/2025, 12:33:42,1300
GUARDENER,Guardener Vita,37,08/10/2025, 14:16:15,1300
GUARDENER,Guardener Vita,38,08/10/2025, 15:17:25,1300
GUARDENER,Guardener Vita,38,08/10/2025, 16:20:57,1300
GUARDENER,Guardener Vita,39,08/10/2025, 17:15:00,1300
GUARDENER,Guardener Vita,39,08/10/2025, 18:22:58,1300
GUARDENER,Guardener Vita,39,08/10/2025, 19:14:03,1300
GUARDENER,Guardener Vita,40,08/10/2025, 20:19:29,1300
GUARDENER,Guardener Vita,41,08/10/2025, 21:16:19,1300
GUARDENER,Guardener Vita,41,08/10/2025, 22:16:46,1300
GUARDENER,Guardener Vita,42,08/10/2025, 23:17:02,1300
GUARDENER,Guardener Vita,45,08/11/2025, 01:26:32,1300
GUARDENER,Guardener Vita,47,08/11/2025, 03:41:48,1300
GUARDENER,Guardener Vita,48,08/11/2025, 04:41:23,1300
GUARDENER,Guardener Vita,50,08/11/2025, 05:26:09,1300
GUARDENER,Guardener Vita,50,08/11/2025, 06:28:54,1300
GUARDENER,Guardener Vita,52,08/11/2025, 07:23:21,1300
