HBGMSGRV1,Grave,23,01/14/2021, 18:23:15,606
HBGMSGRV1,Grave,44,01/14/2021, 19:50:17,606
HBGMSGRV1,Grave,47,01/14/2021, 20:33:35,606
HBGMSGRV1,Grave,57,01/14/2021, 21:24:25,606
HBGMSGRV1,Grave,69,01/14/2021, 22:27:43,606
HBGMSGRV1,Grave,78,01/14/2021, 23:36:06,606
HBGMSGRV1,Grave,86,01/15/2021, 00:58:49,606
HBGMSGRV1,Grave,101,01/15/2021, 02:47:02,606
HBGMSGRV1,Grave,107,01/15/2021, 03:54:02,606
HBGMSGRV1,Grave,112,01/15/2021, 04:37:04,606
HBGMSGRV1,Grave,117,01/15/2021, 05:40:27,606
HBGMSGRV1,Grave,121,01/15/2021, 06:33:17,606
HBGMSGRV1,Grave,126,01/15/2021, 07:39:25,606
HBGMSGRV1,Grave,129,01/15/2021, 08:34:56,606
HBGMSGRV1,Grave,133,01/15/2021, 09:40:06,606
HBGMSGRV1,Grave,135,01/15/2021, 10:42:06,606
HBGMSGRV1,Grave,138,01/15/2021, 11:38:59,606
HBGMSGRV1,Grave,144,01/15/2021, 12:32:08,606
HBGMSGRV1,Grave,152,01/15/2021, 13:45:32,606
HBGMSGRV1,Grave,153,01/15/2021, 14:33:55,606
HBGMSGRV1,Grave,155,01/15/2021, 15:24:31,606
HBGMSGRV1,Grave,157,01/15/2021, 16:50:28,606
HBGMSGRV1,Grave,164,01/15/2021, 18:21:02,606
HBGMSGRV1,Grave,176,01/15/2021, 19:49:23,606
HBGMSGRV1,Grave,180,01/15/2021, 20:35:11,606
HBGMSGRV1,Grave,190,01/15/2021, 21:26:59,606
HBGMSGRV1,Grave,195,01/15/2021, 22:31:29,606
HBGMSGRV1,Grave,199,01/15/2021, 23:39:10,606
HBGMSGRV1,Grave,202,01/16/2021, 01:01:11,606
HBGMSGRV1,Grave,209,01/16/2021, 03:03:44,606
HBGMSGRV1,Grave,213,01/16/2021, 04:37:45,606
HBGMSGRV1,Grave,215,01/16/2021, 05:41:28,606
HBGMSGRV1,Grave,217,01/16/2021, 06:34:18,606
HBGMSGRV1,Grave,219,01/16/2021, 07:39:46,606
HBGMSGRV1,Grave,220,01/16/2021, 08:34:44,606
HBGMSGRV1,Grave,221,01/16/2021, 09:38:48,606
HBGMSGRV1,Grave,221,01/16/2021, 10:41:09,606
HBGMSGRV1,Grave,223,01/16/2021, 11:37:29,606
HBGMSGRV1,Grave,230,01/16/2021, 12:30:51,606
HBGMSGRV1,Grave,233,01/16/2021, 13:44:12,606
HBGMSGRV1,Grave,236,01/16/2021, 14:31:50,606
HBGMSGRV1,Grave,238,01/16/2021, 15:22:43,606
HBGMSGRV1,Grave,241,01/16/2021, 16:41:43,606
HBGMSGRV1,Grave,246,01/16/2021, 18:17:50,606
HBGMSGRV1,Grave,252,01/16/2021, 19:45:45,606
HBGMSGRV1,Grave,257,01/16/2021, 20:32:05,606
HBGMSGRV1,Grave,261,01/16/2021, 21:22:33,606
HBGMSGRV1,Grave,264,01/16/2021, 22:27:50,606
HBGMSGRV1,Grave,264,01/16/2021, 23:35:11,606
HBGMSGRV1,Grave,267,01/17/2021, 00:59:32,606
HBGMSGRV1,Grave,272,01/17/2021, 02:51:24,606
HBGMSGRV1,Grave,275,01/17/2021, 03:56:45,606
HBGMSGRV1,Grave,276,01/17/2021, 04:47:34,606
HBGMSGRV1,Grave,276,01/17/2021, 05:41:57,606
HBGMSGRV1,Grave,276,01/17/2021, 06:34:02,606
HBGMSGRV1,Grave,278,01/17/2021, 07:39:30,606
HBGMSGRV1,Grave,280,01/17/2021, 08:34:21,606
HBGMSGRV1,Grave,282,01/17/2021, 09:38:20,606
HBGMSGRV1,Grave,283,01/17/2021, 10:40:13,606
HBGMSGRV1,Grave,284,01/17/2021, 11:36:12,606
HBGMSGRV1,Grave,286,01/17/2021, 12:29:38,606
HBGMSGRV1,Grave,291,01/17/2021, 13:46:16,606
HBGMSGRV1,Grave,292,01/17/2021, 14:30:13,606
HBGMSGRV1,Grave,294,01/17/2021, 15:22:25,606
HBGMSGRV1,Grave,299,01/17/2021, 16:41:18,606
HBGMSGRV1,Grave,300,01/17/2021, 18:16:58,606
HBGMSGRV1,Grave,304,01/17/2021, 19:44:24,606
HBGMSGRV1,Grave,305,01/17/2021, 20:31:01,606
HBGMSGRV1,Grave,308,01/17/2021, 21:22:07,606
HBGMSGRV1,Grave,310,01/17/2021, 22:27:43,606
HBGMSGRV1,Grave,313,01/17/2021, 23:34:57,606
HBGMSGRV1,Grave,317,01/18/2021, 00:58:10,606
HBGMSGRV1,Grave,319,01/18/2021, 02:47:54,606
HBGMSGRV1,Grave,322,01/18/2021, 03:55:11,606
HBGMSGRV1,Grave,324,01/18/2021, 04:38:27,606
HBGMSGRV1,Grave,328,01/18/2021, 05:42:05,606
HBGMSGRV1,Grave,328,01/18/2021, 06:34:54,606
HBGMSGRV1,Grave,330,01/18/2021, 07:41:15,606
HBGMSGRV1,Grave,330,01/18/2021, 08:37:56,606
HBGMSGRV1,Grave,330,01/18/2021, 09:41:51,606
HBGMSGRV1,Grave,332,01/18/2021, 10:44:25,606
HBGMSGRV1,Grave,334,01/18/2021, 11:41:21,606
HBGMSGRV1,Grave,336,01/18/2021, 12:32:54,606
HBGMSGRV1,Grave,339,01/18/2021, 13:47:15,606
HBGMSGRV1,Grave,341,01/18/2021, 14:35:19,606
HBGMSGRV1,Grave,343,01/18/2021, 15:25:41,606
HBGMSGRV1,Grave,346,01/18/2021, 16:44:05,606
HBGMSGRV1,Grave,349,01/18/2021, 18:20:40,606
HBGMSGRV1,Grave,354,01/18/2021, 19:48:59,606
HBGMSGRV1,Grave,356,01/18/2021, 20:36:22,606
HBGMSGRV1,Grave,356,01/18/2021, 21:28:10,606
HBGMSGRV1,Grave,357,01/18/2021, 22:31:24,606
HBGMSGRV1,Grave,359,01/18/2021, 23:38:45,606
HBGMSGRV1,Grave,359,01/19/2021, 01:01:13,606
HBGMSGRV1,Grave,361,01/19/2021, 03:06:11,606
HBGMSGRV1,Grave,362,01/19/2021, 04:38:02,606
HBGMSGRV1,Grave,363,01/19/2021, 05:43:12,606
HBGMSGRV1,Grave,365,01/19/2021, 06:36:16,606
HBGMSGRV1,Grave,365,01/19/2021, 07:42:26,606
HBGMSGRV1,Grave,365,01/19/2021, 08:38:37,606
HBGMSGRV1,Grave,365,01/19/2021, 09:43:58,606
HBGMSGRV1,Grave,365,01/19/2021, 10:46:44,606
HBGMSGRV1,Grave,366,01/19/2021, 11:43:29,606
HBGMSGRV1,Grave,366,01/19/2021, 12:34:36,606
HBGMSGRV1,Grave,368,01/19/2021, 13:49:49,606
HBGMSGRV1,Grave,369,01/19/2021, 14:42:40,606
HBGMSGRV1,Grave,370,01/19/2021, 15:25:08,606
HBGMSGRV1,Grave,370,01/19/2021, 16:43:46,606
HBGMSGRV1,Grave,373,01/19/2021, 18:18:34,606
HBGMSGRV1,Grave,374,01/19/2021, 19:49:36,606
HBGMSGRV1,Grave,377,01/19/2021, 20:37:46,606
HBGMSGRV1,Grave,377,01/19/2021, 21:28:58,606
HBGMSGRV1,Grave,380,01/19/2021, 22:31:55,606
HBGMSGRV1,Grave,383,01/19/2021, 23:39:24,606
HBGMSGRV1,Grave,384,01/20/2021, 01:02:32,606
HBGMSGRV1,Grave,388,01/20/2021, 03:08:38,606
HBGMSGRV1,Grave,390,01/20/2021, 04:40:25,606
HBGMSGRV1,Grave,391,01/20/2021, 05:45:56,606
HBGMSGRV1,Grave,393,01/20/2021, 06:39:25,606
HBGMSGRV1,Grave,394,01/20/2021, 07:45:27,606
HBGMSGRV1,Grave,395,01/20/2021, 08:41:39,606
HBGMSGRV1,Grave,396,01/20/2021, 09:45:46,606
HBGMSGRV1,Grave,398,01/20/2021, 10:47:24,606
HBGMSGRV1,Grave,399,01/20/2021, 11:43:30,606
HBGMSGRV1,Grave,399,01/20/2021, 12:34:22,606
HBGMSGRV1,Grave,401,01/20/2021, 13:48:47,606
HBGMSGRV1,Grave,401,01/20/2021, 14:35:46,606
HBGMSGRV1,Grave,403,01/20/2021, 15:26:40,606
HBGMSGRV1,Grave,405,01/20/2021, 16:46:09,606
HBGMSGRV1,Grave,405,01/20/2021, 18:21:00,606
HBGMSGRV1,Grave,405,01/20/2021, 19:50:19,606
HBGMSGRV1,Grave,407,01/20/2021, 20:35:26,606
HBGMSGRV1,Grave,409,01/20/2021, 21:29:00,606
HBGMSGRV1,Grave,410,01/20/2021, 22:28:35,606
HBGMSGRV1,Grave,412,01/20/2021, 23:36:29,606
HBGMSGRV1,Grave,414,01/21/2021, 01:02:26,606
HBGMSGRV1,Grave,415,01/21/2021, 03:08:11,606
HBGMSGRV1,Grave,416,01/21/2021, 04:39:15,606
HBGMSGRV1,Grave,418,01/21/2021, 05:44:52,606
HBGMSGRV1,Grave,418,01/21/2021, 06:38:11,606
HBGMSGRV1,Grave,419,01/21/2021, 07:44:11,606
HBGMSGRV1,Grave,419,01/21/2021, 08:39:52,606
HBGMSGRV1,Grave,419,01/21/2021, 09:44:54,606
HBGMSGRV1,Grave,419,01/21/2021, 10:46:19,606
HBGMSGRV1,Grave,420,01/21/2021, 11:42:59,606
HBGMSGRV1,Grave,422,01/21/2021, 12:34:42,606
HBGMSGRV1,Grave,422,01/21/2021, 13:49:13,606
HBGMSGRV1,Grave,422,01/21/2021, 14:36:03,606
HBGMSGRV1,Grave,422,01/21/2021, 15:26:21,606
HBGMSGRV1,Grave,423,01/21/2021, 16:44:11,606
HBGMSGRV1,Grave,425,01/21/2021, 18:18:48,606
HBGMSGRV1,Grave,427,01/21/2021, 19:46:22,606
HBGMSGRV1,Grave,428,01/21/2021, 20:33:49,606
HBGMSGRV1,Grave,429,01/21/2021, 21:25:36,606
HBGMSGRV1,Grave,430,01/21/2021, 22:29:41,606
HBGMSGRV1,Grave,432,01/21/2021, 23:36:59,606
HBGMSGRV1,Grave,434,01/22/2021, 01:01:00,606
HBGMSGRV1,Grave,434,01/22/2021, 03:07:06,606
HBGMSGRV1,Grave,434,01/22/2021, 04:39:12,606
HBGMSGRV1,Grave,435,01/22/2021, 05:44:33,606
HBGMSGRV1,Grave,437,01/22/2021, 06:37:35,606
HBGMSGRV1,Grave,437,01/22/2021, 07:45:02,606
HBGMSGRV1,Grave,437,01/22/2021, 08:38:26,606
HBGMSGRV1,Grave,439,01/22/2021, 09:43:00,606
HBGMSGRV1,Grave,440,01/22/2021, 10:45:26,606
HBGMSGRV1,Grave,440,01/22/2021, 11:41:36,606
HBGMSGRV1,Grave,441,01/22/2021, 12:33:39,606
HBGMSGRV1,Grave,441,01/22/2021, 13:47:46,606
HBGMSGRV1,Grave,442,01/22/2021, 14:35:45,606
HBGMSGRV1,Grave,442,01/22/2021, 15:26:52,606
HBGMSGRV1,Grave,443,01/22/2021, 16:44:34,606
HBGMSGRV1,Grave,445,01/22/2021, 18:20:08,606
HBGMSGRV1,Grave,449,01/22/2021, 19:49:27,606
HBGMSGRV1,Grave,449,01/22/2021, 20:36:30,606
HBGMSGRV1,Grave,449,01/22/2021, 21:28:01,606
HBGMSGRV1,Grave,450,01/22/2021, 22:31:34,606
HBGMSGRV1,Grave,450,01/22/2021, 23:37:44,606
HBGMSGRV1,Grave,451,01/23/2021, 01:00:42,606
HBGMSGRV1,Grave,452,01/23/2021, 03:05:54,606
HBGMSGRV1,Grave,453,01/23/2021, 04:37:57,606
HBGMSGRV1,Grave,453,01/23/2021, 05:42:53,606
HBGMSGRV1,Grave,453,01/23/2021, 06:34:53,606
HBGMSGRV1,Grave,454,01/23/2021, 07:40:56,606
HBGMSGRV1,Grave,456,01/23/2021, 08:35:55,606
HBGMSGRV1,Grave,456,01/23/2021, 09:39:52,606
HBGMSGRV1,Grave,456,01/23/2021, 10:41:21,606
HBGMSGRV1,Grave,456,01/23/2021, 11:37:28,606
HBGMSGRV1,Grave,459,01/23/2021, 12:31:08,606
HBGMSGRV1,Grave,459,01/23/2021, 13:44:43,606
HBGMSGRV1,Grave,459,01/23/2021, 14:32:53,606
HBGMSGRV1,Grave,460,01/23/2021, 15:23:54,606
HBGMSGRV1,Grave,463,01/23/2021, 16:42:33,606
HBGMSGRV1,Grave,465,01/23/2021, 18:17:04,606
HBGMSGRV1,Grave,465,01/23/2021, 19:46:05,606
HBGMSGRV1,Grave,467,01/23/2021, 20:32:24,606
HBGMSGRV1,Grave,469,01/23/2021, 21:24:01,606
HBGMSGRV1,Grave,472,01/23/2021, 22:28:34,606
HBGMSGRV1,Grave,473,01/23/2021, 23:35:27,606
HBGMSGRV1,Grave,476,01/24/2021, 01:00:34,606
HBGMSGRV1,Grave,479,01/24/2021, 02:53:33,606
HBGMSGRV1,Grave,479,01/24/2021, 04:01:45,606
HBGMSGRV1,Grave,479,01/24/2021, 05:44:36,606
HBGMSGRV1,Grave,481,01/24/2021, 06:36:52,606
HBGMSGRV1,Grave,482,01/24/2021, 07:42:02,606
HBGMSGRV1,Grave,483,01/24/2021, 08:36:41,606
HBGMSGRV1,Grave,484,01/24/2021, 09:40:27,606
HBGMSGRV1,Grave,490,01/24/2021, 10:43:58,606
HBGMSGRV1,Grave,490,01/24/2021, 11:38:30,606
HBGMSGRV1,Grave,491,01/24/2021, 12:32:13,606
HBGMSGRV1,Grave,491,01/24/2021, 13:45:34,606
HBGMSGRV1,Grave,493,01/24/2021, 14:33:01,606
HBGMSGRV1,Grave,494,01/24/2021, 15:25:12,606
HBGMSGRV1,Grave,496,01/24/2021, 16:43:54,606
HBGMSGRV1,Grave,497,01/24/2021, 18:18:20,606
HBGMSGRV1,Grave,497,01/24/2021, 19:46:51,606
HBGMSGRV1,Grave,500,01/24/2021, 20:33:59,606
HBGMSGRV1,Grave,500,01/24/2021, 21:25:17,606
HBGMSGRV1,Grave,501,01/24/2021, 22:29:56,606
HBGMSGRV1,Grave,501,01/24/2021, 23:36:03,606
HBGMSGRV1,Grave,501,01/25/2021, 01:00:35,606
HBGMSGRV1,Grave,502,01/25/2021, 02:53:05,606
HBGMSGRV1,Grave,502,01/25/2021, 04:01:44,606
HBGMSGRV1,Grave,503,01/25/2021, 05:43:58,606
HBGMSGRV1,Grave,503,01/25/2021, 06:37:24,606
HBGMSGRV1,Grave,504,01/25/2021, 07:42:58,606
HBGMSGRV1,Grave,504,01/25/2021, 08:38:35,606
HBGMSGRV1,Grave,504,01/25/2021, 09:43:36,606
HBGMSGRV1,Grave,504,01/25/2021, 10:45:34,606
HBGMSGRV1,Grave,504,01/25/2021, 11:41:56,606
HBGMSGRV1,Grave,504,01/25/2021, 12:33:48,606
HBGMSGRV1,Grave,505,01/25/2021, 13:48:11,606
HBGMSGRV1,Grave,505,01/25/2021, 14:36:08,606
HBGMSGRV1,Grave,505,01/25/2021, 15:26:56,606
HBGMSGRV1,Grave,506,01/25/2021, 16:44:10,606
HBGMSGRV1,Grave,507,01/25/2021, 18:19:30,606
HBGMSGRV1,Grave,510,01/25/2021, 19:49:10,606
HBGMSGRV1,Grave,511,01/25/2021, 20:35:45,606
HBGMSGRV1,Grave,511,01/25/2021, 21:28:03,606
HBGMSGRV1,Grave,512,01/25/2021, 22:22:09,606
HBGMSGRV1,Grave,514,01/25/2021, 23:17:49,606
HBGMSGRV1,Grave,514,01/26/2021, 00:30:54,606
HBGMSGRV1,Grave,516,01/26/2021, 01:51:58,606
HBGMSGRV1,Grave,516,01/26/2021, 02:29:33,606
HBGMSGRV1,Grave,516,01/26/2021, 03:16:40,606
HBGMSGRV1,Grave,517,01/26/2021, 04:15:31,606
HBGMSGRV1,Grave,518,01/26/2021, 05:14:52,606
HBGMSGRV1,Grave,519,01/26/2021, 06:12:42,606
HBGMSGRV1,Grave,519,01/26/2021, 07:14:00,606
HBGMSGRV1,Grave,519,01/26/2021, 08:14:31,606
HBGMSGRV1,Grave,519,01/26/2021, 09:14:14,606
HBGMSGRV1,Grave,522,01/26/2021, 10:13:36,606
HBGMSGRV1,Grave,523,01/26/2021, 11:11:16,606
HBGMSGRV1,Grave,524,01/26/2021, 12:15:23,606
HBGMSGRV1,Grave,524,01/26/2021, 13:23:59,606
HBGMSGRV1,Grave,525,01/26/2021, 14:12:10,606
HBGMSGRV1,Grave,526,01/26/2021, 15:10:45,606
HBGMSGRV1,Grave,528,01/26/2021, 16:20:47,606
HBGMSGRV1,Grave,531,01/26/2021, 17:37:30,606
HBGMSGRV1,Grave,531,01/26/2021, 18:22:12,606
HBGMSGRV1,Grave,535,01/26/2021, 19:18:37,606
HBGMSGRV1,Grave,536,01/26/2021, 20:11:31,606
HBGMSGRV1,Grave,536,01/26/2021, 21:09:50,606
HBGMSGRV1,Grave,537,01/26/2021, 22:12:02,606
HBGMSGRV1,Grave,539,01/26/2021, 23:12:23,606
HBGMSGRV1,Grave,540,01/27/2021, 00:28:48,606
HBGMSGRV1,Grave,541,01/27/2021, 01:50:41,606
HBGMSGRV1,Grave,541,01/27/2021, 02:29:34,606
HBGMSGRV1,Grave,542,01/27/2021, 03:16:55,606
HBGMSGRV1,Grave,544,01/27/2021, 04:16:00,606
HBGMSGRV1,Grave,545,01/27/2021, 05:15:31,606
HBGMSGRV1,Grave,546,01/27/2021, 06:13:32,606
HBGMSGRV1,Grave,546,01/27/2021, 07:12:59,606
HBGMSGRV1,Grave,547,01/27/2021, 08:14:25,606
HBGMSGRV1,Grave,547,01/27/2021, 09:14:09,606
HBGMSGRV1,Grave,548,01/27/2021, 10:13:44,606
HBGMSGRV1,Grave,548,01/27/2021, 11:11:05,606
HBGMSGRV1,Grave,548,01/27/2021, 12:15:47,606
HBGMSGRV1,Grave,549,01/27/2021, 13:21:23,606
HBGMSGRV1,Grave,549,01/27/2021, 14:11:56,606
HBGMSGRV1,Grave,549,01/27/2021, 15:10:34,606
HBGMSGRV1,Grave,551,01/27/2021, 16:21:09,606
HBGMSGRV1,Grave,551,01/27/2021, 17:38:29,606
HBGMSGRV1,Grave,552,01/27/2021, 18:23:26,606
HBGMSGRV1,Grave,554,01/27/2021, 19:19:39,606
HBGMSGRV1,Grave,554,01/27/2021, 20:11:21,606
HBGMSGRV1,Grave,554,01/27/2021, 21:09:44,606
HBGMSGRV1,Grave,555,01/27/2021, 22:11:53,606
HBGMSGRV1,Grave,555,01/27/2021, 23:13:35,606
HBGMSGRV1,Grave,555,01/28/2021, 00:30:47,606
HBGMSGRV1,Grave,556,01/28/2021, 01:52:54,606
HBGMSGRV1,Grave,557,01/28/2021, 02:30:42,606
HBGMSGRV1,Grave,557,01/28/2021, 03:17:46,606
HBGMSGRV1,Grave,559,01/28/2021, 07:29:45,606
HBGMSGRV1,Grave,559,01/28/2021, 07:57:29,606
HBGMSGRV1,Grave,559,01/28/2021, 08:29:23,606
HBGMSGRV1,Grave,559,01/28/2021, 08:57:26,606
HBGMSGRV1,Grave,559,01/28/2021, 09:28:58,606
HBGMSGRV1,Grave,559,01/28/2021, 10:15:12,606
HBGMSGRV1,Grave,559,01/28/2021, 11:13:04,606
HBGMSGRV1,Grave,559,01/28/2021, 12:15:35,606
HBGMSGRV1,Grave,559,01/28/2021, 13:22:15,606
HBGMSGRV1,Grave,559,01/28/2021, 14:11:58,606
HBGMSGRV1,Grave,559,01/28/2021, 15:12:36,606
HBGMSGRV1,Grave,560,01/28/2021, 16:21:34,606
HBGMSGRV1,Grave,560,01/28/2021, 17:39:26,606
HBGMSGRV1,Grave,560,01/28/2021, 18:25:02,606
HBGMSGRV1,Grave,562,01/28/2021, 19:21:01,606
HBGMSGRV1,Grave,562,01/28/2021, 20:11:01,606
HBGMSGRV1,Grave,565,01/28/2021, 21:09:29,606
HBGMSGRV1,Grave,565,01/28/2021, 22:12:23,606
HBGMSGRV1,Grave,566,01/28/2021, 23:14:51,606
HBGMSGRV1,Grave,567,01/29/2021, 00:28:47,606
HBGMSGRV1,Grave,568,01/29/2021, 01:51:01,606
HBGMSGRV1,Grave,569,01/29/2021, 02:30:32,606
HBGMSGRV1,Grave,570,01/29/2021, 03:18:49,606
HBGMSGRV1,Grave,571,01/29/2021, 04:18:41,606
HBGMSGRV1,Grave,571,01/29/2021, 05:17:42,606
HBGMSGRV1,Grave,571,01/29/2021, 06:12:42,606
HBGMSGRV1,Grave,572,01/29/2021, 07:15:51,606
HBGMSGRV1,Grave,573,01/29/2021, 08:14:25,606
HBGMSGRV1,Grave,573,01/29/2021, 09:16:01,606
HBGMSGRV1,Grave,573,01/29/2021, 10:15:16,606
HBGMSGRV1,Grave,573,01/29/2021, 11:12:37,606
HBGMSGRV1,Grave,573,01/29/2021, 12:15:37,606
HBGMSGRV1,Grave,575,01/29/2021, 13:21:56,606
HBGMSGRV1,Grave,575,01/29/2021, 14:11:57,606
HBGMSGRV1,Grave,575,01/29/2021, 15:10:47,606
HBGMSGRV1,Grave,578,01/29/2021, 16:21:50,606
HBGMSGRV1,Grave,581,01/29/2021, 17:40:52,606
HBGMSGRV1,Grave,583,01/29/2021, 18:25:53,606
HBGMSGRV1,Grave,583,01/29/2021, 19:21:31,606
HBGMSGRV1,Grave,584,01/29/2021, 20:11:21,606
HBGMSGRV1,Grave,588,01/29/2021, 21:10:03,606
HBGMSGRV1,Grave,588,01/29/2021, 22:11:54,606
HBGMSGRV1,Grave,589,01/29/2021, 23:13:16,606
HBGMSGRV1,Grave,591,01/30/2021, 00:29:22,606
HBGMSGRV1,Grave,592,01/30/2021, 01:51:23,606
HBGMSGRV1,Grave,593,01/30/2021, 02:30:28,606
HBGMSGRV1,Grave,595,01/30/2021, 03:17:49,606
HBGMSGRV1,Grave,595,01/30/2021, 04:16:40,606
HBGMSGRV1,Grave,595,01/30/2021, 05:16:10,606
HBGMSGRV1,Grave,596,01/30/2021, 06:12:49,606
HBGMSGRV1,Grave,596,01/30/2021, 07:14:04,606
HBGMSGRV1,Grave,596,01/30/2021, 08:13:30,606
HBGMSGRV1,Grave,597,01/30/2021, 09:13:52,606
HBGMSGRV1,Grave,598,01/30/2021, 10:14:44,606
HBGMSGRV1,Grave,598,01/30/2021, 11:11:41,606
HBGMSGRV1,Grave,599,01/30/2021, 12:15:07,606
HBGMSGRV1,Grave,599,01/30/2021, 13:20:32,606
HBGMSGRV1,Grave,600,01/30/2021, 14:11:41,606
HBGMSGRV1,Grave,601,01/30/2021, 15:10:17,606
HBGMSGRV1,Grave,602,01/30/2021, 16:21:15,606
HBGMSGRV1,Grave,603,01/30/2021, 17:38:25,606
