HXFL00001,HEXFlow Launcher,1,10/24/2020, 18:11:13,587
HXFL00001,HEXFlow Launcher,40,10/24/2020, 19:10:01,587
HXFL00001,HEXFlow Launcher,66,10/24/2020, 20:11:15,587
HXFL00001,HEXFlow Launcher,97,10/24/2020, 21:10:22,587
HXFL00001,HEXFlow Launcher,122,10/24/2020, 22:11:10,587
HXFL00001,HEXFlow Launcher,132,10/24/2020, 23:10:22,587
HXFL00001,HEXFlow Launcher,154,10/25/2020, 00:32:12,587
HXFL00001,HEXFlow Launcher,167,10/25/2020, 01:38:53,587
HXFL00001,HEXFlow Launcher,172,10/25/2020, 02:14:03,587
HXFL00001,HEXFlow Launcher,178,10/25/2020, 03:11:19,587
HXFL00001,HEXFlow Launcher,195,10/25/2020, 04:13:16,587
HXFL00001,HEXFlow Launcher,204,10/25/2020, 05:10:47,587
HXFL00001,HEXFlow Launcher,214,10/25/2020, 06:12:15,587
HXFL00001,HEXFlow Launcher,223,10/25/2020, 07:11:46,587
HXFL00001,HEXFlow Launcher,234,10/25/2020, 08:12:29,587
HXFL00001,HEXFlow Launcher,242,10/25/2020, 09:11:09,587
HXFL00001,HEXFlow Launcher,243,10/25/2020, 10:11:58,587
HXFL00001,HEXFlow Launcher,247,10/25/2020, 11:10:39,587
HXFL00001,HEXFlow Launcher,251,10/25/2020, 12:14:22,587
HXFL00001,HEXFlow Launcher,257,10/25/2020, 13:10:20,587
HXFL00001,HEXFlow Launcher,265,10/25/2020, 14:11:25,587
HXFL00001,HEXFlow Launcher,276,10/25/2020, 15:11:06,587
HXFL00001,HEXFlow Launcher,286,10/25/2020, 16:15:35,587
HXFL00001,HEXFlow Launcher,297,10/25/2020, 17:10:18,587
HXFL00001,HEXFlow Launcher,306,10/25/2020, 18:11:28,587
HXFL00001,HEXFlow Launcher,314,10/25/2020, 19:10:06,587
HXFL00001,HEXFlow Launcher,325,10/25/2020, 20:11:25,587
HXFL00001,HEXFlow Launcher,331,10/25/2020, 21:10:26,587
HXFL00001,HEXFlow Launcher,337,10/25/2020, 22:11:21,587
HXFL00001,HEXFlow Launcher,345,10/25/2020, 23:10:36,587
HXFL00001,HEXFlow Launcher,356,10/26/2020, 00:31:58,587
HXFL00001,HEXFlow Launcher,365,10/26/2020, 01:38:50,587
HXFL00001,HEXFlow Launcher,366,10/26/2020, 02:14:59,587
HXFL00001,HEXFlow Launcher,368,10/26/2020, 03:11:31,587
HXFL00001,HEXFlow Launcher,374,10/26/2020, 04:13:31,587
HXFL00001,HEXFlow Launcher,375,10/26/2020, 05:11:13,587
HXFL00001,HEXFlow Launcher,379,10/26/2020, 06:12:32,587
HXFL00001,HEXFlow Launcher,379,10/26/2020, 07:11:45,587
HXFL00001,HEXFlow Launcher,380,10/26/2020, 08:12:53,587
HXFL00001,HEXFlow Launcher,381,10/26/2020, 09:11:59,587
HXFL00001,HEXFlow Launcher,383,10/26/2020, 10:13:01,587
HXFL00001,HEXFlow Launcher,389,10/26/2020, 11:10:51,587
HXFL00001,HEXFlow Launcher,397,10/26/2020, 12:14:46,587
HXFL00001,HEXFlow Launcher,399,10/26/2020, 13:10:53,587
HXFL00001,HEXFlow Launcher,401,10/26/2020, 14:12:02,587
HXFL00001,HEXFlow Launcher,409,10/26/2020, 15:11:52,587
HXFL00001,HEXFlow Launcher,413,10/26/2020, 16:16:42,587
HXFL00001,HEXFlow Launcher,418,10/26/2020, 17:11:10,587
HXFL00001,HEXFlow Launcher,420,10/26/2020, 18:11:47,587
HXFL00001,HEXFlow Launcher,427,10/26/2020, 19:10:16,587
HXFL00001,HEXFlow Launcher,434,10/26/2020, 20:11:39,587
HXFL00001,HEXFlow Launcher,439,10/26/2020, 21:10:27,587
HXFL00001,HEXFlow Launcher,441,10/26/2020, 22:11:27,587
HXFL00001,HEXFlow Launcher,446,10/26/2020, 23:10:41,587
HXFL00001,HEXFlow Launcher,453,10/27/2020, 00:31:28,587
HXFL00001,HEXFlow Launcher,458,10/27/2020, 01:38:49,587
HXFL00001,HEXFlow Launcher,459,10/27/2020, 02:15:19,587
HXFL00001,HEXFlow Launcher,463,10/27/2020, 03:11:29,587
HXFL00001,HEXFlow Launcher,467,10/27/2020, 04:13:54,587
HXFL00001,HEXFlow Launcher,469,10/27/2020, 05:11:24,587
HXFL00001,HEXFlow Launcher,471,10/27/2020, 06:12:36,587
HXFL00001,HEXFlow Launcher,473,10/27/2020, 07:11:39,587
HXFL00001,HEXFlow Launcher,475,10/27/2020, 08:13:09,587
HXFL00001,HEXFlow Launcher,475,10/27/2020, 09:12:03,587
HXFL00001,HEXFlow Launcher,478,10/27/2020, 10:12:58,587
HXFL00001,HEXFlow Launcher,478,10/27/2020, 11:10:59,587
HXFL00001,HEXFlow Launcher,479,10/27/2020, 12:14:49,587
HXFL00001,HEXFlow Launcher,485,10/27/2020, 13:10:40,587
HXFL00001,HEXFlow Launcher,488,10/27/2020, 14:14:22,587
HXFL00001,HEXFlow Launcher,490,10/27/2020, 15:13:19,587
HXFL00001,HEXFlow Launcher,492,10/27/2020, 16:16:50,587
HXFL00001,HEXFlow Launcher,496,10/27/2020, 17:10:32,587
HXFL00001,HEXFlow Launcher,503,10/27/2020, 18:11:31,587
HXFL00001,HEXFlow Launcher,507,10/27/2020, 19:10:22,587
HXFL00001,HEXFlow Launcher,513,10/27/2020, 20:11:45,587
HXFL00001,HEXFlow Launcher,514,10/27/2020, 21:10:42,587
HXFL00001,HEXFlow Launcher,517,10/27/2020, 22:12:02,587
HXFL00001,HEXFlow Launcher,522,10/27/2020, 23:10:52,587
HXFL00001,HEXFlow Launcher,527,10/28/2020, 00:32:03,587
HXFL00001,HEXFlow Launcher,531,10/28/2020, 01:41:03,587
HXFL00001,HEXFlow Launcher,533,10/28/2020, 02:16:22,587
HXFL00001,HEXFlow Launcher,534,10/28/2020, 03:11:39,587
HXFL00001,HEXFlow Launcher,535,10/28/2020, 04:14:03,587
HXFL00001,HEXFlow Launcher,537,10/28/2020, 05:11:03,587
HXFL00001,HEXFlow Launcher,538,10/28/2020, 06:12:40,587
HXFL00001,HEXFlow Launcher,540,10/28/2020, 07:12:05,587
HXFL00001,HEXFlow Launcher,542,10/28/2020, 08:13:10,587
HXFL00001,HEXFlow Launcher,543,10/28/2020, 09:11:48,587
HXFL00001,HEXFlow Launcher,544,10/28/2020, 10:13:17,587
HXFL00001,HEXFlow Launcher,546,10/28/2020, 11:10:47,587
HXFL00001,HEXFlow Launcher,551,10/28/2020, 12:15:09,587
HXFL00001,HEXFlow Launcher,552,10/28/2020, 13:10:41,587
HXFL00001,HEXFlow Launcher,556,10/28/2020, 14:12:32,587
HXFL00001,HEXFlow Launcher,562,10/28/2020, 15:12:51,587
HXFL00001,HEXFlow Launcher,567,10/28/2020, 16:17:30,587
HXFL00001,HEXFlow Launcher,572,10/28/2020, 17:10:54,587
HXFL00001,HEXFlow Launcher,576,10/28/2020, 18:11:42,587
HXFL00001,HEXFlow Launcher,581,10/28/2020, 19:10:15,587
HXFL00001,HEXFlow Launcher,587,10/28/2020, 20:11:55,587,
HXFL00001,HEXFlow Launcher,592,10/28/2020, 21:10:40,587
HXFL00001,HEXFlow Launcher,595,10/28/2020, 22:12:07,587
HXFL00001,HEXFlow Launcher,603,10/28/2020, 23:11:06,587
HXFL00001,HEXFlow Launcher,605,10/29/2020, 00:32:38,587
HXFL00001,HEXFlow Launcher,608,10/29/2020, 01:43:11,587
HXFL00001,HEXFlow Launcher,611,10/29/2020, 02:18:00,587
HXFL00001,HEXFlow Launcher,616,10/29/2020, 03:10:49,587
HXFL00001,HEXFlow Launcher,620,10/29/2020, 04:14:13,587
HXFL00001,HEXFlow Launcher,624,10/29/2020, 05:11:06,587
HXFL00001,HEXFlow Launcher,626,10/29/2020, 06:13:07,587
HXFL00001,HEXFlow Launcher,628,10/29/2020, 07:11:41,587
HXFL00001,HEXFlow Launcher,631,10/29/2020, 08:13:28,587
HXFL00001,HEXFlow Launcher,631,10/29/2020, 09:11:47,587
HXFL00001,HEXFlow Launcher,631,10/29/2020, 10:13:42,587
HXFL00001,HEXFlow Launcher,635,10/29/2020, 11:11:03,587
HXFL00001,HEXFlow Launcher,638,10/29/2020, 12:15:50,587
HXFL00001,HEXFlow Launcher,639,10/29/2020, 13:11:30,587
HXFL00001,HEXFlow Launcher,645,10/29/2020, 14:12:31,587
HXFL00001,HEXFlow Launcher,650,10/29/2020, 15:12:03,587
HXFL00001,HEXFlow Launcher,653,10/29/2020, 16:16:39,587
HXFL00001,HEXFlow Launcher,657,10/29/2020, 17:08:49,587
HXFL00001,HEXFlow Launcher,659,10/29/2020, 18:08:00,587
HXFL00001,HEXFlow Launcher,659,10/29/2020, 19:06:25,587
HXFL00001,HEXFlow Launcher,661,10/29/2020, 20:05:57,587
HXFL00001,HEXFlow Launcher,662,10/29/2020, 21:05:33,587
HXFL00001,HEXFlow Launcher,665,10/29/2020, 22:05:56,587
HXFL00001,HEXFlow Launcher,667,10/29/2020, 23:06:12,587
HXFL00001,HEXFlow Launcher,672,10/30/2020, 00:19:14,587
HXFL00001,HEXFlow Launcher,672,10/30/2020, 01:07:10,587
HXFL00001,HEXFlow Launcher,674,10/30/2020, 02:06:55,587
HXFL00001,HEXFlow Launcher,676,10/30/2020, 03:06:40,587
HXFL00001,HEXFlow Launcher,677,10/30/2020, 04:07:35,587
HXFL00001,HEXFlow Launcher,678,10/30/2020, 05:07:50,587
HXFL00001,HEXFlow Launcher,679,10/30/2020, 06:07:26,587
HXFL00001,HEXFlow Launcher,681,10/30/2020, 07:06:53,587
HXFL00001,HEXFlow Launcher,683,10/30/2020, 08:08:02,587
HXFL00001,HEXFlow Launcher,684,10/30/2020, 09:06:48,587
HXFL00001,HEXFlow Launcher,685,10/30/2020, 10:07:37,587
HXFL00001,HEXFlow Launcher,687,10/30/2020, 11:06:08,587
HXFL00001,HEXFlow Launcher,688,10/30/2020, 12:09:10,587
HXFL00001,HEXFlow Launcher,692,10/30/2020, 13:06:32,587
HXFL00001,HEXFlow Launcher,693,10/30/2020, 14:06:44,587
HXFL00001,HEXFlow Launcher,697,10/30/2020, 15:06:40,587
HXFL00001,HEXFlow Launcher,703,10/30/2020, 16:10:43,587
HXFL00001,HEXFlow Launcher,703,10/30/2020, 17:06:39,587
HXFL00001,HEXFlow Launcher,707,10/30/2020, 18:06:54,587
HXFL00001,HEXFlow Launcher,709,10/30/2020, 19:06:04,587
HXFL00001,HEXFlow Launcher,712,10/30/2020, 20:06:29,587
HXFL00001,HEXFlow Launcher,714,10/30/2020, 21:06:31,587
HXFL00001,HEXFlow Launcher,715,10/30/2020, 22:07:11,587
HXFL00001,HEXFlow Launcher,716,10/30/2020, 23:06:48,587
HXFL00001,HEXFlow Launcher,718,10/31/2020, 00:18:02,587
HXFL00001,HEXFlow Launcher,720,10/31/2020, 01:09:23,587
HXFL00001,HEXFlow Launcher,722,10/31/2020, 02:07:42,587
HXFL00001,HEXFlow Launcher,722,10/31/2020, 03:07:40,587
HXFL00001,HEXFlow Launcher,723,10/31/2020, 04:08:40,587
HXFL00001,HEXFlow Launcher,724,10/31/2020, 05:07:28,587
HXFL00001,HEXFlow Launcher,724,10/31/2020, 06:07:41,587
HXFL00001,HEXFlow Launcher,725,10/31/2020, 07:07:29,587
HXFL00001,HEXFlow Launcher,726,10/31/2020, 08:07:34,587
HXFL00001,HEXFlow Launcher,727,10/31/2020, 09:06:43,587
HXFL00001,HEXFlow Launcher,727,10/31/2020, 10:07:53,587
HXFL00001,HEXFlow Launcher,728,10/31/2020, 11:06:33,587
HXFL00001,HEXFlow Launcher,728,10/31/2020, 12:08:52,587
HXFL00001,HEXFlow Launcher,730,10/31/2020, 13:06:32,587
HXFL00001,HEXFlow Launcher,733,10/31/2020, 14:06:32,587
HXFL00001,HEXFlow Launcher,734,10/31/2020, 15:06:48,587
HXFL00001,HEXFlow Launcher,734,10/31/2020, 16:11:15,587
HXFL00001,HEXFlow Launcher,736,10/31/2020, 17:06:35,587
HXFL00001,HEXFlow Launcher,741,10/31/2020, 18:06:51,587
HXFL00001,HEXFlow Launcher,742,10/31/2020, 19:06:16,587
HXFL00001,HEXFlow Launcher,743,10/31/2020, 20:06:39,587
HXFL00001,HEXFlow Launcher,745,10/31/2020, 21:06:14,587
HXFL00001,HEXFlow Launcher,748,10/31/2020, 22:07:37,587
HXFL00001,HEXFlow Launcher,748,10/31/2020, 23:06:37,587
HXFL00001,HEXFlow Launcher,752,11/01/2020, 00:20:24,587
HXFL00001,HEXFlow Launcher,754,11/01/2020, 01:09:19,587
HXFL00001,HEXFlow Launcher,756,11/01/2020, 02:10:26,587
HXFL00001,HEXFlow Launcher,757,11/01/2020, 03:07:30,587
HXFL00001,HEXFlow Launcher,760,11/01/2020, 04:08:55,587
HXFL00001,HEXFlow Launcher,765,11/01/2020, 05:06:54,587
HXFL00001,HEXFlow Launcher,767,11/01/2020, 06:07:56,587
HXFL00001,HEXFlow Launcher,770,11/01/2020, 07:07:53,587
HXFL00001,HEXFlow Launcher,772,11/01/2020, 08:08:02,587
HXFL00001,HEXFlow Launcher,776,11/01/2020, 09:07:15,587
HXFL00001,HEXFlow Launcher,788,11/01/2020, 13:13:24,587
HXFL00001,HEXFlow Launcher,790,11/01/2020, 14:06:34,587
HXFL00001,HEXFlow Launcher,795,11/01/2020, 15:07:12,587
HXFL00001,HEXFlow Launcher,797,11/01/2020, 16:12:04,587
HXFL00001,HEXFlow Launcher,799,11/01/2020, 17:06:53,587
HXFL00001,HEXFlow Launcher,799,11/01/2020, 18:07:09,587
HXFL00001,HEXFlow Launcher,802,11/01/2020, 19:06:19,587
HXFL00001,HEXFlow Launcher,806,11/01/2020, 20:06:29,587
HXFL00001,HEXFlow Launcher,811,11/01/2020, 21:06:26,587
HXFL00001,HEXFlow Launcher,814,11/01/2020, 22:08:01,587
HXFL00001,HEXFlow Launcher,817,11/01/2020, 23:08:03,587
HXFL00001,HEXFlow Launcher,821,11/02/2020, 00:19:17,587
HXFL00001,HEXFlow Launcher,823,11/02/2020, 01:08:28,587
HXFL00001,HEXFlow Launcher,823,11/02/2020, 02:08:14,587
HXFL00001,HEXFlow Launcher,824,11/02/2020, 03:07:03,587
HXFL00001,HEXFlow Launcher,825,11/02/2020, 04:09:41,587
HXFL00001,HEXFlow Launcher,825,11/02/2020, 05:07:31,587
HXFL00001,HEXFlow Launcher,825,11/02/2020, 06:08:30,587
HXFL00001,HEXFlow Launcher,828,11/02/2020, 07:07:46,587
HXFL00001,HEXFlow Launcher,831,11/02/2020, 08:10:50,587
HXFL00001,HEXFlow Launcher,832,11/02/2020, 09:07:29,587
HXFL00001,HEXFlow Launcher,833,11/02/2020, 10:09:11,587
HXFL00001,HEXFlow Launcher,836,11/02/2020, 11:07:09,587
HXFL00001,HEXFlow Launcher,838,11/02/2020, 12:09:42,587
HXFL00001,HEXFlow Launcher,840,11/02/2020, 13:07:28,587
HXFL00001,HEXFlow Launcher,841,11/02/2020, 14:07:20,587
HXFL00001,HEXFlow Launcher,843,11/02/2020, 15:07:55,587
HXFL00001,HEXFlow Launcher,845,11/02/2020, 16:13:44,587
HXFL00001,HEXFlow Launcher,846,11/02/2020, 17:07:24,587
HXFL00001,HEXFlow Launcher,849,11/02/2020, 18:07:26,587
HXFL00001,HEXFlow Launcher,852,11/02/2020, 19:06:18,587
HXFL00001,HEXFlow Launcher,854,11/02/2020, 20:07:02,587
HXFL00001,HEXFlow Launcher,855,11/02/2020, 21:06:34,587
HXFL00001,HEXFlow Launcher,859,11/02/2020, 22:08:48,587
HXFL00001,HEXFlow Launcher,862,11/02/2020, 23:07:19,587
HXFL00001,HEXFlow Launcher,865,11/03/2020, 00:19:36,587
HXFL00001,HEXFlow Launcher,868,11/03/2020, 01:10:23,587
HXFL00001,HEXFlow Launcher,871,11/03/2020, 02:08:43,587
HXFL00001,HEXFlow Launcher,874,11/03/2020, 03:07:32,587
HXFL00001,HEXFlow Launcher,875,11/03/2020, 04:09:36,587
HXFL00001,HEXFlow Launcher,877,11/03/2020, 05:07:03,587
HXFL00001,HEXFlow Launcher,878,11/03/2020, 06:08:24,587
HXFL00001,HEXFlow Launcher,878,11/03/2020, 07:08:27,587
HXFL00001,HEXFlow Launcher,879,11/03/2020, 08:08:55,587
HXFL00001,HEXFlow Launcher,881,11/03/2020, 09:07:27,587
HXFL00001,HEXFlow Launcher,882,11/03/2020, 10:09:10,587
HXFL00001,HEXFlow Launcher,883,11/03/2020, 11:07:00,587
HXFL00001,HEXFlow Launcher,885,11/03/2020, 12:09:47,587
HXFL00001,HEXFlow Launcher,887,11/03/2020, 13:07:20,587
HXFL00001,HEXFlow Launcher,888,11/03/2020, 14:07:19,587
HXFL00001,HEXFlow Launcher,890,11/03/2020, 15:08:07,587
HXFL00001,HEXFlow Launcher,895,11/03/2020, 16:15:09,587
HXFL00001,HEXFlow Launcher,897,11/03/2020, 17:07:38,587
HXFL00001,HEXFlow Launcher,900,11/03/2020, 18:07:23,587
HXFL00001,HEXFlow Launcher,904,11/03/2020, 19:06:35,587
HXFL00001,HEXFlow Launcher,907,11/03/2020, 20:07:03,587
HXFL00001,HEXFlow Launcher,908,11/03/2020, 21:06:32,587
HXFL00001,HEXFlow Launcher,912,11/03/2020, 22:08:42,587
HXFL00001,HEXFlow Launcher,913,11/03/2020, 23:07:21,587
HXFL00001,HEXFlow Launcher,917,11/04/2020, 00:19:37,587
HXFL00001,HEXFlow Launcher,918,11/04/2020, 01:11:45,587
HXFL00001,HEXFlow Launcher,919,11/04/2020, 02:08:33,587
HXFL00001,HEXFlow Launcher,919,11/04/2020, 03:07:33,587
HXFL00001,HEXFlow Launcher,922,11/04/2020, 04:10:18,587
HXFL00001,HEXFlow Launcher,924,11/04/2020, 05:07:46,587
HXFL00001,HEXFlow Launcher,926,11/04/2020, 06:08:13,587
HXFL00001,HEXFlow Launcher,928,11/04/2020, 07:08:42,587
HXFL00001,HEXFlow Launcher,929,11/04/2020, 08:08:39,587
HXFL00001,HEXFlow Launcher,930,11/04/2020, 09:07:46,587
HXFL00001,HEXFlow Launcher,931,11/04/2020, 10:09:25,587
HXFL00001,HEXFlow Launcher,931,11/04/2020, 11:07:19,587
HXFL00001,HEXFlow Launcher,933,11/04/2020, 12:10:05,587
HXFL00001,HEXFlow Launcher,938,11/04/2020, 13:07:18,587
HXFL00001,HEXFlow Launcher,940,11/04/2020, 14:07:32,587
HXFL00001,HEXFlow Launcher,942,11/04/2020, 15:08:08,587
HXFL00001,HEXFlow Launcher,942,11/04/2020, 16:14:38,587
HXFL00001,HEXFlow Launcher,944,11/04/2020, 17:07:49,587
HXFL00001,HEXFlow Launcher,946,11/04/2020, 18:07:24,587
HXFL00001,HEXFlow Launcher,947,11/04/2020, 19:06:40,587
HXFL00001,HEXFlow Launcher,949,11/04/2020, 20:07:16,587
HXFL00001,HEXFlow Launcher,951,11/04/2020, 21:06:41,587
HXFL00001,HEXFlow Launcher,952,11/04/2020, 22:09:00,587
HXFL00001,HEXFlow Launcher,952,11/04/2020, 23:07:22,587
HXFL00001,HEXFlow Launcher,954,11/05/2020, 00:20:20,587
HXFL00001,HEXFlow Launcher,958,11/05/2020, 01:13:38,587
HXFL00001,HEXFlow Launcher,959,11/05/2020, 02:08:58,587
HXFL00001,HEXFlow Launcher,961,11/05/2020, 03:07:36,587
HXFL00001,HEXFlow Launcher,964,11/05/2020, 04:10:17,587
HXFL00001,HEXFlow Launcher,964,11/05/2020, 05:07:39,587
HXFL00001,HEXFlow Launcher,966,11/05/2020, 06:08:39,587
HXFL00001,HEXFlow Launcher,968,11/05/2020, 07:08:26,587
HXFL00001,HEXFlow Launcher,973,11/05/2020, 08:09:17,587
HXFL00001,HEXFlow Launcher,975,11/05/2020, 09:07:50,587
HXFL00001,HEXFlow Launcher,976,11/05/2020, 10:09:37,587
HXFL00001,HEXFlow Launcher,976,11/05/2020, 11:07:25,587
HXFL00001,HEXFlow Launcher,978,11/05/2020, 12:10:43,587
HXFL00001,HEXFlow Launcher,980,11/05/2020, 13:09:11,587
HXFL00001,HEXFlow Launcher,981,11/05/2020, 14:08:08,587
HXFL00001,HEXFlow Launcher,981,11/05/2020, 15:08:25,587
HXFL00001,HEXFlow Launcher,988,11/05/2020, 16:26:10,587
HXFL00001,HEXFlow Launcher,993,11/05/2020, 17:07:40,587
HXFL00001,HEXFlow Launcher,995,11/05/2020, 18:07:43,587
HXFL00001,HEXFlow Launcher,998,11/05/2020, 19:06:40,587
HXFL00001,HEXFlow Launcher,1001,11/05/2020, 20:07:22,587
HXFL00001,HEXFlow Launcher,1005,11/05/2020, 21:06:48,587
HXFL00001,HEXFlow Launcher,1007,11/05/2020, 22:09:18,587
HXFL00001,HEXFlow Launcher,1012,11/05/2020, 23:07:53,587
HXFL00001,HEXFlow Launcher,1015,11/06/2020, 00:20:41,587
HXFL00001,HEXFlow Launcher,1018,11/06/2020, 01:15:22,587
HXFL00001,HEXFlow Launcher,1018,11/06/2020, 02:09:07,587
HXFL00001,HEXFlow Launcher,1018,11/06/2020, 03:07:41,587
HXFL00001,HEXFlow Launcher,1022,11/06/2020, 04:10:41,587
HXFL00001,HEXFlow Launcher,1023,11/06/2020, 05:07:49,587
HXFL00001,HEXFlow Launcher,1026,11/06/2020, 06:08:43,587
HXFL00001,HEXFlow Launcher,1028,11/06/2020, 07:08:53,587
HXFL00001,HEXFlow Launcher,1029,11/06/2020, 08:09:38,587
HXFL00001,HEXFlow Launcher,1030,11/06/2020, 09:08:08,587
HXFL00001,HEXFlow Launcher,1031,11/06/2020, 10:09:59,587
HXFL00001,HEXFlow Launcher,1032,11/06/2020, 11:07:11,587
HXFL00001,HEXFlow Launcher,1033,11/06/2020, 12:10:37,587
HXFL00001,HEXFlow Launcher,1033,11/06/2020, 13:07:46,587
HXFL00001,HEXFlow Launcher,1034,11/06/2020, 14:08:26,587
HXFL00001,HEXFlow Launcher,1035,11/06/2020, 15:08:38,587
HXFL00001,HEXFlow Launcher,1036,11/06/2020, 16:16:05,587
HXFL00001,HEXFlow Launcher,1036,11/06/2020, 17:07:52,587
HXFL00001,HEXFlow Launcher,1038,11/06/2020, 18:07:51,587
HXFL00001,HEXFlow Launcher,1039,11/06/2020, 19:06:34,587
HXFL00001,HEXFlow Launcher,1040,11/06/2020, 20:07:11,587
HXFL00001,HEXFlow Launcher,1042,11/06/2020, 21:07:01,587
HXFL00001,HEXFlow Launcher,1043,11/06/2020, 22:09:44,587
HXFL00001,HEXFlow Launcher,1043,11/06/2020, 23:07:46,587
HXFL00001,HEXFlow Launcher,1047,11/07/2020, 00:20:55,587
HXFL00001,HEXFlow Launcher,1050,11/07/2020, 01:16:17,587
HXFL00001,HEXFlow Launcher,1055,11/07/2020, 02:09:05,587
HXFL00001,HEXFlow Launcher,1057,11/07/2020, 03:08:10,587
HXFL00001,HEXFlow Launcher,1059,11/07/2020, 04:10:57,587
HXFL00001,HEXFlow Launcher,1060,11/07/2020, 05:07:51,587
HXFL00001,HEXFlow Launcher,1061,11/07/2020, 06:08:49,587
HXFL00001,HEXFlow Launcher,1061,11/07/2020, 07:08:51,587
HXFL00001,HEXFlow Launcher,1065,11/07/2020, 08:09:15,587
HXFL00001,HEXFlow Launcher,1067,11/07/2020, 09:08:10,587
HXFL00001,HEXFlow Launcher,1068,11/07/2020, 10:09:46,587
HXFL00001,HEXFlow Launcher,1069,11/07/2020, 11:07:34,587
HXFL00001,HEXFlow Launcher,1071,11/07/2020, 12:10:28,587
HXFL00001,HEXFlow Launcher,1075,11/07/2020, 13:07:28,587
HXFL00001,HEXFlow Launcher,1079,11/07/2020, 14:07:52,587
HXFL00001,HEXFlow Launcher,1083,11/07/2020, 15:08:21,587
HXFL00001,HEXFlow Launcher,1089,11/07/2020, 16:15:42,587
HXFL00001,HEXFlow Launcher,1095,11/07/2020, 17:07:30,587
HXFL00001,HEXFlow Launcher,1100,11/07/2020, 18:07:46,587
HXFL00001,HEXFlow Launcher,1104,11/07/2020, 19:06:47,587
HXFL00001,HEXFlow Launcher,1108,11/07/2020, 20:07:16,587
HXFL00001,HEXFlow Launcher,1112,11/07/2020, 21:06:55,587
HXFL00001,HEXFlow Launcher,1119,11/07/2020, 22:09:28,587
HXFL00001,HEXFlow Launcher,1125,11/07/2020, 23:07:50,587
HXFL00001,HEXFlow Launcher,1129,11/08/2020, 00:22:12,587
HXFL00001,HEXFlow Launcher,1131,11/08/2020, 01:18:44,587
HXFL00001,HEXFlow Launcher,1136,11/08/2020, 02:09:43,587
HXFL00001,HEXFlow Launcher,1138,11/08/2020, 03:08:12,587
HXFL00001,HEXFlow Launcher,1142,11/08/2020, 04:11:09,587
HXFL00001,HEXFlow Launcher,1145,11/08/2020, 05:08:19,587
HXFL00001,HEXFlow Launcher,1147,11/08/2020, 06:09:14,587
HXFL00001,HEXFlow Launcher,1150,11/08/2020, 07:08:53,587
HXFL00001,HEXFlow Launcher,1151,11/08/2020, 08:09:36,587
HXFL00001,HEXFlow Launcher,1152,11/08/2020, 09:08:03,587
HXFL00001,HEXFlow Launcher,1153,11/08/2020, 10:09:57,587
HXFL00001,HEXFlow Launcher,1153,11/08/2020, 11:07:32,587
HXFL00001,HEXFlow Launcher,1154,11/08/2020, 12:10:35,587
HXFL00001,HEXFlow Launcher,1154,11/08/2020, 13:07:29,587
HXFL00001,HEXFlow Launcher,1157,11/08/2020, 14:08:28,587
HXFL00001,HEXFlow Launcher,1160,11/08/2020, 15:08:32,587
HXFL00001,HEXFlow Launcher,1164,11/08/2020, 16:16:10,587
HXFL00001,HEXFlow Launcher,1173,11/08/2020, 17:07:40,587
HXFL00001,HEXFlow Launcher,1176,11/08/2020, 18:07:33,587
HXFL00001,HEXFlow Launcher,1183,11/08/2020, 19:06:38,587
HXFL00001,HEXFlow Launcher,1186,11/08/2020, 20:07:24,587
HXFL00001,HEXFlow Launcher,1192,11/08/2020, 21:06:49,587
HXFL00001,HEXFlow Launcher,1198,11/08/2020, 22:09:45,587
HXFL00001,HEXFlow Launcher,1202,11/08/2020, 23:07:55,587
HXFL00001,HEXFlow Launcher,1204,11/09/2020, 00:22:10,587
HXFL00001,HEXFlow Launcher,1209,11/09/2020, 01:18:44,587
HXFL00001,HEXFlow Launcher,1211,11/09/2020, 02:10:02,587
HXFL00001,HEXFlow Launcher,1213,11/09/2020, 03:08:16,587
HXFL00001,HEXFlow Launcher,1215,11/09/2020, 04:11:40,587
HXFL00001,HEXFlow Launcher,1217,11/09/2020, 05:08:25,587
HXFL00001,HEXFlow Launcher,1220,11/09/2020, 06:09:27,587
HXFL00001,HEXFlow Launcher,1222,11/09/2020, 07:09:16,587
HXFL00001,HEXFlow Launcher,1226,11/09/2020, 08:10:03,587
HXFL00001,HEXFlow Launcher,1228,11/09/2020, 09:08:29,587
HXFL00001,HEXFlow Launcher,1228,11/09/2020, 10:10:40,587
HXFL00001,HEXFlow Launcher,1230,11/09/2020, 11:07:57,587
HXFL00001,HEXFlow Launcher,1233,11/09/2020, 12:11:12,587
HXFL00001,HEXFlow Launcher,1233,11/09/2020, 13:08:14,587
HXFL00001,HEXFlow Launcher,1233,11/09/2020, 14:09:13,587
HXFL00001,HEXFlow Launcher,1233,11/09/2020, 15:10:03,587
HXFL00001,HEXFlow Launcher,1235,11/09/2020, 16:18:35,587
HXFL00001,HEXFlow Launcher,1235,11/09/2020, 17:08:28,587
HXFL00001,HEXFlow Launcher,1239,11/09/2020, 18:08:17,587
HXFL00001,HEXFlow Launcher,1239,11/09/2020, 19:06:59,587
HXFL00001,HEXFlow Launcher,1245,11/09/2020, 20:07:36,587
HXFL00001,HEXFlow Launcher,1250,11/09/2020, 21:07:28,587
HXFL00001,HEXFlow Launcher,1255,11/09/2020, 22:10:19,587
HXFL00001,HEXFlow Launcher,1261,11/09/2020, 23:08:21,587
HXFL00001,HEXFlow Launcher,1273,11/10/2020, 00:22:00,587
HXFL00001,HEXFlow Launcher,1273,11/10/2020, 01:20:41,587
HXFL00001,HEXFlow Launcher,1277,11/10/2020, 02:10:07,587
HXFL00001,HEXFlow Launcher,1277,11/10/2020, 03:08:31,587
HXFL00001,HEXFlow Launcher,1281,11/10/2020, 04:07:51,587
HXFL00001,HEXFlow Launcher,1283,11/10/2020, 05:06:42,587
HXFL00001,HEXFlow Launcher,1285,11/10/2020, 06:07:59,587
HXFL00001,HEXFlow Launcher,1290,11/10/2020, 07:06:54,587
HXFL00001,HEXFlow Launcher,1294,11/10/2020, 08:07:54,587
HXFL00001,HEXFlow Launcher,1295,11/10/2020, 09:06:55,587
HXFL00001,HEXFlow Launcher,1297,11/10/2020, 10:08:15,587
HXFL00001,HEXFlow Launcher,1299,11/10/2020, 11:06:42,587
HXFL00001,HEXFlow Launcher,1300,11/10/2020, 12:09:36,587
HXFL00001,HEXFlow Launcher,1303,11/10/2020, 13:06:54,587
HXFL00001,HEXFlow Launcher,1305,11/10/2020, 14:08:12,587
HXFL00001,HEXFlow Launcher,1309,11/10/2020, 15:07:31,587
HXFL00001,HEXFlow Launcher,1311,11/10/2020, 16:11:31,587
HXFL00001,HEXFlow Launcher,1312,11/10/2020, 17:07:16,587
HXFL00001,HEXFlow Launcher,1313,11/10/2020, 18:07:27,587
HXFL00001,HEXFlow Launcher,1316,11/10/2020, 19:06:11,587
HXFL00001,HEXFlow Launcher,1317,11/10/2020, 20:07:07,587
HXFL00001,HEXFlow Launcher,1325,11/10/2020, 21:06:38,587
HXFL00001,HEXFlow Launcher,1327,11/10/2020, 22:08:27,587
HXFL00001,HEXFlow Launcher,1330,11/10/2020, 23:06:54,587
HXFL00001,HEXFlow Launcher,1333,11/11/2020, 00:16:26,587
HXFL00001,HEXFlow Launcher,1335,11/11/2020, 01:08:23,587
HXFL00001,HEXFlow Launcher,1339,11/11/2020, 02:08:06,587
HXFL00001,HEXFlow Launcher,1342,11/11/2020, 03:07:09,587
HXFL00001,HEXFlow Launcher,1343,11/11/2020, 04:08:35,587
HXFL00001,HEXFlow Launcher,1344,11/11/2020, 05:07:05,587
HXFL00001,HEXFlow Launcher,1346,11/11/2020, 06:08:08,587
HXFL00001,HEXFlow Launcher,1348,11/11/2020, 07:07:52,587
HXFL00001,HEXFlow Launcher,1348,11/11/2020, 08:08:22,587
HXFL00001,HEXFlow Launcher,1351,11/11/2020, 09:07:29,587
HXFL00001,HEXFlow Launcher,1351,11/11/2020, 10:08:18,587
HXFL00001,HEXFlow Launcher,1354,11/11/2020, 11:07:01,587
HXFL00001,HEXFlow Launcher,1354,11/11/2020, 12:09:38,587
HXFL00001,HEXFlow Launcher,1355,11/11/2020, 13:06:56,587
HXFL00001,HEXFlow Launcher,1357,11/11/2020, 14:08:13,587
HXFL00001,HEXFlow Launcher,1360,11/11/2020, 15:07:45,587
HXFL00001,HEXFlow Launcher,1361,11/11/2020, 16:11:44,587
HXFL00001,HEXFlow Launcher,1364,11/11/2020, 17:06:51,587
HXFL00001,HEXFlow Launcher,1367,11/11/2020, 18:07:41,587
HXFL00001,HEXFlow Launcher,1369,11/11/2020, 19:06:40,587
HXFL00001,HEXFlow Launcher,1372,11/11/2020, 20:07:19,587
HXFL00001,HEXFlow Launcher,1374,11/11/2020, 21:06:46,587
HXFL00001,HEXFlow Launcher,1378,11/11/2020, 22:08:34,587
HXFL00001,HEXFlow Launcher,1381,11/11/2020, 23:07:17,587
HXFL00001,HEXFlow Launcher,1382,11/12/2020, 00:19:39,587
HXFL00001,HEXFlow Launcher,1382,11/12/2020, 01:09:19,587
HXFL00001,HEXFlow Launcher,1387,11/12/2020, 02:08:32,587
HXFL00001,HEXFlow Launcher,1391,11/12/2020, 03:07:19,587
HXFL00001,HEXFlow Launcher,1394,11/12/2020, 04:08:52,587
HXFL00001,HEXFlow Launcher,1395,11/12/2020, 05:07:21,587
HXFL00001,HEXFlow Launcher,1397,11/12/2020, 06:08:35,587
HXFL00001,HEXFlow Launcher,1399,11/12/2020, 07:07:41,587
HXFL00001,HEXFlow Launcher,1400,11/12/2020, 08:09:00,587
HXFL00001,HEXFlow Launcher,1400,11/12/2020, 09:07:47,587
HXFL00001,HEXFlow Launcher,1400,11/12/2020, 10:08:39,587
HXFL00001,HEXFlow Launcher,1401,11/12/2020, 11:07:07,587
HXFL00001,HEXFlow Launcher,1401,11/12/2020, 12:09:53,587
HXFL00001,HEXFlow Launcher,1402,11/12/2020, 13:07:13,587
HXFL00001,HEXFlow Launcher,1404,11/12/2020, 14:08:35,587
HXFL00001,HEXFlow Launcher,1405,11/12/2020, 15:08:20,587
HXFL00001,HEXFlow Launcher,1405,11/12/2020, 16:13:18,587
HXFL00001,HEXFlow Launcher,1410,11/12/2020, 17:07:41,587
HXFL00001,HEXFlow Launcher,1414,11/12/2020, 18:07:57,587
HXFL00001,HEXFlow Launcher,1416,11/12/2020, 19:06:51,587
HXFL00001,HEXFlow Launcher,1417,11/12/2020, 20:07:13,587
HXFL00001,HEXFlow Launcher,1420,11/12/2020, 21:06:49,587
HXFL00001,HEXFlow Launcher,1425,11/12/2020, 22:08:41,587
HXFL00001,HEXFlow Launcher,1426,11/12/2020, 23:07:20,587
HXFL00001,HEXFlow Launcher,1427,11/13/2020, 00:19:03,587
HXFL00001,HEXFlow Launcher,1428,11/13/2020, 01:11:30,587
HXFL00001,HEXFlow Launcher,1432,11/13/2020, 02:08:52,587
HXFL00001,HEXFlow Launcher,1433,11/13/2020, 03:07:49,587
HXFL00001,HEXFlow Launcher,1439,11/13/2020, 04:09:39,587
HXFL00001,HEXFlow Launcher,1439,11/13/2020, 05:07:26,587
HXFL00001,HEXFlow Launcher,1441,11/13/2020, 06:08:54,587
HXFL00001,HEXFlow Launcher,1444,11/13/2020, 07:07:45,587
HXFL00001,HEXFlow Launcher,1446,11/13/2020, 08:08:44,587
HXFL00001,HEXFlow Launcher,1449,11/13/2020, 09:08:02,587
HXFL00001,HEXFlow Launcher,1449,11/13/2020, 10:08:19,587
HXFL00001,HEXFlow Launcher,1451,11/13/2020, 11:07:19,587
HXFL00001,HEXFlow Launcher,1453,11/13/2020, 12:09:59,587
HXFL00001,HEXFlow Launcher,1458,11/13/2020, 13:07:18,587
HXFL00001,HEXFlow Launcher,1460,11/13/2020, 14:08:21,587
HXFL00001,HEXFlow Launcher,1461,11/13/2020, 15:08:21,587
HXFL00001,HEXFlow Launcher,1467,11/13/2020, 16:11:36,587
HXFL00001,HEXFlow Launcher,1469,11/13/2020, 17:07:36,587
HXFL00001,HEXFlow Launcher,1469,11/13/2020, 18:07:56,587
HXFL00001,HEXFlow Launcher,1473,11/13/2020, 19:06:47,587
HXFL00001,HEXFlow Launcher,1474,11/13/2020, 20:07:34,587
HXFL00001,HEXFlow Launcher,1476,11/13/2020, 21:06:42,587
HXFL00001,HEXFlow Launcher,1482,11/13/2020, 22:08:55,587
HXFL00001,HEXFlow Launcher,1485,11/13/2020, 23:07:27,587
HXFL00001,HEXFlow Launcher,1489,11/14/2020, 00:20:07,587
HXFL00001,HEXFlow Launcher,1494,11/14/2020, 01:12:17,587
HXFL00001,HEXFlow Launcher,1497,11/14/2020, 02:11:50,587
HXFL00001,HEXFlow Launcher,1500,11/14/2020, 03:07:50,587
HXFL00001,HEXFlow Launcher,1501,11/14/2020, 04:08:43,587
HXFL00001,HEXFlow Launcher,1502,11/14/2020, 05:07:16,587
HXFL00001,HEXFlow Launcher,1508,11/14/2020, 06:08:33,587
HXFL00001,HEXFlow Launcher,1514,11/14/2020, 07:07:28,587
HXFL00001,HEXFlow Launcher,1518,11/14/2020, 08:08:46,587
HXFL00001,HEXFlow Launcher,1519,11/14/2020, 09:07:55,587
HXFL00001,HEXFlow Launcher,1522,11/14/2020, 10:08:16,587
HXFL00001,HEXFlow Launcher,1522,11/14/2020, 11:07:23,587
HXFL00001,HEXFlow Launcher,1522,11/14/2020, 12:09:10,587
HXFL00001,HEXFlow Launcher,1522,11/14/2020, 13:07:04,587
HXFL00001,HEXFlow Launcher,1524,11/14/2020, 14:07:54,587
HXFL00001,HEXFlow Launcher,1526,11/14/2020, 15:07:52,587
HXFL00001,HEXFlow Launcher,1528,11/14/2020, 16:10:59,587
HXFL00001,HEXFlow Launcher,1529,11/14/2020, 17:06:52,587
HXFL00001,HEXFlow Launcher,1532,11/14/2020, 18:07:34,587
HXFL00001,HEXFlow Launcher,1533,11/14/2020, 19:06:42,587
HXFL00001,HEXFlow Launcher,1534,11/14/2020, 20:07:15,587
HXFL00001,HEXFlow Launcher,1536,11/14/2020, 21:06:49,587
HXFL00001,HEXFlow Launcher,1538,11/14/2020, 22:08:19,587
HXFL00001,HEXFlow Launcher,1539,11/14/2020, 23:07:25,587
HXFL00001,HEXFlow Launcher,1540,11/15/2020, 00:21:21,587
HXFL00001,HEXFlow Launcher,1541,11/15/2020, 01:16:27,587
HXFL00001,HEXFlow Launcher,1544,11/15/2020, 02:09:01,587
HXFL00001,HEXFlow Launcher,1546,11/15/2020, 03:07:42,587
HXFL00001,HEXFlow Launcher,1547,11/15/2020, 04:08:56,587
HXFL00001,HEXFlow Launcher,1548,11/15/2020, 05:07:28,587
HXFL00001,HEXFlow Launcher,1550,11/15/2020, 06:08:55,587
HXFL00001,HEXFlow Launcher,1551,11/15/2020, 07:07:48,587
HXFL00001,HEXFlow Launcher,1552,11/15/2020, 08:08:41,587
HXFL00001,HEXFlow Launcher,1553,11/15/2020, 09:07:34,587
HXFL00001,HEXFlow Launcher,1555,11/15/2020, 10:08:02,587
HXFL00001,HEXFlow Launcher,1555,11/15/2020, 11:07:32,587
HXFL00001,HEXFlow Launcher,1557,11/15/2020, 12:09:51,587
HXFL00001,HEXFlow Launcher,1558,11/15/2020, 13:06:49,587
HXFL00001,HEXFlow Launcher,1558,11/15/2020, 14:08:01,587
HXFL00001,HEXFlow Launcher,1560,11/15/2020, 15:07:21,587
HXFL00001,HEXFlow Launcher,1565,11/15/2020, 16:11:08,587
HXFL00001,HEXFlow Launcher,1567,11/15/2020, 17:07:03,587
HXFL00001,HEXFlow Launcher,1568,11/15/2020, 18:07:37,587
HXFL00001,HEXFlow Launcher,1570,11/15/2020, 19:06:28,587
HXFL00001,HEXFlow Launcher,1575,11/15/2020, 20:07:30,587
HXFL00001,HEXFlow Launcher,1581,11/15/2020, 21:06:37,587
HXFL00001,HEXFlow Launcher,1592,11/15/2020, 22:08:34,587
HXFL00001,HEXFlow Launcher,1596,11/15/2020, 23:07:35,587
HXFL00001,HEXFlow Launcher,1605,11/16/2020, 00:20:59,587
HXFL00001,HEXFlow Launcher,1607,11/16/2020, 01:14:19,587
HXFL00001,HEXFlow Launcher,1609,11/16/2020, 02:10:40,587
HXFL00001,HEXFlow Launcher,1613,11/16/2020, 03:07:51,587
HXFL00001,HEXFlow Launcher,1615,11/16/2020, 04:09:17,587
HXFL00001,HEXFlow Launcher,1617,11/16/2020, 05:07:45,587
HXFL00001,HEXFlow Launcher,1620,11/16/2020, 06:08:51,587
HXFL00001,HEXFlow Launcher,1621,11/16/2020, 07:07:53,587
HXFL00001,HEXFlow Launcher,1625,11/16/2020, 08:09:10,587
HXFL00001,HEXFlow Launcher,1626,11/16/2020, 09:08:10,587
HXFL00001,HEXFlow Launcher,1628,11/16/2020, 10:09:03,587
HXFL00001,HEXFlow Launcher,1632,11/16/2020, 11:07:30,587
HXFL00001,HEXFlow Launcher,1632,11/16/2020, 12:10:18,587
HXFL00001,HEXFlow Launcher,1635,11/16/2020, 13:07:26,587
HXFL00001,HEXFlow Launcher,1638,11/16/2020, 14:09:24,587
HXFL00001,HEXFlow Launcher,1639,11/16/2020, 15:08:24,587
HXFL00001,HEXFlow Launcher,1643,11/16/2020, 16:13:18,587
HXFL00001,HEXFlow Launcher,1649,11/16/2020, 17:13:46,587
HXFL00001,HEXFlow Launcher,1651,11/16/2020, 18:08:12,587
HXFL00001,HEXFlow Launcher,1654,11/16/2020, 19:06:42,587
HXFL00001,HEXFlow Launcher,1656,11/16/2020, 20:07:35,587
HXFL00001,HEXFlow Launcher,1659,11/16/2020, 21:07:13,587
HXFL00001,HEXFlow Launcher,1665,11/16/2020, 22:08:58,587
HXFL00001,HEXFlow Launcher,1667,11/16/2020, 23:06:55,587
HXFL00001,HEXFlow Launcher,1671,11/17/2020, 00:20:41,587
HXFL00001,HEXFlow Launcher,1672,11/17/2020, 01:14:45,587
HXFL00001,HEXFlow Launcher,1673,11/17/2020, 02:09:10,587
HXFL00001,HEXFlow Launcher,1675,11/17/2020, 03:07:40,587
HXFL00001,HEXFlow Launcher,1678,11/17/2020, 04:09:13,587
HXFL00001,HEXFlow Launcher,1679,11/17/2020, 05:07:51,587
HXFL00001,HEXFlow Launcher,1680,11/17/2020, 06:09:01,587
HXFL00001,HEXFlow Launcher,1682,11/17/2020, 07:08:01,587
HXFL00001,HEXFlow Launcher,1685,11/17/2020, 08:09:26,587
HXFL00001,HEXFlow Launcher,1686,11/17/2020, 09:07:53,587
HXFL00001,HEXFlow Launcher,1688,11/17/2020, 10:09:55,587
HXFL00001,HEXFlow Launcher,1690,11/17/2020, 11:07:32,587
HXFL00001,HEXFlow Launcher,1694,11/17/2020, 12:10:08,587
HXFL00001,HEXFlow Launcher,1698,11/17/2020, 13:07:31,587
HXFL00001,HEXFlow Launcher,1699,11/17/2020, 14:10:16,587
HXFL00001,HEXFlow Launcher,1701,11/17/2020, 15:08:57,587
HXFL00001,HEXFlow Launcher,1704,11/17/2020, 16:13:37,587
HXFL00001,HEXFlow Launcher,1705,11/17/2020, 17:07:54,587
HXFL00001,HEXFlow Launcher,1708,11/17/2020, 18:08:06,587
HXFL00001,HEXFlow Launcher,1710,11/17/2020, 19:06:49,587
HXFL00001,HEXFlow Launcher,1715,11/17/2020, 20:10:04,587
HXFL00001,HEXFlow Launcher,1717,11/17/2020, 21:07:03,587
HXFL00001,HEXFlow Launcher,1720,11/17/2020, 22:09:15,587
HXFL00001,HEXFlow Launcher,1721,11/17/2020, 23:07:40,587
HXFL00001,HEXFlow Launcher,1725,11/18/2020, 00:21:03,587
HXFL00001,HEXFlow Launcher,1727,11/18/2020, 01:15:50,587
HXFL00001,HEXFlow Launcher,1730,11/18/2020, 02:09:19,587
HXFL00001,HEXFlow Launcher,1731,11/18/2020, 03:07:56,587
HXFL00001,HEXFlow Launcher,1732,11/18/2020, 04:09:35,587
HXFL00001,HEXFlow Launcher,1732,11/18/2020, 05:07:48,587
HXFL00001,HEXFlow Launcher,1735,11/18/2020, 06:09:15,587
HXFL00001,HEXFlow Launcher,1739,11/18/2020, 07:08:35,587
HXFL00001,HEXFlow Launcher,1741,11/18/2020, 08:09:35,587
HXFL00001,HEXFlow Launcher,1743,11/18/2020, 09:07:57,587
HXFL00001,HEXFlow Launcher,1743,11/18/2020, 10:09:10,587
HXFL00001,HEXFlow Launcher,1743,11/18/2020, 11:07:25,587
HXFL00001,HEXFlow Launcher,1744,11/18/2020, 12:10:16,587
HXFL00001,HEXFlow Launcher,1745,11/18/2020, 13:07:34,587
HXFL00001,HEXFlow Launcher,1746,11/18/2020, 14:09:42,587
HXFL00001,HEXFlow Launcher,1746,11/18/2020, 15:08:02,587
HXFL00001,HEXFlow Launcher,1748,11/18/2020, 16:12:33,587
HXFL00001,HEXFlow Launcher,1750,11/18/2020, 17:08:10,587
HXFL00001,HEXFlow Launcher,1754,11/18/2020, 18:08:15,587
HXFL00001,HEXFlow Launcher,1757,11/18/2020, 19:07:06,587
HXFL00001,HEXFlow Launcher,1762,11/18/2020, 20:07:45,587
HXFL00001,HEXFlow Launcher,1762,11/18/2020, 21:07:27,587
HXFL00001,HEXFlow Launcher,1764,11/18/2020, 22:09:24,587
HXFL00001,HEXFlow Launcher,1767,11/18/2020, 23:09:32,587
HXFL00001,HEXFlow Launcher,1769,11/19/2020, 00:21:04,587
HXFL00001,HEXFlow Launcher,1770,11/19/2020, 01:16:14,587
HXFL00001,HEXFlow Launcher,1771,11/19/2020, 02:09:22,587
HXFL00001,HEXFlow Launcher,1772,11/19/2020, 03:08:19,587
HXFL00001,HEXFlow Launcher,1775,11/19/2020, 04:09:40,587
HXFL00001,HEXFlow Launcher,1778,11/19/2020, 05:07:56,587
HXFL00001,HEXFlow Launcher,1779,11/19/2020, 06:09:26,587
HXFL00001,HEXFlow Launcher,1780,11/19/2020, 07:08:04,587
HXFL00001,HEXFlow Launcher,1781,11/19/2020, 08:09:19,587
HXFL00001,HEXFlow Launcher,1781,11/19/2020, 09:17:34,587
HXFL00001,HEXFlow Launcher,1781,11/19/2020, 10:09:33,587
HXFL00001,HEXFlow Launcher,1783,11/19/2020, 11:07:37,587
HXFL00001,HEXFlow Launcher,1784,11/19/2020, 12:10:37,587
HXFL00001,HEXFlow Launcher,1784,11/19/2020, 13:07:35,587
HXFL00001,HEXFlow Launcher,1785,11/19/2020, 14:10:12,587
HXFL00001,HEXFlow Launcher,1786,11/19/2020, 15:09:14,587
HXFL00001,HEXFlow Launcher,1787,11/19/2020, 16:15:00,587
HXFL00001,HEXFlow Launcher,1791,11/19/2020, 17:08:21,587
HXFL00001,HEXFlow Launcher,1793,11/19/2020, 18:09:03,587
HXFL00001,HEXFlow Launcher,1793,11/19/2020, 19:06:52,587
HXFL00001,HEXFlow Launcher,1797,11/19/2020, 20:08:10,587
HXFL00001,HEXFlow Launcher,1798,11/19/2020, 21:07:22,587
HXFL00001,HEXFlow Launcher,1800,11/19/2020, 22:09:31,587
HXFL00001,HEXFlow Launcher,1803,11/19/2020, 23:07:48,587
HXFL00001,HEXFlow Launcher,1806,11/20/2020, 00:21:24,587
HXFL00001,HEXFlow Launcher,1807,11/20/2020, 01:17:20,587
HXFL00001,HEXFlow Launcher,1809,11/20/2020, 02:09:47,587
HXFL00001,HEXFlow Launcher,1810,11/20/2020, 03:08:15,587
HXFL00001,HEXFlow Launcher,1810,11/20/2020, 04:09:40,587
HXFL00001,HEXFlow Launcher,1812,11/20/2020, 05:07:52,587
HXFL00001,HEXFlow Launcher,1813,11/20/2020, 06:09:18,587
HXFL00001,HEXFlow Launcher,1813,11/20/2020, 07:12:44,587
HXFL00001,HEXFlow Launcher,1816,11/20/2020, 08:09:39,587
HXFL00001,HEXFlow Launcher,1819,11/20/2020, 09:08:24,587
HXFL00001,HEXFlow Launcher,1820,11/20/2020, 10:09:21,587
HXFL00001,HEXFlow Launcher,1825,11/20/2020, 11:07:42,587
HXFL00001,HEXFlow Launcher,1828,11/20/2020, 12:10:34,587
HXFL00001,HEXFlow Launcher,1831,11/20/2020, 13:07:30,587
HXFL00001,HEXFlow Launcher,1832,11/20/2020, 14:09:18,587
HXFL00001,HEXFlow Launcher,1835,11/20/2020, 15:08:08,587
HXFL00001,HEXFlow Launcher,1836,11/20/2020, 16:12:42,587
HXFL00001,HEXFlow Launcher,1839,11/20/2020, 17:08:17,587
HXFL00001,HEXFlow Launcher,1840,11/20/2020, 18:08:11,587
HXFL00001,HEXFlow Launcher,1845,11/20/2020, 19:07:03,587
HXFL00001,HEXFlow Launcher,1846,11/20/2020, 20:07:52,587
HXFL00001,HEXFlow Launcher,1846,11/20/2020, 21:07:35,587
HXFL00001,HEXFlow Launcher,1851,11/20/2020, 22:09:38,587
HXFL00001,HEXFlow Launcher,1857,11/20/2020, 23:07:46,587
HXFL00001,HEXFlow Launcher,1861,11/21/2020, 00:21:31,587
HXFL00001,HEXFlow Launcher,1863,11/21/2020, 01:17:00,587
HXFL00001,HEXFlow Launcher,1864,11/21/2020, 02:09:46,587
HXFL00001,HEXFlow Launcher,1866,11/21/2020, 03:08:13,587
HXFL00001,HEXFlow Launcher,1867,11/21/2020, 04:10:15,587
HXFL00001,HEXFlow Launcher,1869,11/21/2020, 05:07:50,587
HXFL00001,HEXFlow Launcher,1871,11/21/2020, 06:09:46,587
HXFL00001,HEXFlow Launcher,1871,11/21/2020, 07:08:17,587
HXFL00001,HEXFlow Launcher,1871,11/21/2020, 08:09:12,587
HXFL00001,HEXFlow Launcher,1873,11/21/2020, 09:07:47,587
HXFL00001,HEXFlow Launcher,1874,11/21/2020, 10:08:58,587
HXFL00001,HEXFlow Launcher,1874,11/21/2020, 11:07:54,587
HXFL00001,HEXFlow Launcher,1874,11/21/2020, 12:09:55,587
HXFL00001,HEXFlow Launcher,1877,11/21/2020, 13:07:30,587
HXFL00001,HEXFlow Launcher,1881,11/21/2020, 14:08:51,587
HXFL00001,HEXFlow Launcher,1883,11/21/2020, 15:07:39,587
HXFL00001,HEXFlow Launcher,1884,11/21/2020, 16:12:04,587
HXFL00001,HEXFlow Launcher,1888,11/21/2020, 17:07:03,587
HXFL00001,HEXFlow Launcher,1889,11/21/2020, 18:07:59,587
HXFL00001,HEXFlow Launcher,1891,11/21/2020, 19:06:39,587
HXFL00001,HEXFlow Launcher,1895,11/21/2020, 20:07:41,587
HXFL00001,HEXFlow Launcher,1898,11/21/2020, 21:07:21,587
HXFL00001,HEXFlow Launcher,1900,11/21/2020, 22:11:11,587
HXFL00001,HEXFlow Launcher,1902,11/21/2020, 23:07:52,587
HXFL00001,HEXFlow Launcher,1905,11/22/2020, 00:22:56,587
HXFL00001,HEXFlow Launcher,1908,11/22/2020, 01:19:41,587
HXFL00001,HEXFlow Launcher,1909,11/22/2020, 02:09:56,587
HXFL00001,HEXFlow Launcher,1913,11/22/2020, 03:08:05,587
HXFL00001,HEXFlow Launcher,1915,11/22/2020, 04:09:38,587
HXFL00001,HEXFlow Launcher,1915,11/22/2020, 05:08:02,587
HXFL00001,HEXFlow Launcher,1915,11/22/2020, 06:09:44,587
HXFL00001,HEXFlow Launcher,1917,11/22/2020, 07:08:28,587
HXFL00001,HEXFlow Launcher,1920,11/22/2020, 08:09:14,587
HXFL00001,HEXFlow Launcher,1920,11/22/2020, 09:08:14,587
HXFL00001,HEXFlow Launcher,1921,11/22/2020, 10:08:54,587
HXFL00001,HEXFlow Launcher,1922,11/22/2020, 11:07:57,587
HXFL00001,HEXFlow Launcher,1922,11/22/2020, 12:10:17,587
HXFL00001,HEXFlow Launcher,1923,11/22/2020, 13:07:24,587
HXFL00001,HEXFlow Launcher,1926,11/22/2020, 14:08:48,587
HXFL00001,HEXFlow Launcher,1928,11/22/2020, 15:07:51,587
HXFL00001,HEXFlow Launcher,1929,11/22/2020, 16:12:13,587
HXFL00001,HEXFlow Launcher,1929,11/22/2020, 17:07:05,587
HXFL00001,HEXFlow Launcher,1933,11/22/2020, 18:07:59,587
HXFL00001,HEXFlow Launcher,1937,11/22/2020, 19:06:55,587
HXFL00001,HEXFlow Launcher,1941,11/22/2020, 20:07:46,587
HXFL00001,HEXFlow Launcher,1945,11/22/2020, 21:07:10,587
HXFL00001,HEXFlow Launcher,1949,11/22/2020, 22:09:35,587
HXFL00001,HEXFlow Launcher,1951,11/22/2020, 23:07:52,587
HXFL00001,HEXFlow Launcher,1954,11/23/2020, 00:22:34,587
HXFL00001,HEXFlow Launcher,1954,11/23/2020, 01:19:43,587
HXFL00001,HEXFlow Launcher,1955,11/23/2020, 02:10:11,587
HXFL00001,HEXFlow Launcher,1956,11/23/2020, 03:08:01,587
HXFL00001,HEXFlow Launcher,1958,11/23/2020, 04:10:18,587
HXFL00001,HEXFlow Launcher,1959,11/23/2020, 05:08:25,587
HXFL00001,HEXFlow Launcher,1960,11/23/2020, 06:10:03,587
HXFL00001,HEXFlow Launcher,1963,11/23/2020, 07:08:28,587
HXFL00001,HEXFlow Launcher,1964,11/23/2020, 08:11:47,587
HXFL00001,HEXFlow Launcher,1964,11/23/2020, 09:08:35,587
HXFL00001,HEXFlow Launcher,1966,11/23/2020, 10:09:29,587
HXFL00001,HEXFlow Launcher,1969,11/23/2020, 11:07:58,587
HXFL00001,HEXFlow Launcher,1971,11/23/2020, 12:11:11,587
HXFL00001,HEXFlow Launcher,1971,11/23/2020, 13:08:13,587
HXFL00001,HEXFlow Launcher,1975,11/23/2020, 14:10:05,587
HXFL00001,HEXFlow Launcher,1975,11/23/2020, 15:08:52,587
HXFL00001,HEXFlow Launcher,1977,11/23/2020, 16:13:37,587
HXFL00001,HEXFlow Launcher,1979,11/23/2020, 17:06:02,587
HXFL00001,HEXFlow Launcher,1982,11/23/2020, 18:09:09,587
HXFL00001,HEXFlow Launcher,1983,11/23/2020, 19:07:09,587
HXFL00001,HEXFlow Launcher,1984,11/23/2020, 20:08:22,587
HXFL00001,HEXFlow Launcher,1986,11/23/2020, 21:07:26,587
HXFL00001,HEXFlow Launcher,1987,11/23/2020, 22:09:47,587
HXFL00001,HEXFlow Launcher,1988,11/23/2020, 23:08:13,587
HXFL00001,HEXFlow Launcher,1992,11/24/2020, 00:22:13,587
HXFL00001,HEXFlow Launcher,1993,11/24/2020, 01:19:21,587
HXFL00001,HEXFlow Launcher,1998,11/24/2020, 02:10:00,587
HXFL00001,HEXFlow Launcher,2001,11/24/2020, 03:08:19,587
HXFL00001,HEXFlow Launcher,2003,11/24/2020, 04:10:08,587
HXFL00001,HEXFlow Launcher,2004,11/24/2020, 05:08:25,587
HXFL00001,HEXFlow Launcher,2005,11/24/2020, 06:09:57,587
HXFL00001,HEXFlow Launcher,2005,11/24/2020, 07:08:42,587
HXFL00001,HEXFlow Launcher,2007,11/24/2020, 08:10:01,587
HXFL00001,HEXFlow Launcher,2009,11/24/2020, 09:08:44,587
HXFL00001,HEXFlow Launcher,2009,11/24/2020, 10:09:42,587
HXFL00001,HEXFlow Launcher,2009,11/24/2020, 11:08:13,587
HXFL00001,HEXFlow Launcher,2011,11/24/2020, 12:11:03,587
HXFL00001,HEXFlow Launcher,2012,11/24/2020, 13:07:56,587
HXFL00001,HEXFlow Launcher,2016,11/24/2020, 14:09:17,587
HXFL00001,HEXFlow Launcher,2019,11/24/2020, 15:08:40,587
HXFL00001,HEXFlow Launcher,2021,11/24/2020, 16:14:23,587
HXFL00001,HEXFlow Launcher,2027,11/24/2020, 17:08:04,587
HXFL00001,HEXFlow Launcher,2028,11/24/2020, 18:08:46,587
HXFL00001,HEXFlow Launcher,2031,11/24/2020, 19:07:27,587
HXFL00001,HEXFlow Launcher,2034,11/24/2020, 20:08:21,587
HXFL00001,HEXFlow Launcher,2037,11/24/2020, 21:07:22,587
HXFL00001,HEXFlow Launcher,2040,11/24/2020, 22:09:54,587
HXFL00001,HEXFlow Launcher,2045,11/24/2020, 23:08:11,587
HXFL00001,HEXFlow Launcher,2048,11/25/2020, 00:22:29,587
HXFL00001,HEXFlow Launcher,2050,11/25/2020, 01:20:25,587
HXFL00001,HEXFlow Launcher,2051,11/25/2020, 02:10:07,587
HXFL00001,HEXFlow Launcher,2056,11/25/2020, 03:08:32,587
HXFL00001,HEXFlow Launcher,2059,11/25/2020, 04:10:17,587
HXFL00001,HEXFlow Launcher,2061,11/25/2020, 05:08:31,587
HXFL00001,HEXFlow Launcher,2061,11/25/2020, 06:10:14,587
HXFL00001,HEXFlow Launcher,2064,11/25/2020, 07:08:53,587
HXFL00001,HEXFlow Launcher,2065,11/25/2020, 08:09:49,587
HXFL00001,HEXFlow Launcher,2065,11/25/2020, 09:08:54,587
HXFL00001,HEXFlow Launcher,2067,11/25/2020, 10:09:41,587
HXFL00001,HEXFlow Launcher,2067,11/25/2020, 11:07:46,587
HXFL00001,HEXFlow Launcher,2068,11/25/2020, 12:11:11,587
HXFL00001,HEXFlow Launcher,2071,11/25/2020, 13:08:04,587
HXFL00001,HEXFlow Launcher,2073,11/25/2020, 14:09:52,587
HXFL00001,HEXFlow Launcher,2074,11/25/2020, 15:08:37,587
HXFL00001,HEXFlow Launcher,2077,11/25/2020, 16:13:37,587
HXFL00001,HEXFlow Launcher,2079,11/25/2020, 17:07:01,587
HXFL00001,HEXFlow Launcher,2082,11/25/2020, 18:08:49,587
HXFL00001,HEXFlow Launcher,2088,11/25/2020, 19:07:03,587
HXFL00001,HEXFlow Launcher,2091,11/25/2020, 20:08:31,587
HXFL00001,HEXFlow Launcher,2094,11/25/2020, 21:07:33,587
HXFL00001,HEXFlow Launcher,2097,11/25/2020, 22:09:52,587
HXFL00001,HEXFlow Launcher,2097,11/25/2020, 23:08:21,587
HXFL00001,HEXFlow Launcher,2101,11/26/2020, 00:22:16,587
HXFL00001,HEXFlow Launcher,2102,11/26/2020, 01:20:41,587
HXFL00001,HEXFlow Launcher,2104,11/26/2020, 02:10:14,587
HXFL00001,HEXFlow Launcher,2105,11/26/2020, 03:08:44,587
HXFL00001,HEXFlow Launcher,2106,11/26/2020, 04:10:06,587
HXFL00001,HEXFlow Launcher,2107,11/26/2020, 05:08:13,587
HXFL00001,HEXFlow Launcher,2107,11/26/2020, 06:10:15,587
HXFL00001,HEXFlow Launcher,2107,11/26/2020, 07:08:43,587
HXFL00001,HEXFlow Launcher,2107,11/26/2020, 08:10:07,587
HXFL00001,HEXFlow Launcher,2107,11/26/2020, 09:08:48,587
HXFL00001,HEXFlow Launcher,2107,11/26/2020, 10:09:32,587
HXFL00001,HEXFlow Launcher,2108,11/26/2020, 11:08:18,587
HXFL00001,HEXFlow Launcher,2108,11/26/2020, 12:11:11,587
HXFL00001,HEXFlow Launcher,2109,11/26/2020, 13:07:57,587
HXFL00001,HEXFlow Launcher,2110,11/26/2020, 14:09:50,587
HXFL00001,HEXFlow Launcher,2112,11/26/2020, 15:08:44,587
HXFL00001,HEXFlow Launcher,2113,11/26/2020, 16:13:32,587
HXFL00001,HEXFlow Launcher,2113,11/26/2020, 17:07:32,587
HXFL00001,HEXFlow Launcher,2114,11/26/2020, 18:08:48,587
HXFL00001,HEXFlow Launcher,2119,11/26/2020, 19:07:09,587
HXFL00001,HEXFlow Launcher,2122,11/26/2020, 20:08:46,587
HXFL00001,HEXFlow Launcher,2124,11/26/2020, 21:07:22,587
HXFL00001,HEXFlow Launcher,2126,11/26/2020, 22:09:44,587
HXFL00001,HEXFlow Launcher,2129,11/26/2020, 23:08:31,587
HXFL00001,HEXFlow Launcher,2131,11/27/2020, 00:23:41,587
HXFL00001,HEXFlow Launcher,2135,11/27/2020, 01:23:06,587
HXFL00001,HEXFlow Launcher,2137,11/27/2020, 02:10:13,587
HXFL00001,HEXFlow Launcher,2140,11/27/2020, 03:09:02,587
HXFL00001,HEXFlow Launcher,2144,11/27/2020, 04:11:04,587
HXFL00001,HEXFlow Launcher,2145,11/27/2020, 05:08:42,587
HXFL00001,HEXFlow Launcher,2147,11/27/2020, 06:10:22,587
HXFL00001,HEXFlow Launcher,2149,11/27/2020, 07:08:47,587
HXFL00001,HEXFlow Launcher,2150,11/27/2020, 08:11:07,587
HXFL00001,HEXFlow Launcher,2154,11/27/2020, 09:09:18,587
HXFL00001,HEXFlow Launcher,2154,11/27/2020, 10:09:54,587
HXFL00001,HEXFlow Launcher,2154,11/27/2020, 11:08:29,587
HXFL00001,HEXFlow Launcher,2156,11/27/2020, 12:11:49,587
HXFL00001,HEXFlow Launcher,2158,11/27/2020, 13:08:28,587
HXFL00001,HEXFlow Launcher,2158,11/27/2020, 14:09:30,587
HXFL00001,HEXFlow Launcher,2159,11/27/2020, 15:08:30,587
HXFL00001,HEXFlow Launcher,2161,11/27/2020, 17:07:50,587
HXFL00001,HEXFlow Launcher,2166,11/27/2020, 18:08:39,587
HXFL00001,HEXFlow Launcher,2167,11/27/2020, 19:07:15,587
HXFL00001,HEXFlow Launcher,2170,11/27/2020, 20:09:01,587
HXFL00001,HEXFlow Launcher,2172,11/27/2020, 21:07:29,587
HXFL00001,HEXFlow Launcher,2174,11/27/2020, 22:09:36,587
HXFL00001,HEXFlow Launcher,2176,11/27/2020, 23:08:44,587
HXFL00001,HEXFlow Launcher,2181,11/28/2020, 00:23:25,587
HXFL00001,HEXFlow Launcher,2185,11/28/2020, 01:22:59,587
HXFL00001,HEXFlow Launcher,2185,11/28/2020, 02:10:13,587
HXFL00001,HEXFlow Launcher,2187,11/28/2020, 03:09:06,587
HXFL00001,HEXFlow Launcher,2189,11/28/2020, 04:11:19,587
HXFL00001,HEXFlow Launcher,2190,11/28/2020, 05:08:30,587
HXFL00001,HEXFlow Launcher,2190,11/28/2020, 06:10:05,587
HXFL00001,HEXFlow Launcher,2193,11/28/2020, 07:09:38,587
HXFL00001,HEXFlow Launcher,2194,11/28/2020, 08:10:31,587
HXFL00001,HEXFlow Launcher,2195,11/28/2020, 09:08:54,587
HXFL00001,HEXFlow Launcher,2195,11/28/2020, 10:09:17,587
HXFL00001,HEXFlow Launcher,2196,11/28/2020, 11:08:13,587
HXFL00001,HEXFlow Launcher,2199,11/28/2020, 12:11:21,587
HXFL00001,HEXFlow Launcher,2199,11/28/2020, 13:07:55,587
HXFL00001,HEXFlow Launcher,2200,11/28/2020, 14:09:23,587
HXFL00001,HEXFlow Launcher,2201,11/28/2020, 15:08:22,587
HXFL00001,HEXFlow Launcher,2205,11/28/2020, 16:12:52,587
HXFL00001,HEXFlow Launcher,2212,11/28/2020, 17:07:50,587
HXFL00001,HEXFlow Launcher,2220,11/28/2020, 18:08:56,587
HXFL00001,HEXFlow Launcher,2227,11/28/2020, 19:07:03,587
HXFL00001,HEXFlow Launcher,2232,11/28/2020, 20:08:52,587
HXFL00001,HEXFlow Launcher,2240,11/28/2020, 21:07:20,587
HXFL00001,HEXFlow Launcher,2247,11/28/2020, 22:09:52,587
HXFL00001,HEXFlow Launcher,2254,11/28/2020, 23:08:29,587
HXFL00001,HEXFlow Launcher,2259,11/29/2020, 00:24:44,587
HXFL00001,HEXFlow Launcher,2267,11/29/2020, 01:26:29,587
HXFL00001,HEXFlow Launcher,2269,11/29/2020, 02:10:28,587
HXFL00001,HEXFlow Launcher,2278,11/29/2020, 03:09:04,587
HXFL00001,HEXFlow Launcher,2285,11/29/2020, 04:11:31,587
HXFL00001,HEXFlow Launcher,2290,11/29/2020, 05:08:28,587
HXFL00001,HEXFlow Launcher,2290,11/29/2020, 06:10:11,587
HXFL00001,HEXFlow Launcher,2294,11/29/2020, 07:08:47,587
HXFL00001,HEXFlow Launcher,2298,11/29/2020, 08:10:37,587
HXFL00001,HEXFlow Launcher,2298,11/29/2020, 09:08:35,587
HXFL00001,HEXFlow Launcher,2301,11/29/2020, 10:09:19,587
HXFL00001,HEXFlow Launcher,2304,11/29/2020, 11:08:10,587
HXFL00001,HEXFlow Launcher,2306,11/29/2020, 12:11:27,587
HXFL00001,HEXFlow Launcher,2307,11/29/2020, 13:08:10,587
HXFL00001,HEXFlow Launcher,2308,11/29/2020, 14:09:29,587
HXFL00001,HEXFlow Launcher,2317,11/29/2020, 15:08:01,587
HXFL00001,HEXFlow Launcher,2321,11/29/2020, 16:13:16,587
HXFL00001,HEXFlow Launcher,2325,11/29/2020, 17:07:47,587
HXFL00001,HEXFlow Launcher,2330,11/29/2020, 18:08:35,587
HXFL00001,HEXFlow Launcher,2332,11/29/2020, 19:07:24,587
HXFL00001,HEXFlow Launcher,2334,11/29/2020, 20:08:45,587
HXFL00001,HEXFlow Launcher,2336,11/29/2020, 21:07:36,587
HXFL00001,HEXFlow Launcher,2340,11/29/2020, 22:10:03,587
HXFL00001,HEXFlow Launcher,2342,11/29/2020, 23:08:41,587
HXFL00001,HEXFlow Launcher,2344,11/30/2020, 00:24:37,587
HXFL00001,HEXFlow Launcher,2345,11/30/2020, 01:26:33,587
HXFL00001,HEXFlow Launcher,2346,11/30/2020, 02:10:46,587
HXFL00001,HEXFlow Launcher,2348,11/30/2020, 03:08:58,587
HXFL00001,HEXFlow Launcher,2350,11/30/2020, 04:11:32,587
HXFL00001,HEXFlow Launcher,2351,11/30/2020, 05:08:52,587
HXFL00001,HEXFlow Launcher,2352,11/30/2020, 06:10:24,587
HXFL00001,HEXFlow Launcher,2353,11/30/2020, 07:09:10,587
HXFL00001,HEXFlow Launcher,2354,11/30/2020, 08:11:31,587
HXFL00001,HEXFlow Launcher,2354,11/30/2020, 09:09:18,587
HXFL00001,HEXFlow Launcher,2357,11/30/2020, 10:10:04,587
HXFL00001,HEXFlow Launcher,2357,11/30/2020, 11:08:34,587
HXFL00001,HEXFlow Launcher,2358,11/30/2020, 12:12:19,587
HXFL00001,HEXFlow Launcher,2359,11/30/2020, 13:08:38,587
HXFL00001,HEXFlow Launcher,2359,11/30/2020, 14:10:40,587
HXFL00001,HEXFlow Launcher,2362,11/30/2020, 15:11:08,587
HXFL00001,HEXFlow Launcher,2363,11/30/2020, 16:14:42,587
HXFL00001,HEXFlow Launcher,2365,11/30/2020, 17:15:28,587
HXFL00001,HEXFlow Launcher,2365,11/30/2020, 18:09:30,587
HXFL00001,HEXFlow Launcher,2368,11/30/2020, 19:07:32,587
HXFL00001,HEXFlow Launcher,2370,11/30/2020, 20:09:35,587
HXFL00001,HEXFlow Launcher,2371,11/30/2020, 21:07:47,587
HXFL00001,HEXFlow Launcher,2375,11/30/2020, 22:10:37,587
HXFL00001,HEXFlow Launcher,2375,11/30/2020, 23:08:44,587
HXFL00001,HEXFlow Launcher,2378,12/01/2020, 00:25:09,587
HXFL00001,HEXFlow Launcher,2379,12/01/2020, 01:27:32,587
HXFL00001,HEXFlow Launcher,2379,12/01/2020, 02:10:24,587
HXFL00001,HEXFlow Launcher,2379,12/01/2020, 03:09:23,587
HXFL00001,HEXFlow Launcher,2379,12/01/2020, 04:11:34,587
HXFL00001,HEXFlow Launcher,2382,12/01/2020, 05:08:54,587
HXFL00001,HEXFlow Launcher,2384,12/01/2020, 06:10:43,587
HXFL00001,HEXFlow Launcher,2385,12/01/2020, 07:09:16,587
HXFL00001,HEXFlow Launcher,2385,12/01/2020, 08:11:34,587
HXFL00001,HEXFlow Launcher,2385,12/01/2020, 09:09:44,587
HXFL00001,HEXFlow Launcher,2388,12/01/2020, 10:10:06,587
HXFL00001,HEXFlow Launcher,2389,12/01/2020, 11:08:40,587
HXFL00001,HEXFlow Launcher,2391,12/01/2020, 12:12:31,587
HXFL00001,HEXFlow Launcher,2393,12/01/2020, 13:09:01,587
HXFL00001,HEXFlow Launcher,2395,12/01/2020, 14:11:24,587
HXFL00001,HEXFlow Launcher,2395,12/01/2020, 15:11:30,587
HXFL00001,HEXFlow Launcher,2395,12/01/2020, 16:16:04,587
HXFL00001,HEXFlow Launcher,2396,12/01/2020, 17:23:22,587
HXFL00001,HEXFlow Launcher,2407,12/01/2020, 20:32:39,587
HXFL00001,HEXFlow Launcher,2408,12/01/2020, 21:20:56,587
HXFL00001,HEXFlow Launcher,2410,12/01/2020, 22:10:54,587
HXFL00001,HEXFlow Launcher,2412,12/01/2020, 23:09:07,587
HXFL00001,HEXFlow Launcher,2414,12/02/2020, 00:24:45,587
HXFL00001,HEXFlow Launcher,2415,12/02/2020, 01:27:08,587
HXFL00001,HEXFlow Launcher,2415,12/02/2020, 02:09:50,587
HXFL00001,HEXFlow Launcher,2416,12/02/2020, 03:09:32,587
HXFL00001,HEXFlow Launcher,2419,12/02/2020, 04:11:53,587
HXFL00001,HEXFlow Launcher,2421,12/02/2020, 05:08:50,587
HXFL00001,HEXFlow Launcher,2423,12/02/2020, 06:10:33,587
HXFL00001,HEXFlow Launcher,2423,12/02/2020, 07:09:19,587
HXFL00001,HEXFlow Launcher,2424,12/02/2020, 08:11:31,587
HXFL00001,HEXFlow Launcher,2426,12/02/2020, 09:09:53,587
HXFL00001,HEXFlow Launcher,2427,12/02/2020, 10:10:28,587
HXFL00001,HEXFlow Launcher,2428,12/02/2020, 11:08:49,587
HXFL00001,HEXFlow Launcher,2430,12/02/2020, 12:12:35,587
HXFL00001,HEXFlow Launcher,2432,12/02/2020, 13:09:25,587
HXFL00001,HEXFlow Launcher,2433,12/02/2020, 14:10:32,587
HXFL00001,HEXFlow Launcher,2433,12/02/2020, 15:11:56,587
HXFL00001,HEXFlow Launcher,2435,12/02/2020, 16:19:50,587
HXFL00001,HEXFlow Launcher,2436,12/02/2020, 17:13:13,587
HXFL00001,HEXFlow Launcher,2439,12/02/2020, 18:09:18,587
HXFL00001,HEXFlow Launcher,2441,12/02/2020, 19:07:38,587
HXFL00001,HEXFlow Launcher,2441,12/02/2020, 20:09:29,587
HXFL00001,HEXFlow Launcher,2442,12/02/2020, 21:06:34,587
HXFL00001,HEXFlow Launcher,2447,12/02/2020, 22:10:38,587
HXFL00001,HEXFlow Launcher,2450,12/02/2020, 23:09:00,587
HXFL00001,HEXFlow Launcher,2454,12/03/2020, 00:24:30,587
HXFL00001,HEXFlow Launcher,2455,12/03/2020, 01:27:05,587
HXFL00001,HEXFlow Launcher,2455,12/03/2020, 02:10:37,587
HXFL00001,HEXFlow Launcher,2456,12/03/2020, 03:09:19,587
HXFL00001,HEXFlow Launcher,2457,12/03/2020, 04:11:43,587
HXFL00001,HEXFlow Launcher,2457,12/03/2020, 05:09:21,587
HXFL00001,HEXFlow Launcher,2458,12/03/2020, 06:10:14,587
HXFL00001,HEXFlow Launcher,2459,12/03/2020, 07:09:31,587
HXFL00001,HEXFlow Launcher,2464,12/03/2020, 08:11:29,587
HXFL00001,HEXFlow Launcher,2466,12/03/2020, 09:09:20,587
HXFL00001,HEXFlow Launcher,2467,12/03/2020, 10:09:53,587
HXFL00001,HEXFlow Launcher,2467,12/03/2020, 11:08:47,587
HXFL00001,HEXFlow Launcher,2468,12/03/2020, 12:12:33,587
HXFL00001,HEXFlow Launcher,2469,12/03/2020, 13:08:59,587
HXFL00001,HEXFlow Launcher,2469,12/03/2020, 14:09:58,587
HXFL00001,HEXFlow Launcher,2470,12/03/2020, 15:09:05,587
HXFL00001,HEXFlow Launcher,2471,12/03/2020, 16:14:18,587
HXFL00001,HEXFlow Launcher,2474,12/03/2020, 17:10:38,587
HXFL00001,HEXFlow Launcher,2475,12/03/2020, 18:09:59,587
HXFL00001,HEXFlow Launcher,2477,12/03/2020, 19:08:05,587
HXFL00001,HEXFlow Launcher,2477,12/03/2020, 20:09:14,587
HXFL00001,HEXFlow Launcher,2478,12/03/2020, 21:08:24,587
HXFL00001,HEXFlow Launcher,2479,12/03/2020, 22:11:07,587
HXFL00001,HEXFlow Launcher,2483,12/03/2020, 23:09:44,587
HXFL00001,HEXFlow Launcher,2486,12/04/2020, 00:24:44,587
HXFL00001,HEXFlow Launcher,2487,12/04/2020, 01:28:40,587
HXFL00001,HEXFlow Launcher,2487,12/04/2020, 02:10:27,587
HXFL00001,HEXFlow Launcher,2489,12/04/2020, 03:09:41,587
HXFL00001,HEXFlow Launcher,2490,12/04/2020, 04:12:00,587
HXFL00001,HEXFlow Launcher,2490,12/04/2020, 05:09:54,587
HXFL00001,HEXFlow Launcher,2490,12/04/2020, 06:11:10,587
HXFL00001,HEXFlow Launcher,2494,12/04/2020, 07:12:48,587
HXFL00001,HEXFlow Launcher,2496,12/04/2020, 08:13:26,587
HXFL00001,HEXFlow Launcher,2497,12/04/2020, 09:12:10,587
HXFL00001,HEXFlow Launcher,2498,12/04/2020, 10:11:02,587
HXFL00001,HEXFlow Launcher,2500,12/04/2020, 11:09:12,587
HXFL00001,HEXFlow Launcher,2502,12/04/2020, 12:13:32,587
HXFL00001,HEXFlow Launcher,2502,12/04/2020, 13:09:30,587
HXFL00001,HEXFlow Launcher,2503,12/04/2020, 14:10:40,587
HXFL00001,HEXFlow Launcher,2503,12/04/2020, 15:09:29,587
HXFL00001,HEXFlow Launcher,2505,12/04/2020, 16:14:12,587
HXFL00001,HEXFlow Launcher,2506,12/04/2020, 17:25:55,587
HXFL00001,HEXFlow Launcher,2508,12/04/2020, 18:09:48,587
HXFL00001,HEXFlow Launcher,2509,12/04/2020, 19:08:02,587
HXFL00001,HEXFlow Launcher,2512,12/04/2020, 20:09:34,587
HXFL00001,HEXFlow Launcher,2513,12/04/2020, 21:08:58,587
HXFL00001,HEXFlow Launcher,2514,12/04/2020, 22:11:21,587
HXFL00001,HEXFlow Launcher,2515,12/04/2020, 23:09:41,587
HXFL00001,HEXFlow Launcher,2519,12/05/2020, 00:25:05,587
HXFL00001,HEXFlow Launcher,2523,12/05/2020, 01:29:46,587
HXFL00001,HEXFlow Launcher,2524,12/05/2020, 02:11:03,587
HXFL00001,HEXFlow Launcher,2527,12/05/2020, 03:09:54,587
HXFL00001,HEXFlow Launcher,2528,12/05/2020, 04:11:53,587
HXFL00001,HEXFlow Launcher,2528,12/05/2020, 05:09:53,587
HXFL00001,HEXFlow Launcher,2530,12/05/2020, 06:11:13,587
HXFL00001,HEXFlow Launcher,2532,12/05/2020, 07:10:06,587
HXFL00001,HEXFlow Launcher,2533,12/05/2020, 08:11:04,587
HXFL00001,HEXFlow Launcher,2538,12/05/2020, 09:10:20,587
HXFL00001,HEXFlow Launcher,2540,12/05/2020, 10:10:40,587
HXFL00001,HEXFlow Launcher,2541,12/05/2020, 11:09:22,587
HXFL00001,HEXFlow Launcher,2544,12/05/2020, 12:12:22,587
HXFL00001,HEXFlow Launcher,2544,12/05/2020, 13:09:20,587
HXFL00001,HEXFlow Launcher,2546,12/05/2020, 14:10:47,587
HXFL00001,HEXFlow Launcher,2551,12/05/2020, 15:09:09,587
HXFL00001,HEXFlow Launcher,2553,12/05/2020, 16:13:42,587
HXFL00001,HEXFlow Launcher,2553,12/05/2020, 17:10:05,587
HXFL00001,HEXFlow Launcher,2553,12/05/2020, 18:09:40,587
HXFL00001,HEXFlow Launcher,2556,12/05/2020, 19:07:55,587
HXFL00001,HEXFlow Launcher,2559,12/05/2020, 20:09:03,587
HXFL00001,HEXFlow Launcher,2561,12/05/2020, 21:08:18,587
HXFL00001,HEXFlow Launcher,2562,12/05/2020, 22:11:31,587
HXFL00001,HEXFlow Launcher,2564,12/05/2020, 23:09:45,587
HXFL00001,HEXFlow Launcher,2569,12/06/2020, 00:26:43,587
HXFL00001,HEXFlow Launcher,2576,12/06/2020, 01:32:59,587
HXFL00001,HEXFlow Launcher,2578,12/06/2020, 02:13:36,587
HXFL00001,HEXFlow Launcher,2578,12/06/2020, 03:12:00,587
HXFL00001,HEXFlow Launcher,2580,12/06/2020, 04:12:03,587
HXFL00001,HEXFlow Launcher,2581,12/06/2020, 05:09:44,587
HXFL00001,HEXFlow Launcher,2582,12/06/2020, 06:11:39,587
HXFL00001,HEXFlow Launcher,2585,12/06/2020, 07:09:53,587
HXFL00001,HEXFlow Launcher,2587,12/06/2020, 08:11:27,587
HXFL00001,HEXFlow Launcher,2589,12/06/2020, 09:10:08,587
HXFL00001,HEXFlow Launcher,2590,12/06/2020, 10:10:59,587
HXFL00001,HEXFlow Launcher,2591,12/06/2020, 11:09:16,587
HXFL00001,HEXFlow Launcher,2593,12/06/2020, 12:12:32,587
HXFL00001,HEXFlow Launcher,2594,12/06/2020, 13:09:14,587
HXFL00001,HEXFlow Launcher,2594,12/06/2020, 14:10:36,587
HXFL00001,HEXFlow Launcher,2597,12/06/2020, 15:09:18,587
HXFL00001,HEXFlow Launcher,2602,12/06/2020, 16:14:11,587
HXFL00001,HEXFlow Launcher,2605,12/06/2020, 17:11:27,587
HXFL00001,HEXFlow Launcher,2607,12/06/2020, 18:10:11,587
HXFL00001,HEXFlow Launcher,2610,12/06/2020, 19:08:14,587
HXFL00001,HEXFlow Launcher,2611,12/06/2020, 20:09:30,587
HXFL00001,HEXFlow Launcher,2613,12/06/2020, 21:08:41,587
HXFL00001,HEXFlow Launcher,2615,12/06/2020, 22:11:31,587
HXFL00001,HEXFlow Launcher,2617,12/06/2020, 23:10:16,587
HXFL00001,HEXFlow Launcher,2622,12/07/2020, 00:26:14,587
HXFL00001,HEXFlow Launcher,2628,12/07/2020, 01:32:51,587
HXFL00001,HEXFlow Launcher,2628,12/07/2020, 02:14:18,587
HXFL00001,HEXFlow Launcher,2628,12/07/2020, 03:10:27,587
HXFL00001,HEXFlow Launcher,2630,12/07/2020, 04:12:39,587
HXFL00001,HEXFlow Launcher,2632,12/07/2020, 05:10:08,587
HXFL00001,HEXFlow Launcher,2634,12/07/2020, 06:11:57,587
HXFL00001,HEXFlow Launcher,2635,12/07/2020, 07:10:20,587
HXFL00001,HEXFlow Launcher,2636,12/07/2020, 08:11:52,587
HXFL00001,HEXFlow Launcher,2637,12/07/2020, 09:10:17,587
HXFL00001,HEXFlow Launcher,2637,12/07/2020, 10:10:57,587
HXFL00001,HEXFlow Launcher,2638,12/07/2020, 11:09:45,587
HXFL00001,HEXFlow Launcher,2639,12/07/2020, 12:13:16,587
HXFL00001,HEXFlow Launcher,2640,12/07/2020, 13:09:37,587
HXFL00001,HEXFlow Launcher,2641,12/07/2020, 14:11:05,587
HXFL00001,HEXFlow Launcher,2643,12/07/2020, 15:10:28,587
HXFL00001,HEXFlow Launcher,2644,12/07/2020, 16:14:54,587
HXFL00001,HEXFlow Launcher,2646,12/07/2020, 17:13:17,587
HXFL00001,HEXFlow Launcher,2647,12/07/2020, 18:10:24,587
HXFL00001,HEXFlow Launcher,2647,12/07/2020, 19:09:17,587
HXFL00001,HEXFlow Launcher,2648,12/07/2020, 20:09:40,587
HXFL00001,HEXFlow Launcher,2649,12/07/2020, 21:09:04,587
HXFL00001,HEXFlow Launcher,2649,12/07/2020, 22:11:41,587
HXFL00001,HEXFlow Launcher,2652,12/07/2020, 23:10:23,587
HXFL00001,HEXFlow Launcher,2654,12/08/2020, 00:25:54,587
HXFL00001,HEXFlow Launcher,2656,12/08/2020, 01:32:49,587
HXFL00001,HEXFlow Launcher,2658,12/08/2020, 02:14:53,587
HXFL00001,HEXFlow Launcher,2658,12/08/2020, 03:10:55,587
HXFL00001,HEXFlow Launcher,2658,12/08/2020, 04:12:20,587
HXFL00001,HEXFlow Launcher,2658,12/08/2020, 05:10:15,587
HXFL00001,HEXFlow Launcher,2661,12/08/2020, 06:11:56,587
HXFL00001,HEXFlow Launcher,2663,12/08/2020, 07:10:29,587
HXFL00001,HEXFlow Launcher,2664,12/08/2020, 08:12:10,587
HXFL00001,HEXFlow Launcher,2664,12/08/2020, 09:10:35,587
HXFL00001,HEXFlow Launcher,2665,12/08/2020, 10:11:07,587
HXFL00001,HEXFlow Launcher,2665,12/08/2020, 11:10:04,587
HXFL00001,HEXFlow Launcher,2665,12/08/2020, 12:13:30,587
HXFL00001,HEXFlow Launcher,2666,12/08/2020, 13:09:54,587
HXFL00001,HEXFlow Launcher,2668,12/08/2020, 14:11:21,587
HXFL00001,HEXFlow Launcher,2668,12/08/2020, 15:09:49,587
HXFL00001,HEXFlow Launcher,2668,12/08/2020, 16:15:01,587
HXFL00001,HEXFlow Launcher,2668,12/08/2020, 17:13:46,587
HXFL00001,HEXFlow Launcher,2673,12/08/2020, 18:10:25,587
HXFL00001,HEXFlow Launcher,2673,12/08/2020, 19:08:53,587
HXFL00001,HEXFlow Launcher,2675,12/08/2020, 20:09:41,587
HXFL00001,HEXFlow Launcher,2676,12/08/2020, 21:09:08,587
HXFL00001,HEXFlow Launcher,2676,12/08/2020, 22:11:57,587
HXFL00001,HEXFlow Launcher,2677,12/08/2020, 23:10:26,587
HXFL00001,HEXFlow Launcher,2679,12/09/2020, 00:26:22,587
HXFL00001,HEXFlow Launcher,2681,12/09/2020, 01:33:54,587
HXFL00001,HEXFlow Launcher,2683,12/09/2020, 02:15:43,587
HXFL00001,HEXFlow Launcher,2684,12/09/2020, 03:10:39,587
HXFL00001,HEXFlow Launcher,2684,12/09/2020, 04:12:34,587
HXFL00001,HEXFlow Launcher,2686,12/09/2020, 05:10:06,587
HXFL00001,HEXFlow Launcher,2688,12/09/2020, 06:11:55,587
HXFL00001,HEXFlow Launcher,2690,12/09/2020, 07:10:27,587
HXFL00001,HEXFlow Launcher,2693,12/09/2020, 08:11:59,587
HXFL00001,HEXFlow Launcher,2693,12/09/2020, 09:11:20,587
HXFL00001,HEXFlow Launcher,2693,12/09/2020, 10:11:16,587
HXFL00001,HEXFlow Launcher,2694,12/09/2020, 11:10:19,587
HXFL00001,HEXFlow Launcher,2694,12/09/2020, 12:13:28,587
HXFL00001,HEXFlow Launcher,2694,12/09/2020, 13:10:28,587
HXFL00001,HEXFlow Launcher,2697,12/09/2020, 14:11:22,587
HXFL00001,HEXFlow Launcher,2697,12/09/2020, 15:10:20,587
HXFL00001,HEXFlow Launcher,2699,12/09/2020, 16:14:44,587
HXFL00001,HEXFlow Launcher,2699,12/09/2020, 17:10:39,587
HXFL00001,HEXFlow Launcher,2700,12/09/2020, 18:10:28,587
HXFL00001,HEXFlow Launcher,2700,12/09/2020, 19:08:58,587
HXFL00001,HEXFlow Launcher,2702,12/09/2020, 20:09:58,587
HXFL00001,HEXFlow Launcher,2705,12/09/2020, 21:09:08,587
HXFL00001,HEXFlow Launcher,2707,12/09/2020, 22:11:49,587
HXFL00001,HEXFlow Launcher,2707,12/09/2020, 23:10:06,587
HXFL00001,HEXFlow Launcher,2710,12/10/2020, 00:26:33,587
HXFL00001,HEXFlow Launcher,2711,12/10/2020, 01:36:36,587
HXFL00001,HEXFlow Launcher,2713,12/10/2020, 02:18:31,587
HXFL00001,HEXFlow Launcher,2715,12/10/2020, 03:10:35,587
HXFL00001,HEXFlow Launcher,2716,12/10/2020, 04:12:32,587
HXFL00001,HEXFlow Launcher,2716,12/10/2020, 05:09:58,587
HXFL00001,HEXFlow Launcher,2716,12/10/2020, 06:11:58,587
HXFL00001,HEXFlow Launcher,2717,12/10/2020, 07:10:30,587
HXFL00001,HEXFlow Launcher,2718,12/10/2020, 08:11:45,587
HXFL00001,HEXFlow Launcher,2723,12/10/2020, 09:10:43,587
HXFL00001,HEXFlow Launcher,2723,12/10/2020, 10:11:36,587
HXFL00001,HEXFlow Launcher,2724,12/10/2020, 11:10:11,587
HXFL00001,HEXFlow Launcher,2725,12/10/2020, 12:13:39,587
HXFL00001,HEXFlow Launcher,2727,12/10/2020, 13:09:32,587
HXFL00001,HEXFlow Launcher,2728,12/10/2020, 14:11:25,587
HXFL00001,HEXFlow Launcher,2728,12/10/2020, 15:10:24,587
HXFL00001,HEXFlow Launcher,2730,12/10/2020, 16:14:40,587
HXFL00001,HEXFlow Launcher,2731,12/10/2020, 17:16:37,587
HXFL00001,HEXFlow Launcher,2732,12/10/2020, 18:10:23,587
HXFL00001,HEXFlow Launcher,2733,12/10/2020, 19:08:57,587
HXFL00001,HEXFlow Launcher,2734,12/10/2020, 20:10:08,587
HXFL00001,HEXFlow Launcher,2736,12/10/2020, 21:08:59,587
HXFL00001,HEXFlow Launcher,2741,12/10/2020, 22:12:31,587
HXFL00001,HEXFlow Launcher,2741,12/10/2020, 23:10:25,587
HXFL00001,HEXFlow Launcher,2742,12/11/2020, 00:26:50,587
HXFL00001,HEXFlow Launcher,2744,12/11/2020, 01:37:18,587
HXFL00001,HEXFlow Launcher,2745,12/11/2020, 02:18:36,587
HXFL00001,HEXFlow Launcher,2745,12/11/2020, 03:10:45,587
HXFL00001,HEXFlow Launcher,2746,12/11/2020, 04:12:37,587
HXFL00001,HEXFlow Launcher,2747,12/11/2020, 05:10:14,587
HXFL00001,HEXFlow Launcher,2749,12/11/2020, 06:11:41,587
HXFL00001,HEXFlow Launcher,2752,12/11/2020, 07:10:06,587
HXFL00001,HEXFlow Launcher,2752,12/11/2020, 08:12:47,587
HXFL00001,HEXFlow Launcher,2753,12/11/2020, 09:10:29,587
HXFL00001,HEXFlow Launcher,2753,12/11/2020, 10:11:55,587
HXFL00001,HEXFlow Launcher,2753,12/11/2020, 11:10:19,587
HXFL00001,HEXFlow Launcher,2755,12/11/2020, 12:13:40,587
HXFL00001,HEXFlow Launcher,2758,12/11/2020, 13:09:51,587
HXFL00001,HEXFlow Launcher,2759,12/11/2020, 14:11:36,587
HXFL00001,HEXFlow Launcher,2759,12/11/2020, 15:10:22,587
HXFL00001,HEXFlow Launcher,2760,12/11/2020, 16:14:48,587
HXFL00001,HEXFlow Launcher,2760,12/11/2020, 17:17:03,587
HXFL00001,HEXFlow Launcher,2761,12/11/2020, 18:10:23,587
HXFL00001,HEXFlow Launcher,2761,12/11/2020, 19:08:35,587
HXFL00001,HEXFlow Launcher,2765,12/11/2020, 20:10:23,587
HXFL00001,HEXFlow Launcher,2768,12/11/2020, 21:09:12,587
HXFL00001,HEXFlow Launcher,2769,12/11/2020, 22:11:44,587
HXFL00001,HEXFlow Launcher,2769,12/11/2020, 23:10:34,587
HXFL00001,HEXFlow Launcher,2772,12/12/2020, 00:26:46,587
HXFL00001,HEXFlow Launcher,2773,12/12/2020, 01:37:33,587
HXFL00001,HEXFlow Launcher,2773,12/12/2020, 02:18:23,587
HXFL00001,HEXFlow Launcher,2777,12/12/2020, 03:11:04,587
HXFL00001,HEXFlow Launcher,2780,12/12/2020, 04:12:53,587
HXFL00001,HEXFlow Launcher,2783,12/12/2020, 05:09:51,587
HXFL00001,HEXFlow Launcher,2785,12/12/2020, 06:11:54,587
HXFL00001,HEXFlow Launcher,2787,12/12/2020, 07:10:22,587
HXFL00001,HEXFlow Launcher,2787,12/12/2020, 08:12:11,587
HXFL00001,HEXFlow Launcher,2789,12/12/2020, 09:11:22,587
HXFL00001,HEXFlow Launcher,2793,12/12/2020, 10:11:42,587
HXFL00001,HEXFlow Launcher,2793,12/12/2020, 11:10:27,587
HXFL00001,HEXFlow Launcher,2797,12/12/2020, 12:13:19,587
HXFL00001,HEXFlow Launcher,2798,12/12/2020, 13:09:29,587
HXFL00001,HEXFlow Launcher,2801,12/12/2020, 14:11:09,587
HXFL00001,HEXFlow Launcher,2801,12/12/2020, 15:10:01,587
HXFL00001,HEXFlow Launcher,2801,12/12/2020, 16:15:01,587
HXFL00001,HEXFlow Launcher,2802,12/12/2020, 17:16:55,587
HXFL00001,HEXFlow Launcher,2803,12/12/2020, 18:10:34,587
HXFL00001,HEXFlow Launcher,2805,12/12/2020, 19:08:43,587
HXFL00001,HEXFlow Launcher,2805,12/12/2020, 20:10:09,587
HXFL00001,HEXFlow Launcher,2808,12/12/2020, 21:08:40,587
HXFL00001,HEXFlow Launcher,2810,12/12/2020, 22:11:55,587
HXFL00001,HEXFlow Launcher,2811,12/12/2020, 23:10:15,587
HXFL00001,HEXFlow Launcher,2812,12/13/2020, 00:28:14,587
HXFL00001,HEXFlow Launcher,2813,12/13/2020, 01:41:34,587
HXFL00001,HEXFlow Launcher,2813,12/13/2020, 02:18:53,587
HXFL00001,HEXFlow Launcher,2816,12/13/2020, 03:11:24,587
HXFL00001,HEXFlow Launcher,2816,12/13/2020, 04:12:35,587
HXFL00001,HEXFlow Launcher,2818,12/13/2020, 05:10:52,587
HXFL00001,HEXFlow Launcher,2820,12/13/2020, 06:11:54,587
HXFL00001,HEXFlow Launcher,2821,12/13/2020, 07:10:03,587
HXFL00001,HEXFlow Launcher,2821,12/13/2020, 08:12:04,587
HXFL00001,HEXFlow Launcher,2823,12/13/2020, 09:10:35,587
HXFL00001,HEXFlow Launcher,2824,12/13/2020, 10:11:45,587
HXFL00001,HEXFlow Launcher,2825,12/13/2020, 11:10:37,587
HXFL00001,HEXFlow Launcher,2827,12/13/2020, 12:13:22,587
HXFL00001,HEXFlow Launcher,2827,12/13/2020, 13:09:50,587
HXFL00001,HEXFlow Launcher,2828,12/13/2020, 14:11:26,587
HXFL00001,HEXFlow Launcher,2831,12/13/2020, 15:10:05,587
HXFL00001,HEXFlow Launcher,2835,12/13/2020, 16:15:02,587
HXFL00001,HEXFlow Launcher,2836,12/13/2020, 17:18:33,587
HXFL00001,HEXFlow Launcher,2836,12/13/2020, 18:10:15,587
HXFL00001,HEXFlow Launcher,2837,12/13/2020, 19:08:24,587
HXFL00001,HEXFlow Launcher,2838,12/13/2020, 20:10:07,587
HXFL00001,HEXFlow Launcher,2838,12/13/2020, 21:09:18,587
HXFL00001,HEXFlow Launcher,2840,12/13/2020, 22:11:40,587
HXFL00001,HEXFlow Launcher,2841,12/13/2020, 23:10:28,587
HXFL00001,HEXFlow Launcher,2842,12/14/2020, 00:27:29,587
HXFL00001,HEXFlow Launcher,2846,12/14/2020, 01:41:30,587
HXFL00001,HEXFlow Launcher,2847,12/14/2020, 02:20:19,587
HXFL00001,HEXFlow Launcher,2848,12/14/2020, 03:10:56,587
HXFL00001,HEXFlow Launcher,2848,12/14/2020, 04:12:49,587
HXFL00001,HEXFlow Launcher,2850,12/14/2020, 05:10:02,587
HXFL00001,HEXFlow Launcher,2853,12/14/2020, 06:12:18,587
HXFL00001,HEXFlow Launcher,2854,12/14/2020, 07:10:18,587
HXFL00001,HEXFlow Launcher,2855,12/14/2020, 08:12:59,587
HXFL00001,HEXFlow Launcher,2857,12/14/2020, 09:10:55,587
HXFL00001,HEXFlow Launcher,2858,12/14/2020, 10:12:02,587
HXFL00001,HEXFlow Launcher,2858,12/14/2020, 11:10:24,587
HXFL00001,HEXFlow Launcher,2860,12/14/2020, 12:14:07,587
HXFL00001,HEXFlow Launcher,2860,12/14/2020, 13:11:59,587
HXFL00001,HEXFlow Launcher,2861,12/14/2020, 14:11:56,587
HXFL00001,HEXFlow Launcher,2861,12/14/2020, 15:10:53,587
HXFL00001,HEXFlow Launcher,2862,12/14/2020, 16:12:48,587
HXFL00001,HEXFlow Launcher,2864,12/14/2020, 17:18:41,587
HXFL00001,HEXFlow Launcher,2865,12/14/2020, 18:09:18,587
HXFL00001,HEXFlow Launcher,2867,12/14/2020, 19:08:38,587
HXFL00001,HEXFlow Launcher,2871,12/14/2020, 20:10:26,587
HXFL00001,HEXFlow Launcher,2873,12/14/2020, 21:09:19,587
HXFL00001,HEXFlow Launcher,2874,12/14/2020, 22:12:03,587
HXFL00001,HEXFlow Launcher,2874,12/14/2020, 23:10:45,587
HXFL00001,HEXFlow Launcher,2890,12/15/2020, 09:11:04,587
HXFL00001,HEXFlow Launcher,2891,12/15/2020, 10:11:37,587
HXFL00001,HEXFlow Launcher,2892,12/15/2020, 11:10:21,587
HXFL00001,HEXFlow Launcher,2893,12/15/2020, 12:14:06,587
HXFL00001,HEXFlow Launcher,2894,12/15/2020, 13:11:58,587
HXFL00001,HEXFlow Launcher,2895,12/15/2020, 14:11:59,587
HXFL00001,HEXFlow Launcher,2895,12/15/2020, 15:10:52,587
HXFL00001,HEXFlow Launcher,2895,12/15/2020, 16:15:29,587
HXFL00001,HEXFlow Launcher,2895,12/15/2020, 17:22:03,587
HXFL00001,HEXFlow Launcher,2897,12/15/2020, 18:10:36,587
HXFL00001,HEXFlow Launcher,2898,12/15/2020, 19:08:33,587
HXFL00001,HEXFlow Launcher,2900,12/15/2020, 20:10:21,587
HXFL00001,HEXFlow Launcher,2902,12/15/2020, 21:09:27,587
HXFL00001,HEXFlow Launcher,2906,12/15/2020, 22:11:29,587
HXFL00001,HEXFlow Launcher,2908,12/15/2020, 23:10:47,587
HXFL00001,HEXFlow Launcher,2908,12/16/2020, 00:27:00,587
HXFL00001,HEXFlow Launcher,2912,12/16/2020, 01:42:14,587
HXFL00001,HEXFlow Launcher,2916,12/16/2020, 02:21:54,587
HXFL00001,HEXFlow Launcher,2919,12/16/2020, 03:10:42,587
HXFL00001,HEXFlow Launcher,2919,12/16/2020, 04:12:54,587
HXFL00001,HEXFlow Launcher,2919,12/16/2020, 05:10:11,587
HXFL00001,HEXFlow Launcher,2923,12/16/2020, 06:12:24,587
HXFL00001,HEXFlow Launcher,2923,12/16/2020, 07:10:38,587
HXFL00001,HEXFlow Launcher,2926,12/16/2020, 08:12:33,587
HXFL00001,HEXFlow Launcher,2928,12/16/2020, 09:10:49,587
HXFL00001,HEXFlow Launcher,2928,12/16/2020, 10:11:42,587
HXFL00001,HEXFlow Launcher,2928,12/16/2020, 11:10:24,587
HXFL00001,HEXFlow Launcher,2929,12/16/2020, 12:14:10,587
HXFL00001,HEXFlow Launcher,2929,12/16/2020, 13:12:25,587
HXFL00001,HEXFlow Launcher,2929,12/16/2020, 14:12:03,587
HXFL00001,HEXFlow Launcher,2929,12/16/2020, 15:10:56,587
HXFL00001,HEXFlow Launcher,2929,12/16/2020, 16:15:58,587
HXFL00001,HEXFlow Launcher,2932,12/16/2020, 17:32:49,587
HXFL00001,HEXFlow Launcher,2932,12/16/2020, 18:10:16,587
HXFL00001,HEXFlow Launcher,2936,12/16/2020, 19:09:14,587
HXFL00001,HEXFlow Launcher,2936,12/16/2020, 20:10:39,587
HXFL00001,HEXFlow Launcher,2938,12/16/2020, 21:09:58,587
HXFL00001,HEXFlow Launcher,2943,12/16/2020, 22:12:49,587
HXFL00001,HEXFlow Launcher,2945,12/16/2020, 23:12:18,587
HXFL00001,HEXFlow Launcher,2946,12/17/2020, 00:29:18,587
HXFL00001,HEXFlow Launcher,2948,12/17/2020, 01:44:25,587
HXFL00001,HEXFlow Launcher,2948,12/17/2020, 02:22:29,587
HXFL00001,HEXFlow Launcher,2949,12/17/2020, 03:10:46,587
HXFL00001,HEXFlow Launcher,2950,12/17/2020, 04:12:51,587
HXFL00001,HEXFlow Launcher,2952,12/17/2020, 05:10:15,587
HXFL00001,HEXFlow Launcher,2952,12/17/2020, 06:12:34,587
HXFL00001,HEXFlow Launcher,2953,12/17/2020, 07:11:31,587
HXFL00001,HEXFlow Launcher,2955,12/17/2020, 08:12:50,587
HXFL00001,HEXFlow Launcher,2956,12/17/2020, 09:10:52,587
HXFL00001,HEXFlow Launcher,2956,12/17/2020, 10:11:55,587
HXFL00001,HEXFlow Launcher,2957,12/17/2020, 11:10:25,587
HXFL00001,HEXFlow Launcher,2960,12/17/2020, 12:14:57,587
HXFL00001,HEXFlow Launcher,2960,12/17/2020, 13:14:19,587
HXFL00001,HEXFlow Launcher,2962,12/17/2020, 14:12:30,587
HXFL00001,HEXFlow Launcher,2963,12/17/2020, 15:10:57,587
HXFL00001,HEXFlow Launcher,2964,12/17/2020, 16:18:19,587
HXFL00001,HEXFlow Launcher,2964,12/17/2020, 17:27:37,587
HXFL00001,HEXFlow Launcher,2965,12/17/2020, 18:11:59,587
HXFL00001,HEXFlow Launcher,2967,12/17/2020, 19:09:55,587
HXFL00001,HEXFlow Launcher,2971,12/17/2020, 20:10:46,587
HXFL00001,HEXFlow Launcher,2972,12/17/2020, 21:10:03,587
HXFL00001,HEXFlow Launcher,2975,12/17/2020, 22:12:59,587
HXFL00001,HEXFlow Launcher,2978,12/17/2020, 23:11:58,587
HXFL00001,HEXFlow Launcher,2982,12/18/2020, 00:28:37,587
HXFL00001,HEXFlow Launcher,2983,12/18/2020, 01:46:25,587
HXFL00001,HEXFlow Launcher,2983,12/18/2020, 02:25:47,587
HXFL00001,HEXFlow Launcher,2987,12/18/2020, 03:13:41,587
HXFL00001,HEXFlow Launcher,2987,12/18/2020, 04:14:34,587
HXFL00001,HEXFlow Launcher,2989,12/18/2020, 05:14:01,587
HXFL00001,HEXFlow Launcher,2991,12/18/2020, 06:13:19,587
HXFL00001,HEXFlow Launcher,2992,12/18/2020, 07:14:07,587
HXFL00001,HEXFlow Launcher,2993,12/18/2020, 08:13:45,587
HXFL00001,HEXFlow Launcher,2996,12/18/2020, 09:13:22,587
HXFL00001,HEXFlow Launcher,2997,12/18/2020, 10:14:05,587
HXFL00001,HEXFlow Launcher,2997,12/18/2020, 11:12:25,587
HXFL00001,HEXFlow Launcher,2997,12/18/2020, 12:15:14,587
HXFL00001,HEXFlow Launcher,2997,12/18/2020, 13:18:05,587
HXFL00001,HEXFlow Launcher,2998,12/18/2020, 14:13:48,587
HXFL00001,HEXFlow Launcher,3000,12/18/2020, 15:12:31,587
HXFL00001,HEXFlow Launcher,3001,12/18/2020, 16:20:44,587
HXFL00001,HEXFlow Launcher,3005,12/18/2020, 17:31:52,587
HXFL00001,HEXFlow Launcher,3005,12/18/2020, 18:18:19,587
HXFL00001,HEXFlow Launcher,3006,12/18/2020, 19:15:07,587
HXFL00001,HEXFlow Launcher,3008,12/18/2020, 20:11:21,587
HXFL00001,HEXFlow Launcher,3011,12/18/2020, 21:09:52,587
HXFL00001,HEXFlow Launcher,3012,12/18/2020, 22:12:57,587
HXFL00001,HEXFlow Launcher,3012,12/18/2020, 23:12:00,587
HXFL00001,HEXFlow Launcher,3012,12/19/2020, 00:28:39,587
HXFL00001,HEXFlow Launcher,3013,12/19/2020, 01:45:51,587
HXFL00001,HEXFlow Launcher,3013,12/19/2020, 02:25:12,587
HXFL00001,HEXFlow Launcher,3014,12/19/2020, 03:13:15,587
HXFL00001,HEXFlow Launcher,3014,12/19/2020, 04:14:00,587
HXFL00001,HEXFlow Launcher,3014,12/19/2020, 05:13:10,587
HXFL00001,HEXFlow Launcher,3014,12/19/2020, 06:13:08,587
HXFL00001,HEXFlow Launcher,3014,12/19/2020, 07:13:45,587
HXFL00001,HEXFlow Launcher,3014,12/19/2020, 08:13:08,587
HXFL00001,HEXFlow Launcher,3015,12/19/2020, 09:12:18,587
HXFL00001,HEXFlow Launcher,3015,12/19/2020, 10:13:33,587
HXFL00001,HEXFlow Launcher,3015,12/19/2020, 11:11:41,587
HXFL00001,HEXFlow Launcher,3016,12/19/2020, 12:14:47,587
HXFL00001,HEXFlow Launcher,3016,12/19/2020, 13:16:26,587
HXFL00001,HEXFlow Launcher,3016,12/19/2020, 14:12:43,587
HXFL00001,HEXFlow Launcher,3017,12/19/2020, 15:11:03,587
HXFL00001,HEXFlow Launcher,3018,12/19/2020, 16:20:02,587
HXFL00001,HEXFlow Launcher,3020,12/19/2020, 17:30:32,587
HXFL00001,HEXFlow Launcher,3021,12/19/2020, 18:14:52,587
HXFL00001,HEXFlow Launcher,3021,12/19/2020, 19:10:41,587
HXFL00001,HEXFlow Launcher,3026,12/19/2020, 20:11:27,587
HXFL00001,HEXFlow Launcher,3027,12/19/2020, 21:09:26,587
HXFL00001,HEXFlow Launcher,3029,12/19/2020, 22:12:45,587
HXFL00001,HEXFlow Launcher,3030,12/19/2020, 23:10:28,587
HXFL00001,HEXFlow Launcher,3032,12/20/2020, 00:28:52,587
HXFL00001,HEXFlow Launcher,3033,12/20/2020, 01:47:26,587
HXFL00001,HEXFlow Launcher,3038,12/20/2020, 02:24:43,587
HXFL00001,HEXFlow Launcher,3038,12/20/2020, 03:11:43,587
HXFL00001,HEXFlow Launcher,3039,12/20/2020, 04:12:48,587
HXFL00001,HEXFlow Launcher,3039,12/20/2020, 05:10:29,587
HXFL00001,HEXFlow Launcher,3039,12/20/2020, 06:12:46,587
HXFL00001,HEXFlow Launcher,3039,12/20/2020, 07:11:29,587
HXFL00001,HEXFlow Launcher,3041,12/20/2020, 08:13:11,587
HXFL00001,HEXFlow Launcher,3042,12/20/2020, 09:11:13,587
HXFL00001,HEXFlow Launcher,3043,12/20/2020, 10:12:11,587
HXFL00001,HEXFlow Launcher,3043,12/20/2020, 11:10:56,587
HXFL00001,HEXFlow Launcher,3045,12/20/2020, 12:15:03,587
HXFL00001,HEXFlow Launcher,3046,12/20/2020, 13:15:36,587
HXFL00001,HEXFlow Launcher,3046,12/20/2020, 14:12:24,587
HXFL00001,HEXFlow Launcher,3046,12/20/2020, 15:10:46,587
HXFL00001,HEXFlow Launcher,3047,12/20/2020, 16:19:12,587
HXFL00001,HEXFlow Launcher,3048,12/20/2020, 17:30:12,587
HXFL00001,HEXFlow Launcher,3049,12/20/2020, 18:15:13,587
HXFL00001,HEXFlow Launcher,3052,12/20/2020, 19:12:13,587
HXFL00001,HEXFlow Launcher,3053,12/20/2020, 20:11:27,587
HXFL00001,HEXFlow Launcher,3056,12/20/2020, 21:10:08,587
HXFL00001,HEXFlow Launcher,3057,12/20/2020, 22:13:26,587
HXFL00001,HEXFlow Launcher,3060,12/20/2020, 23:14:12,587
HXFL00001,HEXFlow Launcher,3061,12/21/2020, 00:31:01,587
HXFL00001,HEXFlow Launcher,3061,12/21/2020, 01:51:35,587
HXFL00001,HEXFlow Launcher,3062,12/21/2020, 02:30:21,587
HXFL00001,HEXFlow Launcher,3062,12/21/2020, 03:16:49,587
HXFL00001,HEXFlow Launcher,3063,12/21/2020, 04:16:09,587
HXFL00001,HEXFlow Launcher,3065,12/21/2020, 05:14:49,587
HXFL00001,HEXFlow Launcher,3065,12/21/2020, 06:13:21,587
HXFL00001,HEXFlow Launcher,3065,12/21/2020, 07:15:33,587
HXFL00001,HEXFlow Launcher,3066,12/21/2020, 08:14:10,587
HXFL00001,HEXFlow Launcher,3066,12/21/2020, 09:14:51,587
HXFL00001,HEXFlow Launcher,3068,12/21/2020, 10:14:35,587
HXFL00001,HEXFlow Launcher,3069,12/21/2020, 11:12:46,587
HXFL00001,HEXFlow Launcher,3069,12/21/2020, 12:15:28,587
HXFL00001,HEXFlow Launcher,3069,12/21/2020, 13:19:57,587
HXFL00001,HEXFlow Launcher,3069,12/21/2020, 14:13:26,587
HXFL00001,HEXFlow Launcher,3069,12/21/2020, 15:12:17,587
HXFL00001,HEXFlow Launcher,3071,12/21/2020, 16:20:44,587
HXFL00001,HEXFlow Launcher,3073,12/21/2020, 17:33:45,587
HXFL00001,HEXFlow Launcher,3074,12/21/2020, 18:18:52,587
HXFL00001,HEXFlow Launcher,3074,12/21/2020, 19:15:53,587
HXFL00001,HEXFlow Launcher,3074,12/21/2020, 20:11:57,587
HXFL00001,HEXFlow Launcher,3078,12/21/2020, 21:11:18,587
HXFL00001,HEXFlow Launcher,3079,12/21/2020, 22:15:16,587
HXFL00001,HEXFlow Launcher,3080,12/21/2020, 23:17:27,587
HXFL00001,HEXFlow Launcher,3081,12/22/2020, 00:32:20,587
HXFL00001,HEXFlow Launcher,3082,12/22/2020, 01:54:09,587
HXFL00001,HEXFlow Launcher,3083,12/22/2020, 02:34:27,587
HXFL00001,HEXFlow Launcher,3085,12/22/2020, 03:20:05,587
HXFL00001,HEXFlow Launcher,3085,12/22/2020, 04:19:38,587
HXFL00001,HEXFlow Launcher,3087,12/22/2020, 05:18:09,587
HXFL00001,HEXFlow Launcher,3087,12/22/2020, 06:15:27,587
HXFL00001,HEXFlow Launcher,3087,12/22/2020, 07:20:18,587
HXFL00001,HEXFlow Launcher,3088,12/22/2020, 08:16:17,587
HXFL00001,HEXFlow Launcher,3088,12/22/2020, 09:18:39,587
HXFL00001,HEXFlow Launcher,3088,12/22/2020, 10:18:21,587
HXFL00001,HEXFlow Launcher,3088,12/22/2020, 11:15:39,587
HXFL00001,HEXFlow Launcher,3089,12/22/2020, 12:17:59,587
HXFL00001,HEXFlow Launcher,3089,12/22/2020, 13:25:11,587
HXFL00001,HEXFlow Launcher,3089,12/22/2020, 14:15:22,587
HXFL00001,HEXFlow Launcher,3089,12/22/2020, 15:13:56,587
HXFL00001,HEXFlow Launcher,3090,12/22/2020, 16:25:08,587
HXFL00001,HEXFlow Launcher,3092,12/22/2020, 17:38:19,587
HXFL00001,HEXFlow Launcher,3094,12/22/2020, 18:23:14,587
HXFL00001,HEXFlow Launcher,3094,12/22/2020, 19:19:27,587
HXFL00001,HEXFlow Launcher,3094,12/22/2020, 20:12:55,587
HXFL00001,HEXFlow Launcher,3096,12/22/2020, 21:12:09,587
HXFL00001,HEXFlow Launcher,3099,12/22/2020, 22:16:33,587
HXFL00001,HEXFlow Launcher,3101,12/22/2020, 23:18:59,587
HXFL00001,HEXFlow Launcher,3102,12/23/2020, 00:34:09,587
HXFL00001,HEXFlow Launcher,3106,12/23/2020, 01:57:55,587
HXFL00001,HEXFlow Launcher,3106,12/23/2020, 02:44:22,587
HXFL00001,HEXFlow Launcher,3106,12/23/2020, 03:21:24,587
HXFL00001,HEXFlow Launcher,3107,12/23/2020, 04:21:07,587
HXFL00001,HEXFlow Launcher,3108,12/23/2020, 05:20:48,587
HXFL00001,HEXFlow Launcher,3108,12/23/2020, 06:15:31,587
HXFL00001,HEXFlow Launcher,3110,12/23/2020, 07:22:04,587
HXFL00001,HEXFlow Launcher,3114,12/23/2020, 08:17:01,587
HXFL00001,HEXFlow Launcher,3114,12/23/2020, 09:19:36,587
HXFL00001,HEXFlow Launcher,3114,12/23/2020, 10:19:30,587
HXFL00001,HEXFlow Launcher,3114,12/23/2020, 11:16:06,587
HXFL00001,HEXFlow Launcher,3114,12/23/2020, 12:17:46,587
HXFL00001,HEXFlow Launcher,3116,12/23/2020, 13:25:29,587
HXFL00001,HEXFlow Launcher,3117,12/23/2020, 14:15:18,587
HXFL00001,HEXFlow Launcher,3118,12/23/2020, 15:14:17,587
HXFL00001,HEXFlow Launcher,3119,12/23/2020, 16:26:38,587
HXFL00001,HEXFlow Launcher,3120,12/23/2020, 17:41:39,587
HXFL00001,HEXFlow Launcher,3120,12/23/2020, 18:28:29,587
HXFL00001,HEXFlow Launcher,3120,12/23/2020, 19:23:40,587
HXFL00001,HEXFlow Launcher,3120,12/23/2020, 20:13:49,587
HXFL00001,HEXFlow Launcher,3124,12/23/2020, 21:12:42,587
HXFL00001,HEXFlow Launcher,3124,12/23/2020, 22:17:16,587
HXFL00001,HEXFlow Launcher,3125,12/23/2020, 23:20:11,587
HXFL00001,HEXFlow Launcher,3128,12/24/2020, 00:37:06,587
HXFL00001,HEXFlow Launcher,3132,12/24/2020, 02:02:31,587
HXFL00001,HEXFlow Launcher,3133,12/24/2020, 03:23:39,587
HXFL00001,HEXFlow Launcher,3135,12/24/2020, 04:23:16,587
HXFL00001,HEXFlow Launcher,3135,12/24/2020, 05:22:21,587
HXFL00001,HEXFlow Launcher,3137,12/24/2020, 06:16:50,587
HXFL00001,HEXFlow Launcher,3137,12/24/2020, 07:22:35,587
HXFL00001,HEXFlow Launcher,3137,12/24/2020, 08:17:25,587
HXFL00001,HEXFlow Launcher,3139,12/24/2020, 09:20:00,587
HXFL00001,HEXFlow Launcher,3141,12/24/2020, 10:19:55,587
HXFL00001,HEXFlow Launcher,3141,12/24/2020, 11:16:36,587
HXFL00001,HEXFlow Launcher,3143,12/24/2020, 12:17:45,587
HXFL00001,HEXFlow Launcher,3145,12/24/2020, 13:25:48,587
HXFL00001,HEXFlow Launcher,3146,12/24/2020, 14:15:23,587
HXFL00001,HEXFlow Launcher,3149,12/24/2020, 15:14:12,587
HXFL00001,HEXFlow Launcher,3150,12/24/2020, 16:27:12,587
HXFL00001,HEXFlow Launcher,3152,12/24/2020, 17:43:06,587
HXFL00001,HEXFlow Launcher,3153,12/24/2020, 18:29:39,587
HXFL00001,HEXFlow Launcher,3155,12/24/2020, 19:25:12,587
HXFL00001,HEXFlow Launcher,3156,12/24/2020, 20:14:01,587
HXFL00001,HEXFlow Launcher,3157,12/24/2020, 21:12:33,587
HXFL00001,HEXFlow Launcher,3158,12/24/2020, 22:15:54,587
HXFL00001,HEXFlow Launcher,3160,12/24/2020, 23:18:43,587
HXFL00001,HEXFlow Launcher,3163,12/25/2020, 00:34:27,587
HXFL00001,HEXFlow Launcher,3165,12/25/2020, 01:58:59,587
HXFL00001,HEXFlow Launcher,3165,12/25/2020, 02:44:31,587
HXFL00001,HEXFlow Launcher,3167,12/25/2020, 03:19:49,587
HXFL00001,HEXFlow Launcher,3167,12/25/2020, 04:18:34,587
HXFL00001,HEXFlow Launcher,3168,12/25/2020, 05:18:00,587
HXFL00001,HEXFlow Launcher,3169,12/25/2020, 06:13:32,587
HXFL00001,HEXFlow Launcher,3169,12/25/2020, 07:17:59,587
HXFL00001,HEXFlow Launcher,3169,12/25/2020, 08:14:37,587
HXFL00001,HEXFlow Launcher,3170,12/25/2020, 09:16:49,587
HXFL00001,HEXFlow Launcher,3171,12/25/2020, 10:16:32,587
HXFL00001,HEXFlow Launcher,3171,12/25/2020, 11:13:19,587
HXFL00001,HEXFlow Launcher,3173,12/25/2020, 12:15:36,587
HXFL00001,HEXFlow Launcher,3174,12/25/2020, 13:21:47,587
HXFL00001,HEXFlow Launcher,3174,12/25/2020, 14:12:35,587
HXFL00001,HEXFlow Launcher,3175,12/25/2020, 15:11:44,587
HXFL00001,HEXFlow Launcher,3177,12/25/2020, 16:22:31,587
HXFL00001,HEXFlow Launcher,3178,12/25/2020, 17:39:07,587
HXFL00001,HEXFlow Launcher,3178,12/25/2020, 18:24:15,587
HXFL00001,HEXFlow Launcher,3179,12/25/2020, 19:20:20,587
HXFL00001,HEXFlow Launcher,3181,12/25/2020, 20:11:13,587
HXFL00001,HEXFlow Launcher,3182,12/25/2020, 21:10:19,587
HXFL00001,HEXFlow Launcher,3187,12/25/2020, 22:14:44,587
HXFL00001,HEXFlow Launcher,3188,12/25/2020, 23:17:53,587
HXFL00001,HEXFlow Launcher,3190,12/26/2020, 00:33:18,587
HXFL00001,HEXFlow Launcher,3194,12/26/2020, 01:57:56,587
HXFL00001,HEXFlow Launcher,3195,12/26/2020, 02:43:07,587
HXFL00001,HEXFlow Launcher,3196,12/26/2020, 03:19:41,587
HXFL00001,HEXFlow Launcher,3197,12/26/2020, 04:18:43,587
HXFL00001,HEXFlow Launcher,3198,12/26/2020, 05:18:12,587
HXFL00001,HEXFlow Launcher,3198,12/26/2020, 06:13:24,587
HXFL00001,HEXFlow Launcher,3198,12/26/2020, 07:18:13,587
HXFL00001,HEXFlow Launcher,3199,12/26/2020, 08:14:08,587
HXFL00001,HEXFlow Launcher,3199,12/26/2020, 09:16:32,587
HXFL00001,HEXFlow Launcher,3200,12/26/2020, 10:16:23,587
HXFL00001,HEXFlow Launcher,3202,12/26/2020, 11:13:23,587
HXFL00001,HEXFlow Launcher,3202,12/26/2020, 12:15:31,587
HXFL00001,HEXFlow Launcher,3202,12/26/2020, 13:21:26,587
HXFL00001,HEXFlow Launcher,3202,12/26/2020, 14:12:20,587
HXFL00001,HEXFlow Launcher,3203,12/26/2020, 15:11:01,587
HXFL00001,HEXFlow Launcher,3206,12/26/2020, 16:21:50,587
HXFL00001,HEXFlow Launcher,3208,12/26/2020, 17:39:25,587
HXFL00001,HEXFlow Launcher,3208,12/26/2020, 18:24:32,587
HXFL00001,HEXFlow Launcher,3209,12/26/2020, 19:20:18,587
HXFL00001,HEXFlow Launcher,3212,12/26/2020, 20:10:55,587
HXFL00001,HEXFlow Launcher,3215,12/26/2020, 21:10:15,587
HXFL00001,HEXFlow Launcher,3217,12/26/2020, 22:14:47,587
HXFL00001,HEXFlow Launcher,3218,12/26/2020, 23:18:08,587
HXFL00001,HEXFlow Launcher,3220,12/27/2020, 00:35:18,587
HXFL00001,HEXFlow Launcher,3224,12/27/2020, 02:03:18,587
HXFL00001,HEXFlow Launcher,3225,12/27/2020, 03:20:31,587
HXFL00001,HEXFlow Launcher,3228,12/27/2020, 04:19:46,587
HXFL00001,HEXFlow Launcher,3229,12/27/2020, 05:19:01,587
HXFL00001,HEXFlow Launcher,3231,12/27/2020, 06:13:16,587
HXFL00001,HEXFlow Launcher,3235,12/27/2020, 07:18:38,587
HXFL00001,HEXFlow Launcher,3235,12/27/2020, 08:14:32,587
HXFL00001,HEXFlow Launcher,3236,12/27/2020, 09:16:56,587
HXFL00001,HEXFlow Launcher,3237,12/27/2020, 10:16:55,587
HXFL00001,HEXFlow Launcher,3238,12/27/2020, 11:13:46,587
HXFL00001,HEXFlow Launcher,3239,12/27/2020, 12:15:28,587
HXFL00001,HEXFlow Launcher,3239,12/27/2020, 13:21:45,587
HXFL00001,HEXFlow Launcher,3239,12/27/2020, 14:12:25,587
HXFL00001,HEXFlow Launcher,3240,12/27/2020, 15:11:19,587
HXFL00001,HEXFlow Launcher,3240,12/27/2020, 16:22:09,587
HXFL00001,HEXFlow Launcher,3244,12/27/2020, 17:40:20,587
HXFL00001,HEXFlow Launcher,3245,12/27/2020, 18:25:59,587
HXFL00001,HEXFlow Launcher,3245,12/27/2020, 19:21:02,587
HXFL00001,HEXFlow Launcher,3245,12/27/2020, 20:11:19,587
HXFL00001,HEXFlow Launcher,3246,12/27/2020, 21:10:23,587
HXFL00001,HEXFlow Launcher,3250,12/27/2020, 22:15:07,587
HXFL00001,HEXFlow Launcher,3255,12/27/2020, 23:18:41,587
HXFL00001,HEXFlow Launcher,3261,12/28/2020, 00:35:32,587
HXFL00001,HEXFlow Launcher,3264,12/28/2020, 02:03:13,587
HXFL00001,HEXFlow Launcher,3264,12/28/2020, 03:21:21,587
HXFL00001,HEXFlow Launcher,3265,12/28/2020, 04:21:01,587
HXFL00001,HEXFlow Launcher,3266,12/28/2020, 05:20:19,587
HXFL00001,HEXFlow Launcher,3269,12/28/2020, 06:14:30,587
HXFL00001,HEXFlow Launcher,3270,12/28/2020, 07:20:16,587
HXFL00001,HEXFlow Launcher,3271,12/28/2020, 08:15:36,587
HXFL00001,HEXFlow Launcher,3272,12/28/2020, 09:18:04,587
HXFL00001,HEXFlow Launcher,3272,12/28/2020, 10:18:21,587
HXFL00001,HEXFlow Launcher,3272,12/28/2020, 11:14:50,587
HXFL00001,HEXFlow Launcher,3276,12/28/2020, 12:15:57,587
HXFL00001,HEXFlow Launcher,3280,12/28/2020, 13:23:55,587
HXFL00001,HEXFlow Launcher,3280,12/28/2020, 14:13:42,587
HXFL00001,HEXFlow Launcher,3283,12/28/2020, 15:12:09,587
HXFL00001,HEXFlow Launcher,3286,12/28/2020, 16:24:29,587
HXFL00001,HEXFlow Launcher,3286,12/28/2020, 17:43:13,587
HXFL00001,HEXFlow Launcher,3286,12/28/2020, 18:30:06,587
HXFL00001,HEXFlow Launcher,3286,12/28/2020, 19:24:38,587
HXFL00001,HEXFlow Launcher,3287,12/28/2020, 20:13:31,587
HXFL00001,HEXFlow Launcher,3287,12/28/2020, 21:11:22,587
HXFL00001,HEXFlow Launcher,3290,12/28/2020, 22:15:57,587
HXFL00001,HEXFlow Launcher,3290,12/28/2020, 23:20:30,587
HXFL00001,HEXFlow Launcher,3291,12/29/2020, 00:36:28,587
HXFL00001,HEXFlow Launcher,3293,12/29/2020, 02:04:46,587
HXFL00001,HEXFlow Launcher,3294,12/29/2020, 03:23:22,587
HXFL00001,HEXFlow Launcher,3296,12/29/2020, 04:23:51,587
HXFL00001,HEXFlow Launcher,3296,12/29/2020, 05:22:47,587
HXFL00001,HEXFlow Launcher,3296,12/29/2020, 06:16:05,587
HXFL00001,HEXFlow Launcher,3297,12/29/2020, 07:21:48,587
HXFL00001,HEXFlow Launcher,3299,12/29/2020, 08:16:54,587
HXFL00001,HEXFlow Launcher,3299,12/29/2020, 09:20:35,587
HXFL00001,HEXFlow Launcher,3300,12/29/2020, 10:20:36,587
HXFL00001,HEXFlow Launcher,3301,12/29/2020, 11:17:22,587
HXFL00001,HEXFlow Launcher,3301,12/29/2020, 12:17:03,587
HXFL00001,HEXFlow Launcher,3303,12/29/2020, 13:26:32,587
HXFL00001,HEXFlow Launcher,3305,12/29/2020, 14:14:54,587
HXFL00001,HEXFlow Launcher,3306,12/29/2020, 15:13:06,587
HXFL00001,HEXFlow Launcher,3306,12/29/2020, 16:27:52,587
HXFL00001,HEXFlow Launcher,3307,12/29/2020, 17:47:47,587
HXFL00001,HEXFlow Launcher,3308,12/29/2020, 18:35:25,587
HXFL00001,HEXFlow Launcher,3309,12/29/2020, 19:30:25,587
HXFL00001,HEXFlow Launcher,3310,12/29/2020, 20:16:36,587
HXFL00001,HEXFlow Launcher,3313,12/29/2020, 21:12:47,587
HXFL00001,HEXFlow Launcher,3315,12/29/2020, 22:17:57,587
HXFL00001,HEXFlow Launcher,3318,12/29/2020, 23:22:50,587
HXFL00001,HEXFlow Launcher,3321,12/30/2020, 00:37:47,587
HXFL00001,HEXFlow Launcher,3322,12/30/2020, 02:06:43,587
HXFL00001,HEXFlow Launcher,3322,12/30/2020, 03:23:20,587
HXFL00001,HEXFlow Launcher,3325,12/30/2020, 04:23:23,587
HXFL00001,HEXFlow Launcher,3325,12/30/2020, 05:22:53,587
HXFL00001,HEXFlow Launcher,3325,12/30/2020, 06:16:08,587
HXFL00001,HEXFlow Launcher,3328,12/30/2020, 07:22:14,587
HXFL00001,HEXFlow Launcher,3329,12/30/2020, 08:17:02,587
HXFL00001,HEXFlow Launcher,3329,12/30/2020, 09:20:27,587
HXFL00001,HEXFlow Launcher,3330,12/30/2020, 10:20:34,587
HXFL00001,HEXFlow Launcher,3332,12/30/2020, 11:17:25,587
HXFL00001,HEXFlow Launcher,3333,12/30/2020, 12:16:30,587
HXFL00001,HEXFlow Launcher,3333,12/30/2020, 13:26:00,587
HXFL00001,HEXFlow Launcher,3334,12/30/2020, 14:14:26,587
HXFL00001,HEXFlow Launcher,3334,12/30/2020, 15:12:46,587
HXFL00001,HEXFlow Launcher,3334,12/30/2020, 16:26:52,587
HXFL00001,HEXFlow Launcher,3337,12/30/2020, 17:47:57,587
HXFL00001,HEXFlow Launcher,3337,12/30/2020, 18:35:16,587
HXFL00001,HEXFlow Launcher,3339,12/30/2020, 19:30:47,587
HXFL00001,HEXFlow Launcher,3340,12/30/2020, 20:16:59,587
HXFL00001,HEXFlow Launcher,3341,12/30/2020, 21:13:45,587
HXFL00001,HEXFlow Launcher,3345,12/30/2020, 22:17:18,587
HXFL00001,HEXFlow Launcher,3346,12/30/2020, 23:21:41,587
HXFL00001,HEXFlow Launcher,3347,12/31/2020, 00:39:52,587
HXFL00001,HEXFlow Launcher,3348,12/31/2020, 02:10:05,587
HXFL00001,HEXFlow Launcher,3348,12/31/2020, 03:25:23,587
HXFL00001,HEXFlow Launcher,3350,12/31/2020, 04:26:05,587
HXFL00001,HEXFlow Launcher,3353,12/31/2020, 05:25:42,587
HXFL00001,HEXFlow Launcher,3353,12/31/2020, 06:19:21,587
HXFL00001,HEXFlow Launcher,3355,12/31/2020, 07:24:32,587
HXFL00001,HEXFlow Launcher,3356,12/31/2020, 08:20:56,587
HXFL00001,HEXFlow Launcher,3357,12/31/2020, 09:23:12,587
HXFL00001,HEXFlow Launcher,3358,12/31/2020, 10:24:45,587
HXFL00001,HEXFlow Launcher,3359,12/31/2020, 11:21:44,587
HXFL00001,HEXFlow Launcher,3359,12/31/2020, 12:19:24,587
HXFL00001,HEXFlow Launcher,3359,12/31/2020, 13:29:55,587
HXFL00001,HEXFlow Launcher,3359,12/31/2020, 14:18:49,587
HXFL00001,HEXFlow Launcher,3360,12/31/2020, 15:15:13,587
HXFL00001,HEXFlow Launcher,3360,12/31/2020, 16:30:21,587
HXFL00001,HEXFlow Launcher,3361,12/31/2020, 17:52:37,587
HXFL00001,HEXFlow Launcher,3362,12/31/2020, 18:38:08,587
HXFL00001,HEXFlow Launcher,3363,12/31/2020, 19:30:05,587
HXFL00001,HEXFlow Launcher,3367,12/31/2020, 20:15:45,587
HXFL00001,HEXFlow Launcher,3368,12/31/2020, 21:11:33,587
HXFL00001,HEXFlow Launcher,3368,12/31/2020, 22:16:11,587
HXFL00001,HEXFlow Launcher,3369,12/31/2020, 23:21:54,587
HXFL00001,HEXFlow Launcher,3371,01/01/2021, 00:39:37,587
HXFL00001,HEXFlow Launcher,3375,01/01/2021, 02:12:31,587
HXFL00001,HEXFlow Launcher,3377,01/01/2021, 03:24:48,587
HXFL00001,HEXFlow Launcher,3377,01/01/2021, 04:24:24,587
HXFL00001,HEXFlow Launcher,3379,01/01/2021, 05:23:31,587
HXFL00001,HEXFlow Launcher,3379,01/01/2021, 06:16:56,587
HXFL00001,HEXFlow Launcher,3380,01/01/2021, 07:22:35,587
HXFL00001,HEXFlow Launcher,3380,01/01/2021, 08:18:27,587
HXFL00001,HEXFlow Launcher,3380,01/01/2021, 09:22:03,587
HXFL00001,HEXFlow Launcher,3385,01/01/2021, 10:22:39,587
HXFL00001,HEXFlow Launcher,3385,01/01/2021, 11:19:53,587
HXFL00001,HEXFlow Launcher,3388,01/01/2021, 12:17:27,587
HXFL00001,HEXFlow Launcher,3389,01/01/2021, 13:27:12,587
HXFL00001,HEXFlow Launcher,3390,01/01/2021, 14:15:24,587
HXFL00001,HEXFlow Launcher,3391,01/01/2021, 15:13:24,587
HXFL00001,HEXFlow Launcher,3393,01/01/2021, 16:27:24,587
HXFL00001,HEXFlow Launcher,3394,01/01/2021, 17:47:30,587
HXFL00001,HEXFlow Launcher,3397,01/01/2021, 18:33:22,587
HXFL00001,HEXFlow Launcher,3397,01/01/2021, 19:29:02,587
HXFL00001,HEXFlow Launcher,3398,01/01/2021, 20:15:34,587
HXFL00001,HEXFlow Launcher,3399,01/01/2021, 21:11:55,587
HXFL00001,HEXFlow Launcher,3399,01/01/2021, 22:16:59,587
HXFL00001,HEXFlow Launcher,3402,01/01/2021, 23:22:19,587
HXFL00001,HEXFlow Launcher,3404,01/02/2021, 00:38:17,587
HXFL00001,HEXFlow Launcher,3407,01/02/2021, 02:09:08,587
HXFL00001,HEXFlow Launcher,3410,01/02/2021, 03:24:12,587
HXFL00001,HEXFlow Launcher,3411,01/02/2021, 04:25:20,587
HXFL00001,HEXFlow Launcher,3413,01/02/2021, 05:24:14,587
HXFL00001,HEXFlow Launcher,3413,01/02/2021, 06:17:21,587
HXFL00001,HEXFlow Launcher,3413,01/02/2021, 07:22:44,587
HXFL00001,HEXFlow Launcher,3416,01/02/2021, 08:17:38,587
HXFL00001,HEXFlow Launcher,3416,01/02/2021, 09:20:51,587
HXFL00001,HEXFlow Launcher,3416,01/02/2021, 10:21:31,587
HXFL00001,HEXFlow Launcher,3416,01/02/2021, 11:18:25,587
HXFL00001,HEXFlow Launcher,3420,01/02/2021, 12:16:12,587
HXFL00001,HEXFlow Launcher,3423,01/02/2021, 13:25:18,587
HXFL00001,HEXFlow Launcher,3423,01/02/2021, 14:13:42,587
HXFL00001,HEXFlow Launcher,3425,01/02/2021, 15:12:08,587
HXFL00001,HEXFlow Launcher,3427,01/02/2021, 16:26:09,587
HXFL00001,HEXFlow Launcher,3430,01/02/2021, 17:46:47,587
HXFL00001,HEXFlow Launcher,3430,01/02/2021, 18:32:05,587
HXFL00001,HEXFlow Launcher,3431,01/02/2021, 19:27:36,587
HXFL00001,HEXFlow Launcher,3432,01/02/2021, 20:14:56,587
HXFL00001,HEXFlow Launcher,3432,01/02/2021, 21:11:27,587
HXFL00001,HEXFlow Launcher,3434,01/02/2021, 22:16:45,587
HXFL00001,HEXFlow Launcher,3434,01/02/2021, 23:22:35,587
HXFL00001,HEXFlow Launcher,3437,01/03/2021, 00:40:21,587
HXFL00001,HEXFlow Launcher,3438,01/03/2021, 02:14:27,587
HXFL00001,HEXFlow Launcher,3440,01/03/2021, 03:26:40,587
HXFL00001,HEXFlow Launcher,3441,01/03/2021, 04:25:26,587
HXFL00001,HEXFlow Launcher,3443,01/03/2021, 05:24:36,587
HXFL00001,HEXFlow Launcher,3446,01/03/2021, 06:17:17,587
HXFL00001,HEXFlow Launcher,3446,01/03/2021, 07:23:36,587
HXFL00001,HEXFlow Launcher,3449,01/03/2021, 08:18:56,587
HXFL00001,HEXFlow Launcher,3451,01/03/2021, 09:22:33,587
HXFL00001,HEXFlow Launcher,3453,01/03/2021, 10:22:49,587
HXFL00001,HEXFlow Launcher,3454,01/03/2021, 11:20:03,587
HXFL00001,HEXFlow Launcher,3457,01/03/2021, 12:16:50,587
HXFL00001,HEXFlow Launcher,3460,01/03/2021, 13:26:42,587
HXFL00001,HEXFlow Launcher,3463,01/03/2021, 14:14:37,587
HXFL00001,HEXFlow Launcher,3463,01/03/2021, 15:12:34,587
HXFL00001,HEXFlow Launcher,3466,01/03/2021, 16:27:27,587
HXFL00001,HEXFlow Launcher,3471,01/03/2021, 17:49:09,587
HXFL00001,HEXFlow Launcher,3473,01/03/2021, 18:32:46,587
HXFL00001,HEXFlow Launcher,3474,01/03/2021, 19:28:50,587
HXFL00001,HEXFlow Launcher,3475,01/03/2021, 20:16:20,587
HXFL00001,HEXFlow Launcher,3476,01/03/2021, 21:12:28,587
HXFL00001,HEXFlow Launcher,3477,01/03/2021, 22:17:37,587
HXFL00001,HEXFlow Launcher,3479,01/03/2021, 23:23:21,587
HXFL00001,HEXFlow Launcher,3481,01/04/2021, 00:41:25,587
HXFL00001,HEXFlow Launcher,3483,01/04/2021, 02:15:54,587
HXFL00001,HEXFlow Launcher,3484,01/04/2021, 03:28:14,587
HXFL00001,HEXFlow Launcher,3488,01/04/2021, 04:27:16,587
HXFL00001,HEXFlow Launcher,3488,01/04/2021, 05:25:39,587
HXFL00001,HEXFlow Launcher,3489,01/04/2021, 06:19:12,587
HXFL00001,HEXFlow Launcher,3489,01/04/2021, 07:24:47,587
HXFL00001,HEXFlow Launcher,3490,01/04/2021, 08:21:39,587
HXFL00001,HEXFlow Launcher,3490,01/04/2021, 09:24:19,587
HXFL00001,HEXFlow Launcher,3491,01/04/2021, 10:25:23,587
HXFL00001,HEXFlow Launcher,3492,01/04/2021, 11:22:08,587
HXFL00001,HEXFlow Launcher,3492,01/04/2021, 12:18:14,587
HXFL00001,HEXFlow Launcher,3493,01/04/2021, 13:29:07,587
HXFL00001,HEXFlow Launcher,3494,01/04/2021, 14:17:52,587
HXFL00001,HEXFlow Launcher,3494,01/04/2021, 15:13:56,587
HXFL00001,HEXFlow Launcher,3494,01/04/2021, 16:29:23,587
HXFL00001,HEXFlow Launcher,3497,01/04/2021, 17:52:46,587
HXFL00001,HEXFlow Launcher,3498,01/04/2021, 18:34:58,587
HXFL00001,HEXFlow Launcher,3500,01/04/2021, 19:28:19,587
HXFL00001,HEXFlow Launcher,3502,01/04/2021, 20:17:25,587
HXFL00001,HEXFlow Launcher,3503,01/04/2021, 21:13:17,587
HXFL00001,HEXFlow Launcher,3504,01/04/2021, 22:17:55,587
