IMSCARED0,IMSCARED,4,05/07/2022, 00:59:40,819
IMSCARED0,IMSCARED,12,05/07/2022, 02:39:24,819
IMSCARED0,IMSCARED,19,05/07/2022, 03:32:23,819
IMSCARED0,IMSCARED,19,05/07/2022, 04:16:31,819
IMSCARED0,IMSCARED,20,05/07/2022, 05:12:10,819
IMSCARED0,IMSCARED,22,05/07/2022, 06:17:07,819
IMSCARED0,IMSCARED,24,05/07/2022, 07:13:16,819
IMSCARED0,IMSCARED,32,05/07/2022, 08:17:12,819
IMSCARED0,IMSCARED,35,05/07/2022, 09:13:14,819
IMSCARED0,IMSCARED,38,05/07/2022, 10:14:54,819
IMSCARED0,IMSCARED,43,05/07/2022, 11:11:59,819
IMSCARED0,IMSCARED,45,05/07/2022, 12:22:45,819
IMSCARED0,IMSCARED,49,05/07/2022, 13:23:06,819
IMSCARED0,IMSCARED,54,05/07/2022, 14:12:26,819
IMSCARED0,IMSCARED,57,05/07/2022, 15:14:15,819
IMSCARED0,IMSCARED,57,05/07/2022, 16:17:50,819
IMSCARED0,IMSCARED,58,05/07/2022, 17:15:48,819
IMSCARED0,IMSCARED,59,05/07/2022, 18:15:40,819
IMSCARED0,IMSCARED,61,05/07/2022, 19:13:08,819
IMSCARED0,IMSCARED,66,05/07/2022, 20:14:27,819
IMSCARED0,IMSCARED,69,05/07/2022, 21:12:45,819
IMSCARED0,IMSCARED,71,05/07/2022, 22:13:04,819
IMSCARED0,IMSCARED,75,05/07/2022, 23:13:46,819
IMSCARED0,IMSCARED,87,05/08/2022, 01:01:14,819
IMSCARED0,IMSCARED,92,05/08/2022, 03:11:09,819
IMSCARED0,IMSCARED,92,05/08/2022, 04:19:16,819
IMSCARED0,IMSCARED,94,05/08/2022, 05:13:21,819
IMSCARED0,IMSCARED,95,05/08/2022, 06:17:20,819
IMSCARED0,IMSCARED,96,05/08/2022, 07:13:34,819
IMSCARED0,IMSCARED,102,05/08/2022, 08:16:59,819
IMSCARED0,IMSCARED,104,05/08/2022, 09:13:39,819
IMSCARED0,IMSCARED,106,05/08/2022, 10:15:18,819
IMSCARED0,IMSCARED,107,05/08/2022, 11:11:57,819
IMSCARED0,IMSCARED,110,05/08/2022, 12:22:30,819
IMSCARED0,IMSCARED,116,05/08/2022, 13:24:26,819
IMSCARED0,IMSCARED,116,05/08/2022, 14:12:47,819
IMSCARED0,IMSCARED,119,05/08/2022, 15:13:58,819
IMSCARED0,IMSCARED,122,05/08/2022, 16:17:47,819
IMSCARED0,IMSCARED,123,05/08/2022, 17:15:56,819
IMSCARED0,IMSCARED,126,05/08/2022, 18:15:38,819
IMSCARED0,IMSCARED,127,05/08/2022, 19:11:35,819
IMSCARED0,IMSCARED,128,05/08/2022, 20:14:19,819
IMSCARED0,IMSCARED,129,05/08/2022, 21:12:13,819
IMSCARED0,IMSCARED,130,05/08/2022, 22:14:26,819
IMSCARED0,IMSCARED,135,05/08/2022, 23:13:39,819
IMSCARED0,IMSCARED,138,05/09/2022, 01:04:32,819
IMSCARED0,IMSCARED,140,05/09/2022, 03:17:50,819
IMSCARED0,IMSCARED,141,05/09/2022, 04:27:07,819
IMSCARED0,IMSCARED,143,05/09/2022, 05:18:00,819
IMSCARED0,IMSCARED,144,05/09/2022, 06:18:16,819
IMSCARED0,IMSCARED,147,05/09/2022, 07:13:59,819
IMSCARED0,IMSCARED,147,05/09/2022, 08:18:00,819
IMSCARED0,IMSCARED,147,05/09/2022, 09:14:53,819
IMSCARED0,IMSCARED,148,05/09/2022, 10:15:44,819
IMSCARED0,IMSCARED,148,05/09/2022, 11:12:54,819
IMSCARED0,IMSCARED,151,05/09/2022, 12:27:47,819
IMSCARED0,IMSCARED,151,05/09/2022, 13:35:21,819
IMSCARED0,IMSCARED,152,05/09/2022, 14:12:42,819
IMSCARED0,IMSCARED,152,05/09/2022, 15:15:07,819
IMSCARED0,IMSCARED,153,05/09/2022, 16:26:25,819
IMSCARED0,IMSCARED,153,05/09/2022, 17:27:20,819
IMSCARED0,IMSCARED,153,05/09/2022, 18:21:35,819
IMSCARED0,IMSCARED,153,05/09/2022, 19:15:25,819
IMSCARED0,IMSCARED,154,05/09/2022, 20:18:08,819
IMSCARED0,IMSCARED,155,05/09/2022, 21:13:16,819
IMSCARED0,IMSCARED,156,05/09/2022, 22:13:58,819
IMSCARED0,IMSCARED,157,05/09/2022, 23:14:03,819
IMSCARED0,IMSCARED,160,05/10/2022, 01:00:10,819
IMSCARED0,IMSCARED,160,05/10/2022, 02:24:51,819
IMSCARED0,IMSCARED,161,05/10/2022, 03:23:34,819
IMSCARED0,IMSCARED,162,05/10/2022, 04:17:39,819
IMSCARED0,IMSCARED,162,05/10/2022, 05:13:53,819
IMSCARED0,IMSCARED,163,05/10/2022, 06:17:27,819
IMSCARED0,IMSCARED,164,05/10/2022, 07:14:02,819
IMSCARED0,IMSCARED,164,05/10/2022, 08:19:19,819
IMSCARED0,IMSCARED,164,05/10/2022, 09:19:43,819
IMSCARED0,IMSCARED,164,05/10/2022, 10:15:23,819
IMSCARED0,IMSCARED,164,05/10/2022, 11:13:20,819
IMSCARED0,IMSCARED,165,05/10/2022, 12:33:36,819
IMSCARED0,IMSCARED,165,05/10/2022, 13:43:48,819
IMSCARED0,IMSCARED,166,05/10/2022, 14:22:30,819
IMSCARED0,IMSCARED,169,05/10/2022, 15:19:21,819
IMSCARED0,IMSCARED,171,05/10/2022, 16:22:12,819
IMSCARED0,IMSCARED,172,05/10/2022, 17:24:33,819
IMSCARED0,IMSCARED,173,05/10/2022, 18:22:22,819
IMSCARED0,IMSCARED,173,05/10/2022, 19:16:13,819
IMSCARED0,IMSCARED,173,05/10/2022, 20:21:13,819
IMSCARED0,IMSCARED,174,05/10/2022, 21:17:17,819
IMSCARED0,IMSCARED,175,05/10/2022, 22:13:52,819
IMSCARED0,IMSCARED,178,05/10/2022, 23:14:37,819
IMSCARED0,IMSCARED,180,05/11/2022, 01:12:21,819
IMSCARED0,IMSCARED,182,05/11/2022, 03:18:13,819
IMSCARED0,IMSCARED,183,05/11/2022, 04:32:39,819
IMSCARED0,IMSCARED,184,05/11/2022, 05:23:51,819
IMSCARED0,IMSCARED,184,05/11/2022, 06:20:51,819
IMSCARED0,IMSCARED,185,05/11/2022, 07:19:16,819
IMSCARED0,IMSCARED,185,05/11/2022, 08:24:14,819
IMSCARED0,IMSCARED,185,05/11/2022, 09:18:18,819
IMSCARED0,IMSCARED,185,05/11/2022, 10:20:24,819
IMSCARED0,IMSCARED,185,05/11/2022, 11:14:21,819
IMSCARED0,IMSCARED,185,05/11/2022, 12:34:20,819
IMSCARED0,IMSCARED,185,05/11/2022, 13:36:43,819
IMSCARED0,IMSCARED,187,05/11/2022, 14:14:09,819
IMSCARED0,IMSCARED,187,05/11/2022, 15:15:56,819
IMSCARED0,IMSCARED,187,05/11/2022, 16:25:46,819
IMSCARED0,IMSCARED,188,05/11/2022, 17:31:26,819
IMSCARED0,IMSCARED,190,05/11/2022, 18:21:19,819
IMSCARED0,IMSCARED,191,05/11/2022, 19:12:44,819
IMSCARED0,IMSCARED,192,05/11/2022, 20:19:37,819
IMSCARED0,IMSCARED,194,05/11/2022, 21:12:31,819
IMSCARED0,IMSCARED,195,05/11/2022, 22:13:59,819
IMSCARED0,IMSCARED,196,05/11/2022, 23:14:49,819
IMSCARED0,IMSCARED,196,05/12/2022, 01:08:53,819
IMSCARED0,IMSCARED,197,05/12/2022, 03:11:40,819
IMSCARED0,IMSCARED,198,05/12/2022, 04:24:54,819
IMSCARED0,IMSCARED,198,05/12/2022, 05:20:48,819
IMSCARED0,IMSCARED,199,05/12/2022, 06:19:20,819
IMSCARED0,IMSCARED,199,05/12/2022, 07:14:17,819
IMSCARED0,IMSCARED,199,05/12/2022, 08:22:22,819
IMSCARED0,IMSCARED,199,05/12/2022, 09:20:00,819
IMSCARED0,IMSCARED,199,05/12/2022, 10:17:36,819
IMSCARED0,IMSCARED,200,05/12/2022, 11:17:15,819
IMSCARED0,IMSCARED,200,05/12/2022, 12:32:28,819
IMSCARED0,IMSCARED,202,05/12/2022, 13:40:35,819
IMSCARED0,IMSCARED,204,05/12/2022, 14:17:53,819
IMSCARED0,IMSCARED,204,05/12/2022, 15:15:21,819
IMSCARED0,IMSCARED,205,05/12/2022, 16:25:36,819
IMSCARED0,IMSCARED,205,05/12/2022, 17:26:10,819
IMSCARED0,IMSCARED,205,05/12/2022, 19:11:21,819
IMSCARED0,IMSCARED,206,05/12/2022, 20:15:27,819
IMSCARED0,IMSCARED,206,05/12/2022, 21:11:42,819
IMSCARED0,IMSCARED,207,05/12/2022, 22:15:42,819
IMSCARED0,IMSCARED,207,05/12/2022, 23:15:08,819
IMSCARED0,IMSCARED,210,05/13/2022, 01:15:46,819
IMSCARED0,IMSCARED,210,05/13/2022, 03:46:49,819
IMSCARED0,IMSCARED,213,05/13/2022, 04:50:05,819
IMSCARED0,IMSCARED,213,05/13/2022, 05:38:15,819
IMSCARED0,IMSCARED,213,05/13/2022, 06:21:02,819
IMSCARED0,IMSCARED,213,05/13/2022, 07:14:55,819
IMSCARED0,IMSCARED,213,05/13/2022, 08:21:23,819
IMSCARED0,IMSCARED,215,05/13/2022, 09:19:18,819
IMSCARED0,IMSCARED,215,05/13/2022, 10:21:24,819
IMSCARED0,IMSCARED,215,05/13/2022, 11:13:05,819
IMSCARED0,IMSCARED,216,05/13/2022, 12:38:19,819
IMSCARED0,IMSCARED,216,05/13/2022, 13:47:25,819
IMSCARED0,IMSCARED,216,05/13/2022, 14:21:11,819
IMSCARED0,IMSCARED,216,05/13/2022, 15:18:13,819
IMSCARED0,IMSCARED,217,05/13/2022, 16:25:25,819
IMSCARED0,IMSCARED,217,05/13/2022, 17:23:28,819
IMSCARED0,IMSCARED,217,05/13/2022, 18:18:25,819
IMSCARED0,IMSCARED,217,05/13/2022, 19:12:26,819
IMSCARED0,IMSCARED,217,05/13/2022, 20:16:27,819
IMSCARED0,IMSCARED,218,05/13/2022, 21:12:55,819
IMSCARED0,IMSCARED,218,05/13/2022, 22:14:03,819
IMSCARED0,IMSCARED,218,05/13/2022, 23:15:22,819
IMSCARED0,IMSCARED,219,05/14/2022, 01:18:01,819
IMSCARED0,IMSCARED,219,05/14/2022, 03:59:48,819
IMSCARED0,IMSCARED,219,05/14/2022, 05:25:55,819
IMSCARED0,IMSCARED,221,05/14/2022, 06:34:20,819
IMSCARED0,IMSCARED,221,05/14/2022, 07:19:24,819
IMSCARED0,IMSCARED,221,05/14/2022, 08:17:12,819
IMSCARED0,IMSCARED,222,05/14/2022, 09:13:46,819
IMSCARED0,IMSCARED,222,05/14/2022, 10:15:31,819
IMSCARED0,IMSCARED,222,05/14/2022, 11:11:56,819
IMSCARED0,IMSCARED,222,05/14/2022, 12:26:55,819
IMSCARED0,IMSCARED,222,05/14/2022, 13:33:30,819
IMSCARED0,IMSCARED,222,05/14/2022, 14:13:03,819
IMSCARED0,IMSCARED,222,05/14/2022, 15:14:20,819
IMSCARED0,IMSCARED,223,05/14/2022, 16:18:01,819
IMSCARED0,IMSCARED,224,05/14/2022, 17:18:06,819
IMSCARED0,IMSCARED,225,05/14/2022, 18:16:48,819
IMSCARED0,IMSCARED,226,05/14/2022, 19:11:38,819
IMSCARED0,IMSCARED,228,05/14/2022, 20:13:54,819
IMSCARED0,IMSCARED,230,05/14/2022, 21:12:35,819
IMSCARED0,IMSCARED,231,05/14/2022, 22:14:25,819
IMSCARED0,IMSCARED,231,05/14/2022, 23:14:16,819
IMSCARED0,IMSCARED,232,05/15/2022, 01:16:56,819
IMSCARED0,IMSCARED,235,05/15/2022, 03:13:04,819
IMSCARED0,IMSCARED,235,05/15/2022, 04:21:13,819
IMSCARED0,IMSCARED,235,05/15/2022, 05:16:47,819
IMSCARED0,IMSCARED,235,05/15/2022, 06:17:28,819
IMSCARED0,IMSCARED,236,05/15/2022, 07:13:15,819
IMSCARED0,IMSCARED,237,05/15/2022, 08:16:59,819
IMSCARED0,IMSCARED,238,05/15/2022, 09:14:22,819
IMSCARED0,IMSCARED,238,05/15/2022, 10:16:04,819
IMSCARED0,IMSCARED,238,05/15/2022, 11:12:15,819
IMSCARED0,IMSCARED,238,05/15/2022, 12:25:42,819
IMSCARED0,IMSCARED,238,05/15/2022, 13:29:16,819
IMSCARED0,IMSCARED,238,05/15/2022, 14:12:53,819
IMSCARED0,IMSCARED,242,05/15/2022, 15:14:03,819
IMSCARED0,IMSCARED,243,05/15/2022, 16:18:53,819
IMSCARED0,IMSCARED,243,05/15/2022, 17:19:16,819
IMSCARED0,IMSCARED,244,05/15/2022, 18:26:56,819
IMSCARED0,IMSCARED,247,05/15/2022, 19:11:47,819
IMSCARED0,IMSCARED,249,05/15/2022, 20:15:00,819
IMSCARED0,IMSCARED,249,05/15/2022, 21:12:23,819
IMSCARED0,IMSCARED,249,05/15/2022, 22:13:18,819
IMSCARED0,IMSCARED,250,05/15/2022, 23:14:03,819
IMSCARED0,IMSCARED,251,05/16/2022, 01:08:15,819
IMSCARED0,IMSCARED,253,05/16/2022, 02:58:37,819
IMSCARED0,IMSCARED,253,05/16/2022, 03:38:14,819
IMSCARED0,IMSCARED,254,05/16/2022, 04:21:09,819
IMSCARED0,IMSCARED,257,05/16/2022, 05:19:08,819
IMSCARED0,IMSCARED,258,05/16/2022, 06:20:09,819
IMSCARED0,IMSCARED,258,05/16/2022, 07:17:00,819
IMSCARED0,IMSCARED,258,05/16/2022, 08:18:55,819
IMSCARED0,IMSCARED,258,05/16/2022, 09:14:31,819
IMSCARED0,IMSCARED,258,05/16/2022, 10:17:12,819
IMSCARED0,IMSCARED,259,05/16/2022, 11:12:36,819
IMSCARED0,IMSCARED,259,05/16/2022, 12:29:07,819
IMSCARED0,IMSCARED,259,05/16/2022, 13:38:07,819
IMSCARED0,IMSCARED,259,05/16/2022, 14:14:51,819
IMSCARED0,IMSCARED,260,05/16/2022, 15:16:15,819
IMSCARED0,IMSCARED,260,05/16/2022, 16:22:16,819
IMSCARED0,IMSCARED,261,05/16/2022, 17:20:07,819
IMSCARED0,IMSCARED,261,05/16/2022, 18:18:47,819
IMSCARED0,IMSCARED,261,05/16/2022, 19:11:39,819
IMSCARED0,IMSCARED,261,05/16/2022, 20:15:47,819
IMSCARED0,IMSCARED,262,05/16/2022, 21:13:16,819
IMSCARED0,IMSCARED,262,05/16/2022, 22:14:06,819
IMSCARED0,IMSCARED,262,05/16/2022, 23:14:38,819
IMSCARED0,IMSCARED,264,05/17/2022, 01:05:46,819
IMSCARED0,IMSCARED,267,05/17/2022, 03:22:28,819
IMSCARED0,IMSCARED,267,05/17/2022, 04:29:27,819
IMSCARED0,IMSCARED,268,05/17/2022, 05:18:49,819
IMSCARED0,IMSCARED,269,05/17/2022, 06:18:22,819
IMSCARED0,IMSCARED,269,05/17/2022, 07:13:35,819
IMSCARED0,IMSCARED,269,05/17/2022, 08:18:55,819
IMSCARED0,IMSCARED,270,05/17/2022, 09:14:20,819
IMSCARED0,IMSCARED,270,05/17/2022, 10:15:35,819
IMSCARED0,IMSCARED,271,05/17/2022, 11:12:19,819
IMSCARED0,IMSCARED,271,05/17/2022, 12:28:52,819
IMSCARED0,IMSCARED,272,05/17/2022, 13:32:57,819
IMSCARED0,IMSCARED,272,05/17/2022, 14:12:17,819
IMSCARED0,IMSCARED,273,05/17/2022, 15:15:07,819
IMSCARED0,IMSCARED,273,05/17/2022, 16:20:54,819
IMSCARED0,IMSCARED,273,05/17/2022, 17:21:13,819
IMSCARED0,IMSCARED,273,05/17/2022, 18:17:48,819
IMSCARED0,IMSCARED,275,05/17/2022, 19:10:11,819
IMSCARED0,IMSCARED,275,05/17/2022, 20:15:04,819
IMSCARED0,IMSCARED,276,05/17/2022, 21:10:55,819
IMSCARED0,IMSCARED,276,05/17/2022, 22:14:51,819
IMSCARED0,IMSCARED,276,05/17/2022, 23:14:20,819
IMSCARED0,IMSCARED,276,05/18/2022, 00:55:41,819
IMSCARED0,IMSCARED,277,05/18/2022, 02:53:42,819
IMSCARED0,IMSCARED,277,05/18/2022, 03:51:43,819
IMSCARED0,IMSCARED,277,05/18/2022, 04:26:52,819
IMSCARED0,IMSCARED,277,05/18/2022, 05:18:44,819
IMSCARED0,IMSCARED,278,05/18/2022, 06:18:25,819
IMSCARED0,IMSCARED,278,05/18/2022, 07:13:34,819
IMSCARED0,IMSCARED,279,05/18/2022, 08:17:27,819
IMSCARED0,IMSCARED,279,05/18/2022, 09:17:27,819
IMSCARED0,IMSCARED,279,05/18/2022, 10:15:41,819
IMSCARED0,IMSCARED,279,05/18/2022, 11:12:20,819
IMSCARED0,IMSCARED,280,05/18/2022, 12:27:38,819
IMSCARED0,IMSCARED,280,05/18/2022, 13:37:20,819
IMSCARED0,IMSCARED,280,05/18/2022, 14:16:12,819
IMSCARED0,IMSCARED,281,05/18/2022, 15:15:12,819
IMSCARED0,IMSCARED,282,05/18/2022, 16:19:36,819
IMSCARED0,IMSCARED,282,05/18/2022, 17:21:31,819
IMSCARED0,IMSCARED,282,05/18/2022, 18:19:12,819
IMSCARED0,IMSCARED,283,05/18/2022, 19:12:09,819
IMSCARED0,IMSCARED,283,05/18/2022, 20:15:19,819
IMSCARED0,IMSCARED,284,05/18/2022, 21:13:28,819
IMSCARED0,IMSCARED,285,05/18/2022, 22:14:05,819
IMSCARED0,IMSCARED,288,05/18/2022, 23:14:12,819
IMSCARED0,IMSCARED,289,05/19/2022, 01:16:46,819
IMSCARED0,IMSCARED,289,05/19/2022, 03:23:06,819
IMSCARED0,IMSCARED,289,05/19/2022, 04:29:14,819
IMSCARED0,IMSCARED,289,05/19/2022, 05:18:59,819
IMSCARED0,IMSCARED,289,05/19/2022, 06:18:07,819
IMSCARED0,IMSCARED,289,05/19/2022, 07:13:57,819
IMSCARED0,IMSCARED,289,05/19/2022, 08:18:29,819
IMSCARED0,IMSCARED,289,05/19/2022, 09:14:52,819
