LIER01337,OpenVitaLiero,3,05/14/2026, 20:27:25,1398
LIER01337,OpenVitaLiero,9,05/14/2026, 22:08:12,1398
LIER01337,OpenVitaLiero,20,05/14/2026, 23:56:16,1398
LIER01337,OpenVitaLiero,29,05/15/2026, 02:47:57,1398
LIER01337,OpenVitaLiero,38,05/15/2026, 06:32:37,1398
LIER01337,OpenVitaLiero,46,05/15/2026, 09:45:52,1398
LIER01337,OpenVitaLiero,49,05/15/2026, 11:53:39,1398
LIER01337,OpenVitaLiero,53,05/15/2026, 13:59:43,1398
LIER01337,OpenVitaLiero,60,05/15/2026, 16:04:56,1398
LIER01337,OpenVitaLiero,68,05/15/2026, 18:21:55,1398
LIER01337,OpenVitaLiero,72,05/15/2026, 20:15:11,1398
LIER01337,OpenVitaLiero,77,05/15/2026, 21:58:13,1398
LIER01337,OpenVitaLiero,83,05/15/2026, 22:54:12,1398
LIER01337,OpenVitaLiero,86,05/15/2026, 23:54:21,1398
LIER01337,OpenVitaLiero,87,05/16/2026, 02:37:11,1398
LIER01337,OpenVitaLiero,99,05/16/2026, 05:52:42,1398
LIER01337,OpenVitaLiero,106,05/16/2026, 08:00:03,1398
LIER01337,OpenVitaLiero,109,05/16/2026, 09:44:41,1398
LIER01337,OpenVitaLiero,111,05/16/2026, 11:01:41,1398
LIER01337,OpenVitaLiero,113,05/16/2026, 11:58:39,1398
LIER01337,OpenVitaLiero,120,05/16/2026, 13:21:31,1398
LIER01337,OpenVitaLiero,126,05/16/2026, 14:54:42,1398
LIER01337,OpenVitaLiero,128,05/16/2026, 15:56:44,1398
LIER01337,OpenVitaLiero,131,05/16/2026, 16:56:28,1398
LIER01337,OpenVitaLiero,133,05/16/2026, 17:54:44,1398
LIER01337,OpenVitaLiero,137,05/16/2026, 19:00:38,1398
LIER01337,OpenVitaLiero,139,05/16/2026, 20:04:34,1398
LIER01337,OpenVitaLiero,144,05/16/2026, 21:45:01,1398
