LIFELUAJT,LifeLua,0,06/09/2025, 19:14:02,1275
LIFELUAJT,LifeLua,7,06/09/2025, 20:19:21,1275
LIFELUAJT,LifeLua,13,06/09/2025, 21:16:44,1275
LIFELUAJT,LifeLua,19,06/09/2025, 22:17:20,1275
LIFELUAJT,LifeLua,25,06/09/2025, 23:16:43,1275
LIFELUAJT,LifeLua,36,06/10/2025, 01:19:25,1275
LIFELUAJT,LifeLua,42,06/10/2025, 03:17:21,1275
LIFELUAJT,LifeLua,47,06/10/2025, 04:25:51,1275
LIFELUAJT,LifeLua,49,06/10/2025, 05:17:23,1275
LIFELUAJT,LifeLua,54,06/10/2025, 06:24:45,1275
LIFELUAJT,LifeLua,56,06/10/2025, 07:16:54,1275
LIFELUAJT,LifeLua,57,06/10/2025, 08:23:38,1275
LIFELUAJT,LifeLua,58,06/10/2025, 09:19:28,1275
LIFELUAJT,LifeLua,58,06/10/2025, 10:19:05,1275
LIFELUAJT,LifeLua,59,06/10/2025, 11:15:29,1275
LIFELUAJT,LifeLua,63,06/10/2025, 12:34:52,1275
LIFELUAJT,LifeLua,65,06/10/2025, 13:32:05,1275
LIFELUAJT,LifeLua,68,06/10/2025, 14:17:44,1275
LIFELUAJT,LifeLua,72,06/10/2025, 15:18:47,1275
LIFELUAJT,LifeLua,77,06/10/2025, 16:21:44,1275
LIFELUAJT,LifeLua,77,06/10/2025, 17:15:45,1275
LIFELUAJT,LifeLua,78,06/10/2025, 18:23:42,1275
LIFELUAJT,LifeLua,83,06/10/2025, 19:14:04,1275
LIFELUAJT,LifeLua,87,06/10/2025, 20:19:44,1275
LIFELUAJT,LifeLua,91,06/10/2025, 21:17:02,1275
LIFELUAJT,LifeLua,99,06/10/2025, 23:16:30,1275
LIFELUAJT,LifeLua,112,06/11/2025, 03:16:25,1275
LIFELUAJT,LifeLua,114,06/11/2025, 04:26:29,1275
LIFELUAJT,LifeLua,119,06/11/2025, 06:24:55,1275
LIFELUAJT,LifeLua,122,06/11/2025, 07:17:24,1275
LIFELUAJT,LifeLua,126,06/11/2025, 08:24:02,1275
LIFELUAJT,LifeLua,127,06/11/2025, 09:18:44,1275
LIFELUAJT,LifeLua,131,06/11/2025, 11:15:48,1275
LIFELUAJT,LifeLua,135,06/11/2025, 14:15:57,1275
LIFELUAJT,LifeLua,141,06/11/2025, 15:19:28,1275
LIFELUAJT,LifeLua,143,06/11/2025, 17:16:18,1275
LIFELUAJT,LifeLua,149,06/11/2025, 18:24:31,1275
LIFELUAJT,LifeLua,151,06/11/2025, 19:14:20,1275
LIFELUAJT,LifeLua,155,06/11/2025, 20:17:57,1275
LIFELUAJT,LifeLua,157,06/11/2025, 21:16:36,1275
LIFELUAJT,LifeLua,162,06/11/2025, 22:17:05,1275
LIFELUAJT,LifeLua,164,06/11/2025, 23:18:10,1275
LIFELUAJT,LifeLua,171,06/12/2025, 01:18:00,1275
LIFELUAJT,LifeLua,177,06/12/2025, 03:14:50,1275
LIFELUAJT,LifeLua,179,06/12/2025, 04:24:51,1275
LIFELUAJT,LifeLua,179,06/12/2025, 05:17:27,1275
LIFELUAJT,LifeLua,183,06/12/2025, 07:17:41,1275
LIFELUAJT,LifeLua,184,06/12/2025, 09:18:55,1275
LIFELUAJT,LifeLua,186,06/12/2025, 10:19:26,1275
LIFELUAJT,LifeLua,186,06/12/2025, 11:15:23,1275
LIFELUAJT,LifeLua,188,06/12/2025, 12:33:52,1275
LIFELUAJT,LifeLua,189,06/12/2025, 13:31:40,1275
LIFELUAJT,LifeLua,190,06/12/2025, 14:17:32,1275
LIFELUAJT,LifeLua,195,06/12/2025, 15:18:45,1275
LIFELUAJT,LifeLua,198,06/12/2025, 16:21:08,1275
LIFELUAJT,LifeLua,198,06/12/2025, 17:16:17,1275
LIFELUAJT,LifeLua,201,06/12/2025, 18:23:14,1275
LIFELUAJT,LifeLua,203,06/12/2025, 19:13:54,1275
LIFELUAJT,LifeLua,208,06/12/2025, 20:19:31,1275
LIFELUAJT,LifeLua,212,06/12/2025, 21:16:41,1275
LIFELUAJT,LifeLua,214,06/12/2025, 22:16:47,1275
LIFELUAJT,LifeLua,216,06/12/2025, 23:16:56,1275
LIFELUAJT,LifeLua,220,06/13/2025, 01:19:16,1275
LIFELUAJT,LifeLua,222,06/13/2025, 03:16:34,1275
LIFELUAJT,LifeLua,223,06/13/2025, 04:25:28,1275
LIFELUAJT,LifeLua,225,06/13/2025, 05:17:08,1275
LIFELUAJT,LifeLua,227,06/13/2025, 06:25:09,1275
LIFELUAJT,LifeLua,230,06/13/2025, 07:16:49,1275
LIFELUAJT,LifeLua,231,06/13/2025, 08:22:42,1275
LIFELUAJT,LifeLua,233,06/13/2025, 09:19:10,1275
LIFELUAJT,LifeLua,233,06/13/2025, 10:19:06,1275
LIFELUAJT,LifeLua,234,06/13/2025, 11:15:34,1275
LIFELUAJT,LifeLua,236,06/13/2025, 12:33:59,1275
LIFELUAJT,LifeLua,236,06/13/2025, 13:29:56,1275
LIFELUAJT,LifeLua,243,06/13/2025, 15:18:37,1275
LIFELUAJT,LifeLua,247,06/13/2025, 16:21:30,1275
LIFELUAJT,LifeLua,251,06/13/2025, 17:15:10,1275
LIFELUAJT,LifeLua,254,06/13/2025, 18:23:48,1275
LIFELUAJT,LifeLua,255,06/13/2025, 19:14:18,1275
LIFELUAJT,LifeLua,258,06/13/2025, 20:18:59,1275
LIFELUAJT,LifeLua,261,06/13/2025, 21:16:48,1275
