LNLY00001,Evie,0,03/09/2023, 23:14:08,1053
LNLY00001,Evie,3,03/10/2023, 01:05:05,1053
LNLY00001,Evie,6,03/10/2023, 02:53:39,1053
LNLY00001,Evie,7,03/10/2023, 03:23:59,1053
LNLY00001,Evie,8,03/10/2023, 04:15:46,1053
LNLY00001,Evie,13,03/10/2023, 05:12:32,1053
LNLY00001,Evie,16,03/10/2023, 06:17:19,1053
LNLY00001,Evie,17,03/10/2023, 07:12:28,1053
LNLY00001,Evie,19,03/10/2023, 08:16:56,1053
LNLY00001,Evie,19,03/10/2023, 09:13:37,1053
LNLY00001,Evie,20,03/10/2023, 10:14:20,1053
LNLY00001,Evie,21,03/10/2023, 11:11:26,1053
LNLY00001,Evie,25,03/10/2023, 12:24:23,1053
LNLY00001,Evie,25,03/10/2023, 13:23:06,1053
LNLY00001,Evie,28,03/10/2023, 14:12:33,1053
LNLY00001,Evie,32,03/10/2023, 15:12:27,1053
LNLY00001,Evie,37,03/10/2023, 16:17:33,1053
LNLY00001,Evie,40,03/10/2023, 17:11:28,1053
LNLY00001,Evie,43,03/10/2023, 18:14:50,1053
LNLY00001,Evie,45,03/10/2023, 19:10:15,1053
LNLY00001,Evie,46,03/10/2023, 20:13:08,1053
LNLY00001,Evie,50,03/10/2023, 21:11:04,1053
LNLY00001,Evie,53,03/10/2023, 22:11:51,1053
LNLY00001,Evie,54,03/10/2023, 23:12:18,1053
LNLY00001,Evie,57,03/11/2023, 00:56:17,1053
LNLY00001,Evie,59,03/11/2023, 02:08:45,1053
LNLY00001,Evie,63,03/11/2023, 03:13:04,1053
LNLY00001,Evie,64,03/11/2023, 04:14:29,1053
LNLY00001,Evie,67,03/11/2023, 05:11:28,1053
LNLY00001,Evie,67,03/11/2023, 06:14:58,1053
LNLY00001,Evie,69,03/11/2023, 07:10:54,1053
LNLY00001,Evie,70,03/11/2023, 08:14:50,1053
LNLY00001,Evie,72,03/11/2023, 09:11:38,1053
LNLY00001,Evie,75,03/11/2023, 10:12:17,1053
LNLY00001,Evie,78,03/11/2023, 11:10:23,1053
LNLY00001,Evie,80,03/11/2023, 12:20:49,1053
LNLY00001,Evie,82,03/11/2023, 13:15:26,1053
LNLY00001,Evie,82,03/11/2023, 14:10:24,1053
LNLY00001,Evie,86,03/11/2023, 15:11:37,1053
LNLY00001,Evie,88,03/11/2023, 16:15:04,1053
LNLY00001,Evie,89,03/11/2023, 17:10:40,1053
LNLY00001,Evie,89,03/11/2023, 18:14:10,1053
LNLY00001,Evie,91,03/11/2023, 19:09:56,1053
LNLY00001,Evie,94,03/11/2023, 20:12:11,1053
LNLY00001,Evie,95,03/11/2023, 21:10:16,1053
LNLY00001,Evie,97,03/11/2023, 22:11:06,1053
LNLY00001,Evie,100,03/11/2023, 23:12:00,1053
LNLY00001,Evie,106,03/12/2023, 01:04:20,1053
LNLY00001,Evie,106,03/12/2023, 02:43:52,1053
LNLY00001,Evie,106,03/12/2023, 03:14:13,1053
LNLY00001,Evie,108,03/12/2023, 04:14:36,1053
LNLY00001,Evie,110,03/12/2023, 05:11:08,1053
LNLY00001,Evie,111,03/12/2023, 06:15:01,1053
LNLY00001,Evie,113,03/12/2023, 07:10:40,1053
LNLY00001,Evie,118,03/12/2023, 08:14:32,1053
LNLY00001,Evie,120,03/12/2023, 09:11:23,1053
LNLY00001,Evie,122,03/12/2023, 10:12:14,1053
LNLY00001,Evie,124,03/12/2023, 11:09:50,1053
LNLY00001,Evie,124,03/12/2023, 12:21:14,1053
LNLY00001,Evie,125,03/12/2023, 13:16:00,1053
LNLY00001,Evie,128,03/12/2023, 14:10:42,1053
LNLY00001,Evie,129,03/12/2023, 15:11:43,1053
LNLY00001,Evie,129,03/12/2023, 16:14:37,1053
LNLY00001,Evie,129,03/12/2023, 17:10:35,1053
LNLY00001,Evie,132,03/12/2023, 18:13:59,1053
LNLY00001,Evie,135,03/12/2023, 19:09:43,1053
LNLY00001,Evie,139,03/12/2023, 20:12:28,1053
LNLY00001,Evie,140,03/12/2023, 21:10:35,1053
LNLY00001,Evie,144,03/12/2023, 22:11:19,1053
LNLY00001,Evie,147,03/12/2023, 23:11:48,1053
LNLY00001,Evie,151,03/13/2023, 01:00:37,1053
LNLY00001,Evie,154,03/13/2023, 02:16:36,1053
LNLY00001,Evie,158,03/13/2023, 03:13:13,1053
LNLY00001,Evie,158,03/13/2023, 04:15:11,1053
LNLY00001,Evie,159,03/13/2023, 05:12:21,1053
LNLY00001,Evie,159,03/13/2023, 06:16:39,1053
LNLY00001,Evie,159,03/13/2023, 07:11:51,1053
LNLY00001,Evie,161,03/13/2023, 08:16:41,1053
LNLY00001,Evie,164,03/13/2023, 09:13:51,1053
LNLY00001,Evie,166,03/13/2023, 10:14:17,1053
LNLY00001,Evie,167,03/13/2023, 11:10:27,1053
LNLY00001,Evie,167,03/13/2023, 12:24:38,1053
LNLY00001,Evie,167,03/13/2023, 13:21:16,1053
LNLY00001,Evie,169,03/13/2023, 14:12:16,1053
LNLY00001,Evie,171,03/13/2023, 15:12:13,1053
LNLY00001,Evie,171,03/13/2023, 16:16:54,1053
LNLY00001,Evie,171,03/13/2023, 17:11:56,1053
LNLY00001,Evie,173,03/13/2023, 18:14:47,1053
LNLY00001,Evie,174,03/13/2023, 19:10:26,1053
LNLY00001,Evie,175,03/13/2023, 20:13:27,1053
LNLY00001,Evie,177,03/13/2023, 21:11:39,1053
LNLY00001,Evie,179,03/13/2023, 22:12:26,1053
LNLY00001,Evie,180,03/13/2023, 23:12:49,1053
LNLY00001,Evie,182,03/14/2023, 00:53:38,1053
LNLY00001,Evie,184,03/14/2023, 02:01:38,1053
LNLY00001,Evie,185,03/14/2023, 03:13:39,1053
LNLY00001,Evie,185,03/14/2023, 04:15:31,1053
LNLY00001,Evie,185,03/14/2023, 05:12:22,1053
LNLY00001,Evie,186,03/14/2023, 06:16:59,1053
LNLY00001,Evie,187,03/14/2023, 07:13:03,1053
LNLY00001,Evie,188,03/14/2023, 08:18:04,1053
LNLY00001,Evie,188,03/14/2023, 09:14:20,1053
LNLY00001,Evie,188,03/14/2023, 10:15:10,1053
LNLY00001,Evie,189,03/14/2023, 11:12:12,1053
LNLY00001,Evie,189,03/14/2023, 12:30:15,1053
LNLY00001,Evie,189,03/14/2023, 13:30:48,1053
LNLY00001,Evie,189,03/14/2023, 14:14:03,1053
LNLY00001,Evie,189,03/14/2023, 15:16:07,1053
LNLY00001,Evie,189,03/14/2023, 16:20:08,1053
LNLY00001,Evie,190,03/14/2023, 17:16:50,1053
LNLY00001,Evie,190,03/14/2023, 18:18:25,1053
LNLY00001,Evie,191,03/14/2023, 19:12:27,1053
LNLY00001,Evie,191,03/14/2023, 20:16:58,1053
LNLY00001,Evie,192,03/14/2023, 21:11:24,1053
LNLY00001,Evie,193,03/14/2023, 22:11:42,1053
LNLY00001,Evie,195,03/14/2023, 23:12:32,1053
LNLY00001,Evie,198,03/15/2023, 01:01:14,1053
LNLY00001,Evie,199,03/15/2023, 02:16:02,1053
LNLY00001,Evie,199,03/15/2023, 03:13:14,1053
LNLY00001,Evie,200,03/15/2023, 04:15:10,1053
LNLY00001,Evie,200,03/15/2023, 05:12:06,1053
LNLY00001,Evie,200,03/15/2023, 06:16:22,1053
LNLY00001,Evie,200,03/15/2023, 07:11:52,1053
LNLY00001,Evie,200,03/15/2023, 08:16:22,1053
LNLY00001,Evie,200,03/15/2023, 09:13:22,1053
LNLY00001,Evie,200,03/15/2023, 10:13:58,1053
LNLY00001,Evie,200,03/15/2023, 11:11:00,1053
LNLY00001,Evie,200,03/15/2023, 12:23:34,1053
LNLY00001,Evie,200,03/15/2023, 13:20:51,1053
LNLY00001,Evie,201,03/15/2023, 14:11:53,1053
LNLY00001,Evie,202,03/15/2023, 15:13:23,1053
LNLY00001,Evie,202,03/15/2023, 16:17:31,1053
LNLY00001,Evie,202,03/15/2023, 17:12:26,1053
LNLY00001,Evie,203,03/15/2023, 18:15:45,1053
LNLY00001,Evie,203,03/15/2023, 19:10:46,1053
LNLY00001,Evie,204,03/15/2023, 20:13:27,1053
LNLY00001,Evie,206,03/15/2023, 21:11:41,1053
LNLY00001,Evie,208,03/15/2023, 22:12:01,1053
LNLY00001,Evie,209,03/15/2023, 23:10:35,1053
LNLY00001,Evie,213,03/16/2023, 01:02:37,1053
LNLY00001,Evie,215,03/16/2023, 02:36:53,1053
LNLY00001,Evie,215,03/16/2023, 03:13:23,1053
LNLY00001,Evie,215,03/16/2023, 04:15:02,1053
LNLY00001,Evie,216,03/16/2023, 05:12:12,1053
LNLY00001,Evie,216,03/16/2023, 06:16:03,1053
LNLY00001,Evie,218,03/16/2023, 07:12:11,1053
LNLY00001,Evie,218,03/16/2023, 08:16:24,1053
LNLY00001,Evie,218,03/16/2023, 09:13:49,1053
LNLY00001,Evie,218,03/16/2023, 10:13:57,1053
LNLY00001,Evie,218,03/16/2023, 11:11:04,1053
LNLY00001,Evie,219,03/16/2023, 12:23:43,1053
LNLY00001,Evie,219,03/16/2023, 13:21:38,1053
LNLY00001,Evie,220,03/16/2023, 14:12:30,1053
LNLY00001,Evie,220,03/16/2023, 15:13:43,1053
LNLY00001,Evie,221,03/16/2023, 16:19:29,1053
LNLY00001,Evie,221,03/16/2023, 17:12:08,1053
LNLY00001,Evie,221,03/16/2023, 18:15:39,1053
LNLY00001,Evie,222,03/16/2023, 19:10:26,1053
LNLY00001,Evie,225,03/16/2023, 20:13:23,1053
LNLY00001,Evie,225,03/16/2023, 21:11:20,1053
LNLY00001,Evie,227,03/16/2023, 22:12:10,1053
LNLY00001,Evie,227,03/16/2023, 23:12:45,1053
LNLY00001,Evie,229,03/17/2023, 01:00:35,1053
LNLY00001,Evie,229,03/17/2023, 02:13:48,1053
LNLY00001,Evie,229,03/17/2023, 03:13:17,1053
LNLY00001,Evie,229,03/17/2023, 04:15:02,1053
LNLY00001,Evie,230,03/17/2023, 05:11:47,1053
LNLY00001,Evie,230,03/17/2023, 06:14:32,1053
LNLY00001,Evie,230,03/17/2023, 07:11:44,1053
LNLY00001,Evie,230,03/17/2023, 08:15:53,1053
LNLY00001,Evie,230,03/17/2023, 09:13:00,1053
LNLY00001,Evie,230,03/17/2023, 10:13:34,1053
LNLY00001,Evie,231,03/17/2023, 11:10:54,1053
LNLY00001,Evie,231,03/17/2023, 12:23:22,1053
LNLY00001,Evie,232,03/17/2023, 13:19:40,1053
LNLY00001,Evie,233,03/17/2023, 14:12:08,1053
LNLY00001,Evie,233,03/17/2023, 15:12:51,1053
LNLY00001,Evie,235,03/17/2023, 16:16:26,1053
LNLY00001,Evie,236,03/17/2023, 17:11:32,1053
LNLY00001,Evie,236,03/17/2023, 18:14:36,1053
LNLY00001,Evie,236,03/17/2023, 19:10:24,1053
LNLY00001,Evie,237,03/17/2023, 20:13:27,1053
LNLY00001,Evie,237,03/17/2023, 21:10:59,1053
LNLY00001,Evie,237,03/17/2023, 22:11:44,1053
LNLY00001,Evie,237,03/17/2023, 23:12:16,1053
LNLY00001,Evie,237,03/18/2023, 00:59:32,1053
LNLY00001,Evie,237,03/18/2023, 02:12:48,1053
LNLY00001,Evie,239,03/18/2023, 03:13:02,1053
LNLY00001,Evie,239,03/18/2023, 04:14:32,1053
LNLY00001,Evie,240,03/18/2023, 05:11:11,1053
LNLY00001,Evie,240,03/18/2023, 06:14:56,1053
LNLY00001,Evie,241,03/18/2023, 07:11:07,1053
LNLY00001,Evie,241,03/18/2023, 08:14:45,1053
LNLY00001,Evie,241,03/18/2023, 09:11:29,1053
LNLY00001,Evie,241,03/18/2023, 10:12:16,1053
LNLY00001,Evie,242,03/18/2023, 11:10:16,1053
LNLY00001,Evie,243,03/18/2023, 12:21:04,1053
LNLY00001,Evie,243,03/18/2023, 13:15:50,1053
LNLY00001,Evie,243,03/18/2023, 14:10:41,1053
LNLY00001,Evie,243,03/18/2023, 15:11:59,1053
LNLY00001,Evie,243,03/18/2023, 16:15:04,1053
LNLY00001,Evie,246,03/18/2023, 17:10:28,1053
LNLY00001,Evie,247,03/18/2023, 18:14:22,1053
LNLY00001,Evie,248,03/18/2023, 19:09:38,1053
