MEIR00003,Hurrican,5,02/15/2021, 11:09:43,617
MEIR00003,Hurrican,19,02/15/2021, 12:13:31,617
MEIR00003,Hurrican,26,02/15/2021, 13:11:18,617
MEIR00003,Hurrican,40,02/15/2021, 14:10:03,617
MEIR00003,Hurrican,61,02/15/2021, 15:09:43,617
MEIR00003,Hurrican,78,02/15/2021, 16:16:10,617
MEIR00003,Hurrican,101,02/15/2021, 17:22:59,617
MEIR00003,Hurrican,114,02/15/2021, 18:11:21,617
MEIR00003,Hurrican,117,02/15/2021, 19:07:37,617
MEIR00003,Hurrican,138,02/15/2021, 20:09:59,617
MEIR00003,Hurrican,149,02/15/2021, 21:09:01,617
MEIR00003,Hurrican,161,02/15/2021, 22:10:48,617
MEIR00003,Hurrican,163,02/15/2021, 23:10:32,617
MEIR00003,Hurrican,173,02/16/2021, 00:24:10,617
MEIR00003,Hurrican,179,02/16/2021, 01:34:28,617
MEIR00003,Hurrican,181,02/16/2021, 02:15:46,617
MEIR00003,Hurrican,186,02/16/2021, 03:10:27,617
MEIR00003,Hurrican,195,02/16/2021, 04:12:04,617
MEIR00003,Hurrican,199,02/16/2021, 05:09:39,617
MEIR00003,Hurrican,202,02/16/2021, 06:10:57,617
MEIR00003,Hurrican,205,02/16/2021, 07:09:43,617
MEIR00003,Hurrican,207,02/16/2021, 08:11:42,617
MEIR00003,Hurrican,213,02/16/2021, 09:10:22,617
MEIR00003,Hurrican,217,02/16/2021, 10:11:02,617
MEIR00003,Hurrican,219,02/16/2021, 11:09:36,617
MEIR00003,Hurrican,222,02/16/2021, 12:13:10,617
MEIR00003,Hurrican,226,02/16/2021, 13:10:01,617
MEIR00003,Hurrican,229,02/16/2021, 14:10:19,617
MEIR00003,Hurrican,235,02/16/2021, 15:09:29,617
MEIR00003,Hurrican,240,02/16/2021, 16:15:55,617
MEIR00003,Hurrican,247,02/16/2021, 17:22:16,617
MEIR00003,Hurrican,251,02/16/2021, 18:11:14,617
MEIR00003,Hurrican,252,02/16/2021, 19:07:35,617
MEIR00003,Hurrican,258,02/16/2021, 20:10:07,617
MEIR00003,Hurrican,262,02/16/2021, 21:08:56,617
MEIR00003,Hurrican,268,02/16/2021, 22:10:44,617
MEIR00003,Hurrican,272,02/16/2021, 23:10:24,617
MEIR00003,Hurrican,273,02/17/2021, 00:24:12,617
MEIR00003,Hurrican,275,02/17/2021, 01:33:59,617
MEIR00003,Hurrican,277,02/17/2021, 02:13:42,617
MEIR00003,Hurrican,278,02/17/2021, 03:10:46,617
MEIR00003,Hurrican,278,02/17/2021, 04:12:03,617
MEIR00003,Hurrican,281,02/17/2021, 05:09:35,617
MEIR00003,Hurrican,281,02/17/2021, 06:09:18,617
MEIR00003,Hurrican,281,02/17/2021, 07:10:04,617
MEIR00003,Hurrican,282,02/17/2021, 08:12:15,617
MEIR00003,Hurrican,283,02/17/2021, 09:10:26,617
MEIR00003,Hurrican,287,02/17/2021, 10:11:15,617
MEIR00003,Hurrican,287,02/17/2021, 11:09:34,617
MEIR00003,Hurrican,288,02/17/2021, 12:13:01,617
MEIR00003,Hurrican,289,02/17/2021, 13:10:07,617
MEIR00003,Hurrican,291,02/17/2021, 14:23:12,617
MEIR00003,Hurrican,295,02/17/2021, 15:20:05,617
MEIR00003,Hurrican,297,02/17/2021, 16:16:01,617
MEIR00003,Hurrican,298,02/17/2021, 17:27:00,617
MEIR00003,Hurrican,298,02/17/2021, 18:09:25,617
MEIR00003,Hurrican,299,02/17/2021, 19:06:45,617
MEIR00003,Hurrican,301,02/17/2021, 20:10:20,617
MEIR00003,Hurrican,303,02/17/2021, 21:09:03,617
MEIR00003,Hurrican,306,02/17/2021, 22:09:09,617
MEIR00003,Hurrican,308,02/17/2021, 23:10:11,617
MEIR00003,Hurrican,310,02/18/2021, 00:24:41,617
MEIR00003,Hurrican,313,02/18/2021, 01:34:49,617
MEIR00003,Hurrican,317,02/18/2021, 02:15:42,617
MEIR00003,Hurrican,318,02/18/2021, 03:10:14,617
MEIR00003,Hurrican,322,02/18/2021, 04:12:22,617
MEIR00003,Hurrican,324,02/18/2021, 05:09:52,617
MEIR00003,Hurrican,327,02/18/2021, 06:11:01,617
MEIR00003,Hurrican,328,02/18/2021, 07:09:42,617
MEIR00003,Hurrican,331,02/18/2021, 08:11:49,617
MEIR00003,Hurrican,333,02/18/2021, 09:10:24,617
MEIR00003,Hurrican,335,02/18/2021, 10:11:09,617
MEIR00003,Hurrican,336,02/18/2021, 11:09:42,617
MEIR00003,Hurrican,336,02/18/2021, 12:13:21,617
MEIR00003,Hurrican,337,02/18/2021, 13:10:35,617
MEIR00003,Hurrican,340,02/18/2021, 14:10:18,617
MEIR00003,Hurrican,341,02/18/2021, 15:09:52,617
MEIR00003,Hurrican,348,02/18/2021, 16:16:13,617
MEIR00003,Hurrican,349,02/18/2021, 17:23:13,617
MEIR00003,Hurrican,349,02/18/2021, 18:11:07,617
MEIR00003,Hurrican,352,02/18/2021, 19:07:27,617
MEIR00003,Hurrican,353,02/18/2021, 20:10:19,617
MEIR00003,Hurrican,356,02/18/2021, 21:09:03,617
MEIR00003,Hurrican,357,02/18/2021, 22:10:44,617
MEIR00003,Hurrican,362,02/18/2021, 23:10:24,617
MEIR00003,Hurrican,366,02/19/2021, 00:24:14,617
MEIR00003,Hurrican,367,02/19/2021, 01:34:50,617
MEIR00003,Hurrican,369,02/19/2021, 02:16:00,617
MEIR00003,Hurrican,370,02/19/2021, 03:10:31,617
MEIR00003,Hurrican,371,02/19/2021, 04:12:18,617
MEIR00003,Hurrican,372,02/19/2021, 05:10:01,617
MEIR00003,Hurrican,373,02/19/2021, 06:11:06,617
MEIR00003,Hurrican,373,02/19/2021, 07:09:27,617
MEIR00003,Hurrican,375,02/19/2021, 08:11:49,617
MEIR00003,Hurrican,376,02/19/2021, 09:10:36,617
MEIR00003,Hurrican,378,02/19/2021, 10:11:20,617
MEIR00003,Hurrican,378,02/19/2021, 11:09:36,617
MEIR00003,Hurrican,378,02/19/2021, 12:13:09,617
MEIR00003,Hurrican,379,02/19/2021, 13:10:44,617
MEIR00003,Hurrican,379,02/19/2021, 14:10:06,617
MEIR00003,Hurrican,381,02/19/2021, 15:09:47,617
MEIR00003,Hurrican,382,02/19/2021, 16:16:10,617
MEIR00003,Hurrican,383,02/19/2021, 17:23:18,617
MEIR00003,Hurrican,383,02/19/2021, 18:11:02,617
MEIR00003,Hurrican,384,02/19/2021, 19:07:53,617
MEIR00003,Hurrican,384,02/19/2021, 20:10:25,617
MEIR00003,Hurrican,385,02/19/2021, 21:08:57,617
MEIR00003,Hurrican,386,02/19/2021, 22:10:48,617
MEIR00003,Hurrican,389,02/19/2021, 23:10:37,617
MEIR00003,Hurrican,391,02/20/2021, 00:24:07,617
MEIR00003,Hurrican,394,02/20/2021, 01:34:19,617
MEIR00003,Hurrican,395,02/20/2021, 02:15:29,617
MEIR00003,Hurrican,396,02/20/2021, 03:10:19,617
MEIR00003,Hurrican,398,02/20/2021, 04:12:08,617
MEIR00003,Hurrican,401,02/20/2021, 05:09:44,617
MEIR00003,Hurrican,402,02/20/2021, 06:10:55,617
MEIR00003,Hurrican,402,02/20/2021, 07:09:44,617
MEIR00003,Hurrican,402,02/20/2021, 08:11:53,617
MEIR00003,Hurrican,405,02/20/2021, 09:10:22,617
MEIR00003,Hurrican,406,02/20/2021, 10:10:57,617
MEIR00003,Hurrican,407,02/20/2021, 11:09:29,617
MEIR00003,Hurrican,408,02/20/2021, 12:13:00,617
MEIR00003,Hurrican,410,02/20/2021, 13:09:40,617
MEIR00003,Hurrican,414,02/20/2021, 14:09:57,617
MEIR00003,Hurrican,415,02/20/2021, 15:09:29,617
MEIR00003,Hurrican,417,02/20/2021, 16:15:52,617
MEIR00003,Hurrican,419,02/20/2021, 17:22:24,617
MEIR00003,Hurrican,427,02/20/2021, 18:11:15,617
MEIR00003,Hurrican,430,02/20/2021, 20:10:11,617
MEIR00003,Hurrican,433,02/20/2021, 21:08:41,617
MEIR00003,Hurrican,437,02/20/2021, 22:10:45,617
MEIR00003,Hurrican,440,02/20/2021, 23:10:17,617
MEIR00003,Hurrican,442,02/21/2021, 00:25:32,617
MEIR00003,Hurrican,443,02/21/2021, 01:36:55,617
MEIR00003,Hurrican,443,02/21/2021, 02:17:36,617
MEIR00003,Hurrican,445,02/21/2021, 03:10:21,617
MEIR00003,Hurrican,447,02/21/2021, 04:12:04,617
MEIR00003,Hurrican,450,02/21/2021, 05:09:36,617
MEIR00003,Hurrican,451,02/21/2021, 06:10:51,617
MEIR00003,Hurrican,452,02/21/2021, 07:09:39,617
MEIR00003,Hurrican,453,02/21/2021, 08:11:49,617
MEIR00003,Hurrican,453,02/21/2021, 09:10:06,617
MEIR00003,Hurrican,461,02/21/2021, 10:10:48,617
MEIR00003,Hurrican,467,02/21/2021, 11:09:32,617
MEIR00003,Hurrican,467,02/21/2021, 12:13:01,617
MEIR00003,Hurrican,469,02/21/2021, 13:09:34,617
MEIR00003,Hurrican,470,02/21/2021, 14:10:00,617
MEIR00003,Hurrican,471,02/21/2021, 15:09:30,617
MEIR00003,Hurrican,471,02/21/2021, 16:15:44,617
MEIR00003,Hurrican,473,02/21/2021, 17:21:35,617
MEIR00003,Hurrican,475,02/21/2021, 18:10:52,617
MEIR00003,Hurrican,476,02/21/2021, 19:07:45,617
MEIR00003,Hurrican,479,02/21/2021, 20:10:15,617
MEIR00003,Hurrican,481,02/21/2021, 21:08:48,617
MEIR00003,Hurrican,486,02/21/2021, 22:10:47,617
MEIR00003,Hurrican,487,02/21/2021, 23:10:29,617
MEIR00003,Hurrican,488,02/22/2021, 00:24:54,617
MEIR00003,Hurrican,488,02/22/2021, 01:36:36,617
MEIR00003,Hurrican,491,02/22/2021, 02:17:55,617
MEIR00003,Hurrican,492,02/22/2021, 03:10:36,617
MEIR00003,Hurrican,493,02/22/2021, 04:12:07,617
MEIR00003,Hurrican,494,02/22/2021, 05:09:40,617
MEIR00003,Hurrican,496,02/22/2021, 06:11:28,617
MEIR00003,Hurrican,497,02/22/2021, 07:08:24,617
MEIR00003,Hurrican,498,02/22/2021, 08:11:26,617
MEIR00003,Hurrican,498,02/22/2021, 09:08:58,617
MEIR00003,Hurrican,499,02/22/2021, 10:09:41,617
MEIR00003,Hurrican,499,02/22/2021, 11:09:47,617
MEIR00003,Hurrican,499,02/22/2021, 12:11:19,617
MEIR00003,Hurrican,499,02/22/2021, 13:08:36,617
MEIR00003,Hurrican,499,02/22/2021, 14:10:12,617
MEIR00003,Hurrican,499,02/22/2021, 15:09:46,617
MEIR00003,Hurrican,500,02/22/2021, 16:16:25,617
MEIR00003,Hurrican,503,02/22/2021, 17:24:20,617
MEIR00003,Hurrican,509,02/22/2021, 18:11:09,617
MEIR00003,Hurrican,511,02/22/2021, 19:07:46,617
MEIR00003,Hurrican,515,02/22/2021, 20:10:28,617
MEIR00003,Hurrican,516,02/22/2021, 21:09:08,617
MEIR00003,Hurrican,517,02/22/2021, 22:10:46,617
MEIR00003,Hurrican,517,02/22/2021, 23:10:40,617
MEIR00003,Hurrican,519,02/23/2021, 00:24:33,617
MEIR00003,Hurrican,522,02/23/2021, 01:36:09,617
MEIR00003,Hurrican,523,02/23/2021, 02:17:28,617
MEIR00003,Hurrican,523,02/23/2021, 03:10:44,617
MEIR00003,Hurrican,523,02/23/2021, 04:10:52,617
MEIR00003,Hurrican,524,02/23/2021, 05:09:36,617
MEIR00003,Hurrican,525,02/23/2021, 06:11:08,617
MEIR00003,Hurrican,525,02/23/2021, 07:09:48,617
MEIR00003,Hurrican,526,02/23/2021, 08:12:32,617
MEIR00003,Hurrican,527,02/23/2021, 09:10:33,617
MEIR00003,Hurrican,528,02/23/2021, 10:11:29,617
MEIR00003,Hurrican,529,02/23/2021, 11:09:47,617
MEIR00003,Hurrican,532,02/23/2021, 12:13:26,617
MEIR00003,Hurrican,532,02/23/2021, 13:16:20,617
MEIR00003,Hurrican,534,02/23/2021, 14:15:22,617
MEIR00003,Hurrican,535,02/23/2021, 15:22:20,617
MEIR00003,Hurrican,537,02/23/2021, 16:53:46,617
MEIR00003,Hurrican,538,02/23/2021, 17:27:57,617
MEIR00003,Hurrican,539,02/23/2021, 18:11:12,617
MEIR00003,Hurrican,539,02/23/2021, 19:08:08,617
MEIR00003,Hurrican,541,02/23/2021, 20:10:53,617
MEIR00003,Hurrican,543,02/23/2021, 21:09:23,617
MEIR00003,Hurrican,544,02/23/2021, 22:10:41,617
MEIR00003,Hurrican,545,02/23/2021, 23:10:34,617
MEIR00003,Hurrican,547,02/24/2021, 00:24:55,617
MEIR00003,Hurrican,547,02/24/2021, 01:37:10,617
MEIR00003,Hurrican,550,02/24/2021, 02:18:35,617
MEIR00003,Hurrican,550,02/24/2021, 03:11:07,617
MEIR00003,Hurrican,551,02/24/2021, 04:10:24,617
MEIR00003,Hurrican,553,02/24/2021, 05:09:38,617
MEIR00003,Hurrican,555,02/24/2021, 06:11:23,617
MEIR00003,Hurrican,555,02/24/2021, 07:09:28,617
MEIR00003,Hurrican,557,02/24/2021, 08:17:17,617
MEIR00003,Hurrican,557,02/24/2021, 09:16:14,617
MEIR00003,Hurrican,559,02/24/2021, 10:17:51,617
MEIR00003,Hurrican,561,02/24/2021, 11:15:36,617
MEIR00003,Hurrican,563,02/24/2021, 12:19:00,617
MEIR00003,Hurrican,566,02/24/2021, 13:17:37,617
MEIR00003,Hurrican,566,02/24/2021, 14:15:52,617
MEIR00003,Hurrican,567,02/24/2021, 15:23:50,617
MEIR00003,Hurrican,569,02/24/2021, 16:29:29,617
MEIR00003,Hurrican,572,02/24/2021, 17:30:59,617
MEIR00003,Hurrican,572,02/24/2021, 18:11:13,617
MEIR00003,Hurrican,573,02/24/2021, 19:07:30,617
MEIR00003,Hurrican,576,02/24/2021, 20:10:33,617
MEIR00003,Hurrican,577,02/24/2021, 21:09:12,617
MEIR00003,Hurrican,577,02/24/2021, 22:10:56,617
MEIR00003,Hurrican,577,02/24/2021, 23:10:22,617
MEIR00003,Hurrican,579,02/25/2021, 00:24:38,617
MEIR00003,Hurrican,580,02/25/2021, 01:37:05,617
MEIR00003,Hurrican,582,02/25/2021, 02:17:42,617
MEIR00003,Hurrican,585,02/25/2021, 03:10:38,617
MEIR00003,Hurrican,587,02/25/2021, 04:12:19,617
MEIR00003,Hurrican,587,02/25/2021, 05:09:40,617
MEIR00003,Hurrican,587,02/25/2021, 06:11:32,617
MEIR00003,Hurrican,587,02/25/2021, 07:09:32,617
MEIR00003,Hurrican,589,02/25/2021, 08:12:15,617
MEIR00003,Hurrican,589,02/25/2021, 09:16:02,617
MEIR00003,Hurrican,589,02/25/2021, 10:17:18,617
MEIR00003,Hurrican,589,02/25/2021, 11:09:43,617
MEIR00003,Hurrican,592,02/25/2021, 12:13:10,617
MEIR00003,Hurrican,592,02/25/2021, 13:11:43,617
MEIR00003,Hurrican,592,02/25/2021, 14:10:13,617
MEIR00003,Hurrican,592,02/25/2021, 15:15:55,617
MEIR00003,Hurrican,592,02/25/2021, 16:21:45,617
MEIR00003,Hurrican,593,02/25/2021, 17:30:07,617
MEIR00003,Hurrican,595,02/25/2021, 18:15:17,617
MEIR00003,Hurrican,598,02/25/2021, 19:07:30,617
MEIR00003,Hurrican,598,02/25/2021, 20:10:41,617
MEIR00003,Hurrican,598,02/25/2021, 21:09:23,617
MEIR00003,Hurrican,599,02/25/2021, 22:10:47,617
MEIR00003,Hurrican,603,02/25/2021, 23:10:58,617
MEIR00003,Hurrican,603,02/26/2021, 00:27:00,617
MEIR00003,Hurrican,604,02/26/2021, 01:37:34,617
MEIR00003,Hurrican,605,02/26/2021, 02:18:53,617
MEIR00003,Hurrican,606,02/26/2021, 03:10:58,617
MEIR00003,Hurrican,606,02/26/2021, 04:12:14,617
MEIR00003,Hurrican,607,02/26/2021, 05:09:43,617
MEIR00003,Hurrican,607,02/26/2021, 06:11:21,617
MEIR00003,Hurrican,607,02/26/2021, 07:10:06,617
MEIR00003,Hurrican,607,02/26/2021, 08:12:13,617
MEIR00003,Hurrican,609,02/26/2021, 09:10:56,617
MEIR00003,Hurrican,610,02/26/2021, 10:11:40,617
MEIR00003,Hurrican,611,02/26/2021, 11:15:19,617
MEIR00003,Hurrican,611,02/26/2021, 12:13:33,617
MEIR00003,Hurrican,612,02/26/2021, 13:12:00,617
MEIR00003,Hurrican,612,02/26/2021, 14:10:04,617
MEIR00003,Hurrican,613,02/26/2021, 15:09:40,617
MEIR00003,Hurrican,614,02/26/2021, 16:16:14,617
MEIR00003,Hurrican,618,02/26/2021, 17:26:03,617
MEIR00003,Hurrican,619,02/26/2021, 18:11:10,617
MEIR00003,Hurrican,622,02/26/2021, 19:07:33,617
MEIR00003,Hurrican,622,02/26/2021, 20:10:43,617
MEIR00003,Hurrican,623,02/26/2021, 21:09:06,617
MEIR00003,Hurrican,625,02/26/2021, 22:10:41,617
MEIR00003,Hurrican,625,02/26/2021, 23:10:48,617
MEIR00003,Hurrican,628,02/27/2021, 00:24:55,617
MEIR00003,Hurrican,629,02/27/2021, 01:37:00,617
MEIR00003,Hurrican,630,02/27/2021, 02:18:25,617
MEIR00003,Hurrican,631,02/27/2021, 03:11:04,617
MEIR00003,Hurrican,631,02/27/2021, 04:12:33,617
MEIR00003,Hurrican,631,02/27/2021, 05:09:55,617
MEIR00003,Hurrican,631,02/27/2021, 06:11:19,617
MEIR00003,Hurrican,631,02/27/2021, 07:09:50,617
MEIR00003,Hurrican,631,02/27/2021, 08:11:45,617
MEIR00003,Hurrican,631,02/27/2021, 09:10:47,617
MEIR00003,Hurrican,632,02/27/2021, 10:11:20,617
MEIR00003,Hurrican,633,02/27/2021, 11:09:45,617
MEIR00003,Hurrican,633,02/27/2021, 12:13:14,617
MEIR00003,Hurrican,633,02/27/2021, 13:10:54,617
MEIR00003,Hurrican,633,02/27/2021, 14:09:45,617
MEIR00003,Hurrican,635,02/27/2021, 15:09:34,617
MEIR00003,Hurrican,637,02/27/2021, 16:16:22,617
MEIR00003,Hurrican,639,02/27/2021, 17:25:44,617
MEIR00003,Hurrican,640,02/27/2021, 18:11:06,617
MEIR00003,Hurrican,642,02/27/2021, 19:07:41,617
MEIR00003,Hurrican,644,02/27/2021, 20:10:23,617
MEIR00003,Hurrican,646,02/27/2021, 21:09:09,617
MEIR00003,Hurrican,646,02/27/2021, 22:10:47,617
MEIR00003,Hurrican,647,02/27/2021, 23:10:47,617
MEIR00003,Hurrican,649,02/28/2021, 00:26:34,617
MEIR00003,Hurrican,650,02/28/2021, 01:40:04,617
MEIR00003,Hurrican,650,02/28/2021, 02:21:32,617
MEIR00003,Hurrican,651,02/28/2021, 03:10:47,617
MEIR00003,Hurrican,653,02/28/2021, 04:12:31,617
MEIR00003,Hurrican,654,02/28/2021, 05:10:23,617
MEIR00003,Hurrican,654,02/28/2021, 06:11:33,617
MEIR00003,Hurrican,657,02/28/2021, 07:09:33,617
MEIR00003,Hurrican,659,02/28/2021, 08:12:02,617
MEIR00003,Hurrican,659,02/28/2021, 09:10:45,617
MEIR00003,Hurrican,660,02/28/2021, 10:11:29,617
MEIR00003,Hurrican,660,02/28/2021, 11:09:45,617
MEIR00003,Hurrican,660,02/28/2021, 12:13:16,617
MEIR00003,Hurrican,660,02/28/2021, 13:10:39,617
MEIR00003,Hurrican,661,02/28/2021, 14:09:54,617
MEIR00003,Hurrican,661,02/28/2021, 15:09:38,617
MEIR00003,Hurrican,661,02/28/2021, 16:16:16,617
MEIR00003,Hurrican,662,02/28/2021, 17:25:38,617
MEIR00003,Hurrican,662,02/28/2021, 18:10:56,617
MEIR00003,Hurrican,664,02/28/2021, 19:07:50,617
MEIR00003,Hurrican,665,02/28/2021, 20:10:15,617
MEIR00003,Hurrican,667,02/28/2021, 21:08:59,617
MEIR00003,Hurrican,668,02/28/2021, 22:10:39,617
MEIR00003,Hurrican,671,02/28/2021, 23:10:39,617
MEIR00003,Hurrican,672,03/01/2021, 00:26:45,617
MEIR00003,Hurrican,672,03/01/2021, 01:41:28,617
MEIR00003,Hurrican,673,03/01/2021, 02:23:01,617
MEIR00003,Hurrican,674,03/01/2021, 03:10:50,617
MEIR00003,Hurrican,675,03/01/2021, 04:12:54,617
MEIR00003,Hurrican,677,03/01/2021, 05:10:18,617
MEIR00003,Hurrican,677,03/01/2021, 06:11:50,617
MEIR00003,Hurrican,677,03/01/2021, 07:09:55,617
MEIR00003,Hurrican,677,03/01/2021, 08:12:38,617
MEIR00003,Hurrican,677,03/01/2021, 09:10:58,617
MEIR00003,Hurrican,679,03/01/2021, 10:43:51,617
MEIR00003,Hurrican,679,03/01/2021, 11:16:58,617
MEIR00003,Hurrican,681,03/01/2021, 12:13:37,617
MEIR00003,Hurrican,681,03/01/2021, 13:17:11,617
MEIR00003,Hurrican,682,03/01/2021, 14:10:26,617
MEIR00003,Hurrican,683,03/01/2021, 15:10:00,617
MEIR00003,Hurrican,684,03/01/2021, 16:16:25,617
MEIR00003,Hurrican,684,03/01/2021, 17:26:59,617
MEIR00003,Hurrican,684,03/01/2021, 18:11:02,617
MEIR00003,Hurrican,685,03/01/2021, 19:07:51,617
MEIR00003,Hurrican,687,03/01/2021, 20:10:52,617
MEIR00003,Hurrican,688,03/01/2021, 21:09:25,617
MEIR00003,Hurrican,689,03/01/2021, 22:13:59,617
MEIR00003,Hurrican,690,03/01/2021, 23:10:39,617
MEIR00003,Hurrican,693,03/02/2021, 00:21:16,617
MEIR00003,Hurrican,693,03/02/2021, 01:24:14,617
MEIR00003,Hurrican,693,03/02/2021, 02:11:21,617
MEIR00003,Hurrican,694,03/02/2021, 03:10:57,617
MEIR00003,Hurrican,694,03/02/2021, 04:12:43,617
MEIR00003,Hurrican,694,03/02/2021, 05:10:02,617
MEIR00003,Hurrican,694,03/02/2021, 06:11:14,617
MEIR00003,Hurrican,695,03/02/2021, 07:09:56,617
MEIR00003,Hurrican,696,03/02/2021, 08:12:24,617
MEIR00003,Hurrican,696,03/02/2021, 09:11:13,617
MEIR00003,Hurrican,696,03/02/2021, 10:09:49,617
MEIR00003,Hurrican,696,03/02/2021, 11:08:19,617
MEIR00003,Hurrican,696,03/02/2021, 12:11:26,617
MEIR00003,Hurrican,696,03/02/2021, 13:08:41,617
MEIR00003,Hurrican,697,03/02/2021, 14:09:02,617
MEIR00003,Hurrican,697,03/02/2021, 15:08:34,617
MEIR00003,Hurrican,697,03/02/2021, 16:19:40,617
MEIR00003,Hurrican,698,03/02/2021, 17:30:08,617
MEIR00003,Hurrican,698,03/02/2021, 18:09:54,617
MEIR00003,Hurrican,698,03/02/2021, 19:07:08,617
MEIR00003,Hurrican,698,03/02/2021, 20:10:43,617
MEIR00003,Hurrican,699,03/02/2021, 21:09:19,617
MEIR00003,Hurrican,699,03/02/2021, 22:11:19,617
MEIR00003,Hurrican,700,03/02/2021, 23:11:04,617
MEIR00003,Hurrican,700,03/03/2021, 00:24:58,617
MEIR00003,Hurrican,703,03/03/2021, 01:38:41,617
MEIR00003,Hurrican,703,03/03/2021, 02:20:49,617
MEIR00003,Hurrican,704,03/03/2021, 03:09:31,617
MEIR00003,Hurrican,704,03/03/2021, 04:10:58,617
MEIR00003,Hurrican,705,03/03/2021, 05:10:39,617
MEIR00003,Hurrican,705,03/03/2021, 06:11:34,617
MEIR00003,Hurrican,706,03/03/2021, 07:10:13,617
MEIR00003,Hurrican,706,03/03/2021, 08:12:39,617
MEIR00003,Hurrican,707,03/03/2021, 09:10:58,617
MEIR00003,Hurrican,709,03/03/2021, 10:11:54,617
MEIR00003,Hurrican,709,03/03/2021, 11:09:42,617
MEIR00003,Hurrican,710,03/03/2021, 12:13:26,617
MEIR00003,Hurrican,710,03/03/2021, 13:12:45,617
MEIR00003,Hurrican,710,03/03/2021, 14:11:01,617
MEIR00003,Hurrican,711,03/03/2021, 15:10:14,617
MEIR00003,Hurrican,711,03/03/2021, 16:16:29,617
MEIR00003,Hurrican,711,03/03/2021, 17:27:36,617
MEIR00003,Hurrican,712,03/03/2021, 18:13:37,617
MEIR00003,Hurrican,714,03/03/2021, 19:07:35,617
MEIR00003,Hurrican,714,03/03/2021, 20:11:03,617
MEIR00003,Hurrican,715,03/03/2021, 21:09:17,617
MEIR00003,Hurrican,717,03/03/2021, 22:11:09,617
MEIR00003,Hurrican,718,03/03/2021, 23:10:46,617
MEIR00003,Hurrican,720,03/04/2021, 00:24:57,617
MEIR00003,Hurrican,720,03/04/2021, 01:39:18,617
MEIR00003,Hurrican,723,03/04/2021, 02:21:36,617
MEIR00003,Hurrican,725,03/04/2021, 03:10:57,617
MEIR00003,Hurrican,727,03/04/2021, 04:12:44,617
MEIR00003,Hurrican,728,03/04/2021, 05:09:48,617
MEIR00003,Hurrican,731,03/04/2021, 06:10:46,617
MEIR00003,Hurrican,732,03/04/2021, 07:09:35,617
MEIR00003,Hurrican,732,03/04/2021, 08:12:18,617
MEIR00003,Hurrican,734,03/04/2021, 09:11:26,617
MEIR00003,Hurrican,735,03/04/2021, 10:11:45,617
MEIR00003,Hurrican,736,03/04/2021, 11:09:58,617
MEIR00003,Hurrican,736,03/04/2021, 12:13:49,617
MEIR00003,Hurrican,736,03/04/2021, 13:12:44,617
MEIR00003,Hurrican,738,03/04/2021, 14:10:58,617
MEIR00003,Hurrican,739,03/04/2021, 15:10:22,617
MEIR00003,Hurrican,740,03/04/2021, 16:16:42,617
MEIR00003,Hurrican,741,03/04/2021, 17:25:20,617
MEIR00003,Hurrican,741,03/04/2021, 18:11:06,617
MEIR00003,Hurrican,741,03/04/2021, 19:08:17,617
MEIR00003,Hurrican,742,03/04/2021, 20:11:04,617
MEIR00003,Hurrican,742,03/04/2021, 21:09:39,617
MEIR00003,Hurrican,746,03/04/2021, 22:11:29,617
MEIR00003,Hurrican,747,03/04/2021, 23:10:51,617
MEIR00003,Hurrican,747,03/05/2021, 00:25:36,617
MEIR00003,Hurrican,747,03/05/2021, 01:40:35,617
MEIR00003,Hurrican,747,03/05/2021, 02:22:39,617
MEIR00003,Hurrican,747,03/05/2021, 03:11:03,617
MEIR00003,Hurrican,749,03/05/2021, 04:12:58,617
MEIR00003,Hurrican,753,03/05/2021, 05:09:35,617
MEIR00003,Hurrican,753,03/05/2021, 06:11:43,617
MEIR00003,Hurrican,754,03/05/2021, 07:09:51,617
MEIR00003,Hurrican,755,03/05/2021, 08:13:03,617
MEIR00003,Hurrican,755,03/05/2021, 09:10:44,617
MEIR00003,Hurrican,756,03/05/2021, 10:12:04,617
MEIR00003,Hurrican,756,03/05/2021, 11:09:59,617
MEIR00003,Hurrican,758,03/05/2021, 12:13:45,617
MEIR00003,Hurrican,758,03/05/2021, 13:12:41,617
MEIR00003,Hurrican,759,03/05/2021, 14:10:44,617
MEIR00003,Hurrican,760,03/05/2021, 15:10:18,617
MEIR00003,Hurrican,760,03/05/2021, 16:16:35,617
MEIR00003,Hurrican,760,03/05/2021, 17:27:16,617
MEIR00003,Hurrican,760,03/05/2021, 18:11:47,617
MEIR00003,Hurrican,760,03/05/2021, 19:07:38,617
MEIR00003,Hurrican,763,03/05/2021, 20:10:51,617
MEIR00003,Hurrican,763,03/05/2021, 21:09:29,617
MEIR00003,Hurrican,763,03/05/2021, 22:11:18,617
MEIR00003,Hurrican,765,03/05/2021, 23:11:10,617
MEIR00003,Hurrican,765,03/06/2021, 00:25:17,617
MEIR00003,Hurrican,766,03/06/2021, 01:39:19,617
MEIR00003,Hurrican,766,03/06/2021, 02:22:05,617
MEIR00003,Hurrican,767,03/06/2021, 03:11:16,617
MEIR00003,Hurrican,767,03/06/2021, 04:13:04,617
MEIR00003,Hurrican,768,03/06/2021, 05:09:44,617
MEIR00003,Hurrican,772,03/06/2021, 06:11:20,617
MEIR00003,Hurrican,772,03/06/2021, 07:09:46,617
MEIR00003,Hurrican,772,03/06/2021, 08:12:07,617
MEIR00003,Hurrican,772,03/06/2021, 09:10:56,617
MEIR00003,Hurrican,774,03/06/2021, 10:11:53,617
MEIR00003,Hurrican,777,03/06/2021, 11:09:51,617
MEIR00003,Hurrican,777,03/06/2021, 12:13:24,617
MEIR00003,Hurrican,778,03/06/2021, 13:12:20,617
MEIR00003,Hurrican,780,03/06/2021, 14:10:31,617
MEIR00003,Hurrican,780,03/06/2021, 15:10:01,617
MEIR00003,Hurrican,783,03/06/2021, 16:16:31,617
MEIR00003,Hurrican,784,03/06/2021, 17:26:35,617
MEIR00003,Hurrican,784,03/06/2021, 18:11:00,617
MEIR00003,Hurrican,784,03/06/2021, 19:07:37,617
MEIR00003,Hurrican,784,03/06/2021, 20:10:48,617
MEIR00003,Hurrican,784,03/06/2021, 21:09:22,617
MEIR00003,Hurrican,788,03/06/2021, 22:11:03,617
MEIR00003,Hurrican,789,03/06/2021, 23:10:47,617
MEIR00003,Hurrican,790,03/07/2021, 00:26:59,617
MEIR00003,Hurrican,793,03/07/2021, 01:43:00,617
MEIR00003,Hurrican,795,03/07/2021, 02:24:44,617
MEIR00003,Hurrican,796,03/07/2021, 03:10:23,617
MEIR00003,Hurrican,800,03/07/2021, 04:13:12,617
MEIR00003,Hurrican,802,03/07/2021, 05:09:45,617
MEIR00003,Hurrican,804,03/07/2021, 06:11:29,617
MEIR00003,Hurrican,805,03/07/2021, 07:09:40,617
MEIR00003,Hurrican,805,03/07/2021, 08:12:14,617
MEIR00003,Hurrican,805,03/07/2021, 09:10:55,617
MEIR00003,Hurrican,807,03/07/2021, 10:11:53,617
MEIR00003,Hurrican,808,03/07/2021, 11:09:42,617
MEIR00003,Hurrican,810,03/07/2021, 12:13:33,617
MEIR00003,Hurrican,811,03/07/2021, 13:12:11,617
MEIR00003,Hurrican,812,03/07/2021, 14:10:19,617
MEIR00003,Hurrican,812,03/07/2021, 15:09:49,617
MEIR00003,Hurrican,812,03/07/2021, 16:16:21,617
MEIR00003,Hurrican,813,03/07/2021, 17:26:20,617
MEIR00003,Hurrican,813,03/07/2021, 18:11:00,617
MEIR00003,Hurrican,815,03/07/2021, 19:07:46,617
MEIR00003,Hurrican,818,03/07/2021, 20:10:37,617
MEIR00003,Hurrican,823,03/07/2021, 21:09:28,617
MEIR00003,Hurrican,827,03/07/2021, 22:11:01,617
MEIR00003,Hurrican,828,03/07/2021, 23:10:48,617
MEIR00003,Hurrican,829,03/08/2021, 00:26:05,617
MEIR00003,Hurrican,830,03/08/2021, 01:41:53,617
MEIR00003,Hurrican,833,03/08/2021, 02:25:05,617
MEIR00003,Hurrican,833,03/08/2021, 03:10:19,617
MEIR00003,Hurrican,833,03/08/2021, 04:13:01,617
MEIR00003,Hurrican,834,03/08/2021, 05:09:56,617
MEIR00003,Hurrican,835,03/08/2021, 06:11:49,617
MEIR00003,Hurrican,835,03/08/2021, 07:09:43,617
MEIR00003,Hurrican,836,03/08/2021, 08:12:52,617
MEIR00003,Hurrican,837,03/08/2021, 09:10:53,617
MEIR00003,Hurrican,837,03/08/2021, 10:11:54,617
MEIR00003,Hurrican,838,03/08/2021, 11:09:56,617
MEIR00003,Hurrican,838,03/08/2021, 12:13:55,617
MEIR00003,Hurrican,838,03/08/2021, 13:13:29,617
MEIR00003,Hurrican,838,03/08/2021, 14:10:57,617
MEIR00003,Hurrican,839,03/08/2021, 15:10:11,617
MEIR00003,Hurrican,844,03/08/2021, 16:16:45,617
MEIR00003,Hurrican,844,03/08/2021, 17:27:59,617
MEIR00003,Hurrican,844,03/08/2021, 18:13:00,617
MEIR00003,Hurrican,844,03/08/2021, 19:08:09,617
MEIR00003,Hurrican,844,03/08/2021, 20:11:30,617
MEIR00003,Hurrican,844,03/08/2021, 21:09:42,617
MEIR00003,Hurrican,844,03/08/2021, 22:11:11,617
MEIR00003,Hurrican,844,03/08/2021, 23:11:11,617
MEIR00003,Hurrican,845,03/09/2021, 00:25:48,617
MEIR00003,Hurrican,846,03/09/2021, 01:40:56,617
MEIR00003,Hurrican,848,03/09/2021, 02:24:31,617
MEIR00003,Hurrican,851,03/09/2021, 03:10:27,617
MEIR00003,Hurrican,851,03/09/2021, 04:13:13,617
MEIR00003,Hurrican,851,03/09/2021, 05:10:35,617
MEIR00003,Hurrican,851,03/09/2021, 06:11:41,617
MEIR00003,Hurrican,851,03/09/2021, 07:09:55,617
MEIR00003,Hurrican,851,03/09/2021, 08:13:09,617
MEIR00003,Hurrican,852,03/09/2021, 09:15:46,617
MEIR00003,Hurrican,852,03/09/2021, 10:17:10,617
MEIR00003,Hurrican,852,03/09/2021, 11:14:46,617
MEIR00003,Hurrican,854,03/09/2021, 12:18:46,617
MEIR00003,Hurrican,854,03/09/2021, 13:18:49,617
MEIR00003,Hurrican,855,03/09/2021, 14:15:53,617
MEIR00003,Hurrican,856,03/09/2021, 15:20:10,617
MEIR00003,Hurrican,858,03/09/2021, 17:42:31,617
MEIR00003,Hurrican,858,03/09/2021, 18:29:09,617
MEIR00003,Hurrican,858,03/09/2021, 19:11:53,617
MEIR00003,Hurrican,863,03/09/2021, 20:11:18,617
MEIR00003,Hurrican,865,03/09/2021, 21:09:36,617
MEIR00003,Hurrican,866,03/09/2021, 22:13:11,617
MEIR00003,Hurrican,867,03/09/2021, 23:11:01,617
MEIR00003,Hurrican,867,03/10/2021, 00:25:46,617
MEIR00003,Hurrican,869,03/10/2021, 01:41:28,617
MEIR00003,Hurrican,869,03/10/2021, 02:25:27,617
MEIR00003,Hurrican,872,03/10/2021, 03:09:58,617
MEIR00003,Hurrican,873,03/10/2021, 04:11:15,617
MEIR00003,Hurrican,873,03/10/2021, 05:10:41,617
MEIR00003,Hurrican,875,03/10/2021, 06:11:53,617
MEIR00003,Hurrican,875,03/10/2021, 07:10:05,617
MEIR00003,Hurrican,876,03/10/2021, 08:12:31,617
MEIR00003,Hurrican,877,03/10/2021, 09:11:12,617
MEIR00003,Hurrican,877,03/10/2021, 10:12:01,617
MEIR00003,Hurrican,878,03/10/2021, 11:10:07,617
MEIR00003,Hurrican,878,03/10/2021, 12:14:22,617
MEIR00003,Hurrican,878,03/10/2021, 13:13:51,617
MEIR00003,Hurrican,878,03/10/2021, 14:15:54,617
MEIR00003,Hurrican,879,03/10/2021, 15:14:53,617
MEIR00003,Hurrican,880,03/10/2021, 16:22:20,617
MEIR00003,Hurrican,881,03/10/2021, 17:32:54,617
MEIR00003,Hurrican,882,03/10/2021, 18:17:51,617
MEIR00003,Hurrican,885,03/10/2021, 19:12:54,617
MEIR00003,Hurrican,886,03/10/2021, 20:15:44,617
MEIR00003,Hurrican,888,03/10/2021, 21:09:33,617
MEIR00003,Hurrican,889,03/10/2021, 22:11:20,617
MEIR00003,Hurrican,889,03/10/2021, 23:10:00,617
MEIR00003,Hurrican,889,03/11/2021, 00:25:39,617
MEIR00003,Hurrican,890,03/11/2021, 01:42:17,617
MEIR00003,Hurrican,891,03/11/2021, 02:24:26,617
MEIR00003,Hurrican,891,03/11/2021, 03:10:38,617
MEIR00003,Hurrican,892,03/11/2021, 04:14:19,617
MEIR00003,Hurrican,892,03/11/2021, 05:10:48,617
MEIR00003,Hurrican,892,03/11/2021, 06:12:00,617
MEIR00003,Hurrican,892,03/11/2021, 07:10:50,617
MEIR00003,Hurrican,892,03/11/2021, 08:12:40,617
MEIR00003,Hurrican,893,03/11/2021, 09:11:32,617
MEIR00003,Hurrican,893,03/11/2021, 10:11:58,617
MEIR00003,Hurrican,894,03/11/2021, 11:10:05,617
MEIR00003,Hurrican,894,03/11/2021, 12:14:06,617
MEIR00003,Hurrican,894,03/11/2021, 13:19:58,617
MEIR00003,Hurrican,895,03/11/2021, 14:15:55,617
MEIR00003,Hurrican,895,03/11/2021, 15:15:09,617
MEIR00003,Hurrican,896,03/11/2021, 16:21:49,617
MEIR00003,Hurrican,896,03/11/2021, 17:33:51,617
MEIR00003,Hurrican,896,03/11/2021, 18:18:51,617
MEIR00003,Hurrican,896,03/11/2021, 19:13:03,617
MEIR00003,Hurrican,897,03/11/2021, 20:11:28,617
MEIR00003,Hurrican,899,03/11/2021, 21:09:55,617
MEIR00003,Hurrican,901,03/11/2021, 22:11:28,617
MEIR00003,Hurrican,901,03/11/2021, 23:10:56,617
MEIR00003,Hurrican,902,03/12/2021, 00:26:09,617
MEIR00003,Hurrican,903,03/12/2021, 01:43:01,617
MEIR00003,Hurrican,904,03/12/2021, 02:26:56,617
MEIR00003,Hurrican,904,03/12/2021, 03:11:58,617
MEIR00003,Hurrican,905,03/12/2021, 04:13:08,617
MEIR00003,Hurrican,906,03/12/2021, 05:11:26,617
MEIR00003,Hurrican,906,03/12/2021, 06:12:01,617
MEIR00003,Hurrican,907,03/12/2021, 07:09:39,617
MEIR00003,Hurrican,908,03/12/2021, 08:13:26,617
MEIR00003,Hurrican,910,03/12/2021, 09:14:50,617
MEIR00003,Hurrican,911,03/12/2021, 10:16:57,617
MEIR00003,Hurrican,911,03/12/2021, 11:14:58,617
MEIR00003,Hurrican,912,03/12/2021, 12:18:47,617
MEIR00003,Hurrican,912,03/12/2021, 13:18:53,617
MEIR00003,Hurrican,913,03/12/2021, 14:15:59,617
MEIR00003,Hurrican,913,03/12/2021, 15:15:04,617
MEIR00003,Hurrican,913,03/12/2021, 16:21:51,617
MEIR00003,Hurrican,916,03/12/2021, 17:29:05,617
MEIR00003,Hurrican,917,03/12/2021, 18:13:24,617
MEIR00003,Hurrican,918,03/12/2021, 19:27:47,617
MEIR00003,Hurrican,921,03/12/2021, 20:11:35,617
MEIR00003,Hurrican,922,03/12/2021, 21:09:18,617
MEIR00003,Hurrican,923,03/12/2021, 22:11:34,617
MEIR00003,Hurrican,923,03/12/2021, 23:11:09,617
MEIR00003,Hurrican,926,03/13/2021, 00:25:49,617
MEIR00003,Hurrican,926,03/13/2021, 01:41:34,617
MEIR00003,Hurrican,926,03/13/2021, 02:26:00,617
MEIR00003,Hurrican,926,03/13/2021, 03:11:17,617
MEIR00003,Hurrican,927,03/13/2021, 04:13:06,617
MEIR00003,Hurrican,929,03/13/2021, 05:10:46,617
MEIR00003,Hurrican,929,03/13/2021, 06:11:43,617
MEIR00003,Hurrican,929,03/13/2021, 07:09:53,617
MEIR00003,Hurrican,929,03/13/2021, 08:12:12,617
MEIR00003,Hurrican,930,03/13/2021, 09:10:55,617
MEIR00003,Hurrican,930,03/13/2021, 10:11:40,617
MEIR00003,Hurrican,930,03/13/2021, 11:10:08,617
MEIR00003,Hurrican,930,03/13/2021, 12:13:53,617
MEIR00003,Hurrican,931,03/13/2021, 13:13:37,617
MEIR00003,Hurrican,931,03/13/2021, 14:10:42,617
MEIR00003,Hurrican,932,03/13/2021, 15:10:16,617
MEIR00003,Hurrican,932,03/13/2021, 16:16:41,617
MEIR00003,Hurrican,938,03/13/2021, 17:28:23,617
MEIR00003,Hurrican,941,03/13/2021, 18:12:30,617
MEIR00003,Hurrican,941,03/13/2021, 19:07:34,617
MEIR00003,Hurrican,941,03/13/2021, 20:11:03,617
MEIR00003,Hurrican,941,03/13/2021, 21:09:33,617
MEIR00003,Hurrican,944,03/13/2021, 22:11:08,617
MEIR00003,Hurrican,944,03/13/2021, 23:10:55,617
MEIR00003,Hurrican,946,03/14/2021, 00:27:19,617
MEIR00003,Hurrican,946,03/14/2021, 01:45:09,617
MEIR00003,Hurrican,946,03/14/2021, 02:26:08,617
MEIR00003,Hurrican,946,03/14/2021, 03:11:27,617
MEIR00003,Hurrican,947,03/14/2021, 04:13:06,617
MEIR00003,Hurrican,948,03/14/2021, 05:10:56,617
MEIR00003,Hurrican,948,03/14/2021, 06:11:53,617
MEIR00003,Hurrican,948,03/14/2021, 07:10:09,617
MEIR00003,Hurrican,948,03/14/2021, 08:12:28,617
MEIR00003,Hurrican,948,03/14/2021, 09:11:13,617
MEIR00003,Hurrican,948,03/14/2021, 10:11:51,617
MEIR00003,Hurrican,948,03/14/2021, 11:10:04,617
MEIR00003,Hurrican,948,03/14/2021, 12:13:56,617
MEIR00003,Hurrican,949,03/14/2021, 13:13:35,617
MEIR00003,Hurrican,950,03/14/2021, 14:10:48,617
MEIR00003,Hurrican,951,03/14/2021, 15:10:30,617
MEIR00003,Hurrican,952,03/14/2021, 16:16:37,617
MEIR00003,Hurrican,953,03/14/2021, 17:28:11,617
MEIR00003,Hurrican,953,03/14/2021, 18:11:20,617
MEIR00003,Hurrican,956,03/14/2021, 19:08:02,617
MEIR00003,Hurrican,956,03/14/2021, 20:11:02,617
MEIR00003,Hurrican,957,03/14/2021, 21:09:26,617
MEIR00003,Hurrican,958,03/14/2021, 22:11:17,617
MEIR00003,Hurrican,959,03/14/2021, 23:10:33,617
MEIR00003,Hurrican,961,03/15/2021, 00:26:23,617
MEIR00003,Hurrican,962,03/15/2021, 01:43:29,617
MEIR00003,Hurrican,962,03/15/2021, 02:26:41,617
MEIR00003,Hurrican,962,03/15/2021, 03:11:12,617
MEIR00003,Hurrican,964,03/15/2021, 04:13:15,617
MEIR00003,Hurrican,964,03/15/2021, 05:10:29,617
MEIR00003,Hurrican,964,03/15/2021, 06:11:49,617
MEIR00003,Hurrican,965,03/15/2021, 07:09:44,617
MEIR00003,Hurrican,965,03/15/2021, 08:13:05,617
MEIR00003,Hurrican,966,03/15/2021, 09:16:02,617
MEIR00003,Hurrican,967,03/15/2021, 10:16:59,617
MEIR00003,Hurrican,967,03/15/2021, 11:14:52,617
MEIR00003,Hurrican,967,03/15/2021, 12:18:55,617
MEIR00003,Hurrican,967,03/15/2021, 13:18:01,617
MEIR00003,Hurrican,967,03/15/2021, 14:15:55,617
MEIR00003,Hurrican,969,03/15/2021, 15:15:09,617
MEIR00003,Hurrican,970,03/15/2021, 16:22:04,617
MEIR00003,Hurrican,970,03/15/2021, 17:32:35,617
MEIR00003,Hurrican,970,03/15/2021, 18:16:04,617
MEIR00003,Hurrican,970,03/15/2021, 19:13:06,617
MEIR00003,Hurrican,971,03/15/2021, 21:28:20,617
MEIR00003,Hurrican,971,03/15/2021, 22:21:40,617
MEIR00003,Hurrican,973,03/15/2021, 23:16:11,617
MEIR00003,Hurrican,973,03/16/2021, 00:25:33,617
MEIR00003,Hurrican,973,03/16/2021, 01:41:43,617
MEIR00003,Hurrican,973,03/16/2021, 02:25:59,617
MEIR00003,Hurrican,973,03/16/2021, 03:10:25,617
MEIR00003,Hurrican,974,03/16/2021, 04:13:09,617
MEIR00003,Hurrican,975,03/16/2021, 05:10:39,617
MEIR00003,Hurrican,976,03/16/2021, 06:11:38,617
MEIR00003,Hurrican,976,03/16/2021, 07:09:39,617
MEIR00003,Hurrican,976,03/16/2021, 08:12:25,617
MEIR00003,Hurrican,977,03/16/2021, 09:09:55,617
MEIR00003,Hurrican,977,03/16/2021, 10:12:21,617
MEIR00003,Hurrican,977,03/16/2021, 11:10:11,617
MEIR00003,Hurrican,978,03/16/2021, 12:18:55,617
MEIR00003,Hurrican,978,03/16/2021, 13:19:03,617
MEIR00003,Hurrican,978,03/16/2021, 14:16:09,617
MEIR00003,Hurrican,979,03/16/2021, 15:16:24,617
MEIR00003,Hurrican,980,03/16/2021, 16:21:49,617
MEIR00003,Hurrican,980,03/16/2021, 17:29:08,617
MEIR00003,Hurrican,981,03/16/2021, 18:13:13,617
MEIR00003,Hurrican,983,03/16/2021, 19:08:33,617
MEIR00003,Hurrican,983,03/16/2021, 20:11:22,617
MEIR00003,Hurrican,984,03/16/2021, 21:09:56,617
MEIR00003,Hurrican,986,03/16/2021, 22:11:40,617
MEIR00003,Hurrican,987,03/16/2021, 23:10:42,617
MEIR00003,Hurrican,988,03/17/2021, 00:26:23,617
MEIR00003,Hurrican,989,03/17/2021, 01:43:37,617
MEIR00003,Hurrican,989,03/17/2021, 02:27:54,617
MEIR00003,Hurrican,989,03/17/2021, 03:12:14,617
MEIR00003,Hurrican,991,03/17/2021, 04:13:04,617
MEIR00003,Hurrican,991,03/17/2021, 05:11:13,617
MEIR00003,Hurrican,992,03/17/2021, 06:11:59,617
MEIR00003,Hurrican,992,03/17/2021, 07:09:47,617
MEIR00003,Hurrican,992,03/17/2021, 08:12:32,617
MEIR00003,Hurrican,992,03/17/2021, 09:11:17,617
MEIR00003,Hurrican,992,03/17/2021, 10:11:53,617
MEIR00003,Hurrican,992,03/17/2021, 11:10:15,617
MEIR00003,Hurrican,992,03/17/2021, 12:16:05,617
MEIR00003,Hurrican,992,03/17/2021, 13:18:58,617
MEIR00003,Hurrican,993,03/17/2021, 14:16:21,617
MEIR00003,Hurrican,994,03/17/2021, 15:16:53,617
MEIR00003,Hurrican,996,03/17/2021, 16:22:20,617
MEIR00003,Hurrican,996,03/17/2021, 17:28:26,617
MEIR00003,Hurrican,997,03/17/2021, 18:12:25,617
MEIR00003,Hurrican,997,03/17/2021, 19:07:49,617
MEIR00003,Hurrican,997,03/17/2021, 20:11:34,617
MEIR00003,Hurrican,998,03/17/2021, 21:09:59,617
MEIR00003,Hurrican,998,03/17/2021, 22:11:49,617
MEIR00003,Hurrican,998,03/17/2021, 23:10:52,617
MEIR00003,Hurrican,999,03/18/2021, 00:26:15,617
MEIR00003,Hurrican,1000,03/18/2021, 01:43:43,617
MEIR00003,Hurrican,1001,03/18/2021, 02:27:07,617
MEIR00003,Hurrican,1003,03/18/2021, 03:11:01,617
MEIR00003,Hurrican,1004,03/18/2021, 04:13:19,617
MEIR00003,Hurrican,1004,03/18/2021, 05:11:38,617
MEIR00003,Hurrican,1004,03/18/2021, 06:12:14,617
MEIR00003,Hurrican,1004,03/18/2021, 07:09:25,617
MEIR00003,Hurrican,1004,03/18/2021, 08:12:47,617
MEIR00003,Hurrican,1004,03/18/2021, 09:16:04,617
MEIR00003,Hurrican,1004,03/18/2021, 10:17:01,617
MEIR00003,Hurrican,1004,03/18/2021, 11:14:52,617
MEIR00003,Hurrican,1004,03/18/2021, 12:18:19,617
MEIR00003,Hurrican,1004,03/18/2021, 13:18:55,617
MEIR00003,Hurrican,1004,03/18/2021, 14:15:54,617
MEIR00003,Hurrican,1004,03/18/2021, 15:10:43,617
MEIR00003,Hurrican,1004,03/18/2021, 16:17:09,617
MEIR00003,Hurrican,1004,03/18/2021, 17:29:19,617
MEIR00003,Hurrican,1004,03/18/2021, 18:13:16,617
MEIR00003,Hurrican,1007,03/18/2021, 19:08:04,617
MEIR00003,Hurrican,1007,03/18/2021, 20:11:28,617
MEIR00003,Hurrican,1007,03/18/2021, 21:10:07,617
MEIR00003,Hurrican,1008,03/18/2021, 22:11:44,617
MEIR00003,Hurrican,1009,03/18/2021, 23:11:00,617
MEIR00003,Hurrican,1009,03/19/2021, 00:26:50,617
MEIR00003,Hurrican,1010,03/19/2021, 01:45:00,617
MEIR00003,Hurrican,1010,03/19/2021, 02:28:29,617
MEIR00003,Hurrican,1012,03/19/2021, 03:13:09,617
MEIR00003,Hurrican,1013,03/19/2021, 04:13:20,617
MEIR00003,Hurrican,1014,03/19/2021, 05:11:49,617
MEIR00003,Hurrican,1016,03/19/2021, 06:12:01,617
MEIR00003,Hurrican,1016,03/19/2021, 07:09:35,617
MEIR00003,Hurrican,1016,03/19/2021, 08:13:43,617
MEIR00003,Hurrican,1018,03/19/2021, 09:11:11,617
MEIR00003,Hurrican,1018,03/19/2021, 10:16:52,617
MEIR00003,Hurrican,1018,03/19/2021, 11:11:41,617
MEIR00003,Hurrican,1018,03/19/2021, 12:14:34,617
MEIR00003,Hurrican,1019,03/19/2021, 13:20:05,617
MEIR00003,Hurrican,1019,03/19/2021, 14:15:56,617
MEIR00003,Hurrican,1019,03/19/2021, 15:15:58,617
MEIR00003,Hurrican,1020,03/19/2021, 16:17:39,617
MEIR00003,Hurrican,1020,03/19/2021, 17:30:35,617
MEIR00003,Hurrican,1020,03/19/2021, 18:14:34,617
MEIR00003,Hurrican,1020,03/19/2021, 19:08:44,617
MEIR00003,Hurrican,1022,03/19/2021, 20:11:31,617
MEIR00003,Hurrican,1024,03/19/2021, 21:10:07,617
MEIR00003,Hurrican,1024,03/19/2021, 22:11:53,617
MEIR00003,Hurrican,1024,03/19/2021, 23:10:59,617
MEIR00003,Hurrican,1025,03/20/2021, 00:26:13,617
MEIR00003,Hurrican,1025,03/20/2021, 01:43:46,617
MEIR00003,Hurrican,1026,03/20/2021, 02:28:17,617
MEIR00003,Hurrican,1026,03/20/2021, 03:12:59,617
MEIR00003,Hurrican,1026,03/20/2021, 04:13:26,617
MEIR00003,Hurrican,1027,03/20/2021, 05:12:09,617
MEIR00003,Hurrican,1028,03/20/2021, 06:11:38,617
MEIR00003,Hurrican,1028,03/20/2021, 07:10:03,617
MEIR00003,Hurrican,1028,03/20/2021, 08:12:29,617
