MIGTYMIKE,Mighty Mike Vita,990,05/18/2025, 15:13:38,1254
MIGTYMIKE,Mighty Mike Vita,990,05/18/2025, 16:18:34,1254
MIGTYMIKE,Mighty Mike Vita,990,05/18/2025, 17:13:52,1254
MIGTYMIKE,Mighty Mike Vita,990,05/18/2025, 18:20:49,1254
MIGTYMIKE,Mighty Mike Vita,990,05/18/2025, 19:13:15,1254
MIGTYMIKE,Mighty Mike Vita,991,05/18/2025, 20:17:51,1254
MIGTYMIKE,Mighty Mike Vita,991,05/18/2025, 21:14:50,1254
MIGTYMIKE,Mighty Mike Vita,991,05/18/2025, 22:15:25,1254
MIGTYMIKE,Mighty Mike Vita,991,05/18/2025, 23:15:43,1254
MIGTYMIKE,Mighty Mike Vita,993,05/19/2025, 01:20:13,1254
MIGTYMIKE,Mighty Mike Vita,993,05/19/2025, 03:16:58,1254
MIGTYMIKE,Mighty Mike Vita,993,05/19/2025, 04:25:09,1254
MIGTYMIKE,Mighty Mike Vita,993,05/19/2025, 05:17:19,1254
MIGTYMIKE,Mighty Mike Vita,993,05/19/2025, 06:25:09,1254
MIGTYMIKE,Mighty Mike Vita,993,05/19/2025, 07:17:55,1254
MIGTYMIKE,Mighty Mike Vita,993,05/19/2025, 08:24:44,1254
MIGTYMIKE,Mighty Mike Vita,993,05/19/2025, 09:19:26,1254
MIGTYMIKE,Mighty Mike Vita,993,05/19/2025, 10:19:14,1254
MIGTYMIKE,Mighty Mike Vita,993,05/19/2025, 11:15:21,1254
MIGTYMIKE,Mighty Mike Vita,993,05/19/2025, 12:34:35,1254
MIGTYMIKE,Mighty Mike Vita,993,05/19/2025, 13:30:21,1254
MIGTYMIKE,Mighty Mike Vita,993,05/19/2025, 14:17:28,1254
MIGTYMIKE,Mighty Mike Vita,993,05/19/2025, 15:19:00,1254
MIGTYMIKE,Mighty Mike Vita,993,05/19/2025, 16:21:19,1254
MIGTYMIKE,Mighty Mike Vita,993,05/19/2025, 17:15:30,1254
MIGTYMIKE,Mighty Mike Vita,993,05/19/2025, 18:23:19,1254
MIGTYMIKE,Mighty Mike Vita,994,05/19/2025, 19:14:09,1254
MIGTYMIKE,Mighty Mike Vita,994,05/19/2025, 20:18:56,1254
MIGTYMIKE,Mighty Mike Vita,995,05/19/2025, 21:16:10,1254
MIGTYMIKE,Mighty Mike Vita,995,05/19/2025, 22:16:26,1254
MIGTYMIKE,Mighty Mike Vita,995,05/19/2025, 23:15:53,1254
MIGTYMIKE,Mighty Mike Vita,995,05/20/2025, 01:17:54,1254
MIGTYMIKE,Mighty Mike Vita,995,05/20/2025, 03:11:08,1254
MIGTYMIKE,Mighty Mike Vita,995,05/20/2025, 04:20:47,1254
MIGTYMIKE,Mighty Mike Vita,995,05/20/2025, 05:17:20,1254
MIGTYMIKE,Mighty Mike Vita,997,05/20/2025, 06:24:50,1254
MIGTYMIKE,Mighty Mike Vita,997,05/20/2025, 07:17:18,1254
MIGTYMIKE,Mighty Mike Vita,997,05/20/2025, 08:23:28,1254
MIGTYMIKE,Mighty Mike Vita,997,05/20/2025, 09:19:02,1254
MIGTYMIKE,Mighty Mike Vita,997,05/20/2025, 10:19:13,1254
MIGTYMIKE,Mighty Mike Vita,997,05/20/2025, 11:14:59,1254
MIGTYMIKE,Mighty Mike Vita,997,05/20/2025, 12:35:08,1254
MIGTYMIKE,Mighty Mike Vita,997,05/20/2025, 13:30:55,1254
MIGTYMIKE,Mighty Mike Vita,997,05/20/2025, 14:17:30,1254
MIGTYMIKE,Mighty Mike Vita,997,05/20/2025, 15:18:51,1254
MIGTYMIKE,Mighty Mike Vita,998,05/20/2025, 16:21:16,1254
MIGTYMIKE,Mighty Mike Vita,998,05/20/2025, 17:15:24,1254
MIGTYMIKE,Mighty Mike Vita,998,05/20/2025, 18:23:38,1254
MIGTYMIKE,Mighty Mike Vita,998,05/20/2025, 19:13:43,1254
MIGTYMIKE,Mighty Mike Vita,998,05/20/2025, 20:19:14,1254
MIGTYMIKE,Mighty Mike Vita,998,05/20/2025, 21:16:11,1254
MIGTYMIKE,Mighty Mike Vita,998,05/20/2025, 22:16:04,1254
MIGTYMIKE,Mighty Mike Vita,998,05/20/2025, 23:15:58,1254
MIGTYMIKE,Mighty Mike Vita,998,05/21/2025, 01:17:16,1254
MIGTYMIKE,Mighty Mike Vita,998,05/21/2025, 03:10:49,1254
MIGTYMIKE,Mighty Mike Vita,998,05/21/2025, 04:21:06,1254
MIGTYMIKE,Mighty Mike Vita,998,05/21/2025, 05:17:31,1254
MIGTYMIKE,Mighty Mike Vita,998,05/21/2025, 06:24:45,1254
MIGTYMIKE,Mighty Mike Vita,998,05/21/2025, 07:17:07,1254
MIGTYMIKE,Mighty Mike Vita,998,05/21/2025, 08:22:35,1254
MIGTYMIKE,Mighty Mike Vita,998,05/21/2025, 09:18:47,1254
MIGTYMIKE,Mighty Mike Vita,998,05/21/2025, 10:18:47,1254
MIGTYMIKE,Mighty Mike Vita,998,05/21/2025, 11:14:45,1254
MIGTYMIKE,Mighty Mike Vita,998,05/21/2025, 12:33:39,1254
MIGTYMIKE,Mighty Mike Vita,998,05/21/2025, 13:29:33,1254
MIGTYMIKE,Mighty Mike Vita,998,05/21/2025, 14:17:54,1254
MIGTYMIKE,Mighty Mike Vita,998,05/21/2025, 15:19:08,1254
MIGTYMIKE,Mighty Mike Vita,998,05/21/2025, 16:21:18,1254
MIGTYMIKE,Mighty Mike Vita,998,05/21/2025, 17:15:00,1254
MIGTYMIKE,Mighty Mike Vita,998,05/21/2025, 18:23:32,1254
MIGTYMIKE,Mighty Mike Vita,998,05/21/2025, 19:13:53,1254
MIGTYMIKE,Mighty Mike Vita,998,05/21/2025, 20:18:47,1254
MIGTYMIKE,Mighty Mike Vita,998,05/21/2025, 21:16:11,1254
MIGTYMIKE,Mighty Mike Vita,998,05/21/2025, 22:16:09,1254
MIGTYMIKE,Mighty Mike Vita,998,05/21/2025, 23:16:10,1254
MIGTYMIKE,Mighty Mike Vita,998,05/22/2025, 01:16:41,1254
MIGTYMIKE,Mighty Mike Vita,998,05/22/2025, 03:10:35,1254
MIGTYMIKE,Mighty Mike Vita,998,05/22/2025, 04:21:59,1254
MIGTYMIKE,Mighty Mike Vita,1000,05/22/2025, 05:17:42,1254
MIGTYMIKE,Mighty Mike Vita,1000,05/22/2025, 06:24:31,1254
MIGTYMIKE,Mighty Mike Vita,1000,05/22/2025, 07:17:12,1254
MIGTYMIKE,Mighty Mike Vita,1000,05/22/2025, 08:22:22,1254
MIGTYMIKE,Mighty Mike Vita,1000,05/22/2025, 09:18:20,1254
MIGTYMIKE,Mighty Mike Vita,1000,05/22/2025, 10:18:24,1254
MIGTYMIKE,Mighty Mike Vita,1001,05/22/2025, 11:15:11,1254
MIGTYMIKE,Mighty Mike Vita,1001,05/22/2025, 12:34:25,1254
MIGTYMIKE,Mighty Mike Vita,1001,05/22/2025, 13:29:49,1254
MIGTYMIKE,Mighty Mike Vita,1001,05/22/2025, 14:17:04,1254
MIGTYMIKE,Mighty Mike Vita,1001,05/22/2025, 15:18:30,1254
MIGTYMIKE,Mighty Mike Vita,1001,05/22/2025, 16:21:39,1254
MIGTYMIKE,Mighty Mike Vita,1001,05/22/2025, 17:15:11,1254
MIGTYMIKE,Mighty Mike Vita,1001,05/22/2025, 18:23:13,1254
MIGTYMIKE,Mighty Mike Vita,1001,05/22/2025, 19:14:06,1254
MIGTYMIKE,Mighty Mike Vita,1001,05/22/2025, 20:19:02,1254
MIGTYMIKE,Mighty Mike Vita,1001,05/22/2025, 21:16:10,1254
MIGTYMIKE,Mighty Mike Vita,1001,05/22/2025, 22:16:30,1254
MIGTYMIKE,Mighty Mike Vita,1001,05/22/2025, 23:16:18,1254
MIGTYMIKE,Mighty Mike Vita,1002,05/23/2025, 01:16:44,1254
MIGTYMIKE,Mighty Mike Vita,1003,05/23/2025, 03:10:17,1254
MIGTYMIKE,Mighty Mike Vita,1003,05/23/2025, 04:21:03,1254
MIGTYMIKE,Mighty Mike Vita,1003,05/23/2025, 05:17:21,1254
MIGTYMIKE,Mighty Mike Vita,1003,05/23/2025, 06:24:10,1254
MIGTYMIKE,Mighty Mike Vita,1003,05/23/2025, 07:16:59,1254
MIGTYMIKE,Mighty Mike Vita,1003,05/23/2025, 08:22:32,1254
MIGTYMIKE,Mighty Mike Vita,1003,05/23/2025, 09:18:15,1254
MIGTYMIKE,Mighty Mike Vita,1004,05/23/2025, 10:18:17,1254
MIGTYMIKE,Mighty Mike Vita,1004,05/23/2025, 11:14:43,1254
MIGTYMIKE,Mighty Mike Vita,1004,05/23/2025, 12:32:43,1254
MIGTYMIKE,Mighty Mike Vita,1004,05/23/2025, 13:28:14,1254
MIGTYMIKE,Mighty Mike Vita,1004,05/23/2025, 14:16:34,1254
MIGTYMIKE,Mighty Mike Vita,1004,05/23/2025, 15:17:31,1254
MIGTYMIKE,Mighty Mike Vita,1004,05/23/2025, 16:20:18,1254
MIGTYMIKE,Mighty Mike Vita,1005,05/23/2025, 17:15:49,1254
MIGTYMIKE,Mighty Mike Vita,1005,05/23/2025, 18:21:53,1254
MIGTYMIKE,Mighty Mike Vita,1005,05/23/2025, 19:13:45,1254
MIGTYMIKE,Mighty Mike Vita,1005,05/23/2025, 20:18:47,1254
MIGTYMIKE,Mighty Mike Vita,1005,05/23/2025, 21:14:20,1254
MIGTYMIKE,Mighty Mike Vita,1005,05/23/2025, 22:16:42,1254
MIGTYMIKE,Mighty Mike Vita,1005,05/23/2025, 23:16:22,1254
MIGTYMIKE,Mighty Mike Vita,1005,05/24/2025, 01:14:03,1254
MIGTYMIKE,Mighty Mike Vita,1005,05/24/2025, 03:04:38,1254
MIGTYMIKE,Mighty Mike Vita,1007,05/24/2025, 04:19:47,1254
MIGTYMIKE,Mighty Mike Vita,1007,05/24/2025, 05:16:24,1254
MIGTYMIKE,Mighty Mike Vita,1008,05/24/2025, 06:21:22,1254
MIGTYMIKE,Mighty Mike Vita,1008,05/24/2025, 07:15:07,1254
MIGTYMIKE,Mighty Mike Vita,1008,05/24/2025, 08:19:38,1254
MIGTYMIKE,Mighty Mike Vita,1008,05/24/2025, 09:15:56,1254
MIGTYMIKE,Mighty Mike Vita,1008,05/24/2025, 10:16:16,1254
MIGTYMIKE,Mighty Mike Vita,1008,05/24/2025, 11:13:20,1254
MIGTYMIKE,Mighty Mike Vita,1008,05/24/2025, 12:29:56,1254
MIGTYMIKE,Mighty Mike Vita,1008,05/24/2025, 13:24:54,1254
MIGTYMIKE,Mighty Mike Vita,1008,05/24/2025, 14:14:38,1254
MIGTYMIKE,Mighty Mike Vita,1008,05/24/2025, 15:15:17,1254
MIGTYMIKE,Mighty Mike Vita,1009,05/24/2025, 16:18:43,1254
MIGTYMIKE,Mighty Mike Vita,1009,05/24/2025, 17:13:42,1254
MIGTYMIKE,Mighty Mike Vita,1009,05/24/2025, 18:20:50,1254
MIGTYMIKE,Mighty Mike Vita,1009,05/24/2025, 19:13:16,1254
MIGTYMIKE,Mighty Mike Vita,1009,05/24/2025, 20:17:46,1254
MIGTYMIKE,Mighty Mike Vita,1011,05/24/2025, 21:15:01,1254
MIGTYMIKE,Mighty Mike Vita,1011,05/24/2025, 22:15:26,1254
MIGTYMIKE,Mighty Mike Vita,1011,05/24/2025, 23:15:46,1254
MIGTYMIKE,Mighty Mike Vita,1011,05/25/2025, 01:23:23,1254
MIGTYMIKE,Mighty Mike Vita,1011,05/25/2025, 03:18:44,1254
MIGTYMIKE,Mighty Mike Vita,1011,05/25/2025, 04:23:55,1254
MIGTYMIKE,Mighty Mike Vita,1011,05/25/2025, 05:16:05,1254
MIGTYMIKE,Mighty Mike Vita,1012,05/25/2025, 06:21:54,1254
MIGTYMIKE,Mighty Mike Vita,1012,05/25/2025, 07:15:22,1254
MIGTYMIKE,Mighty Mike Vita,1012,05/25/2025, 08:19:57,1254
MIGTYMIKE,Mighty Mike Vita,1012,05/25/2025, 09:16:14,1254
MIGTYMIKE,Mighty Mike Vita,1012,05/25/2025, 10:16:13,1254
MIGTYMIKE,Mighty Mike Vita,1012,05/25/2025, 11:13:27,1254
MIGTYMIKE,Mighty Mike Vita,1012,05/25/2025, 12:30:10,1254
MIGTYMIKE,Mighty Mike Vita,1012,05/25/2025, 13:24:06,1254
MIGTYMIKE,Mighty Mike Vita,1012,05/25/2025, 14:14:56,1254
MIGTYMIKE,Mighty Mike Vita,1012,05/25/2025, 15:15:35,1254
MIGTYMIKE,Mighty Mike Vita,1012,05/25/2025, 16:18:55,1254
MIGTYMIKE,Mighty Mike Vita,1012,05/25/2025, 17:13:57,1254
MIGTYMIKE,Mighty Mike Vita,1012,05/25/2025, 18:20:57,1254
MIGTYMIKE,Mighty Mike Vita,1013,05/25/2025, 19:13:14,1254
MIGTYMIKE,Mighty Mike Vita,1014,05/25/2025, 20:17:14,1254
MIGTYMIKE,Mighty Mike Vita,1014,05/25/2025, 21:15:02,1254
MIGTYMIKE,Mighty Mike Vita,1015,05/25/2025, 22:15:31,1254
MIGTYMIKE,Mighty Mike Vita,1015,05/25/2025, 23:15:50,1254
MIGTYMIKE,Mighty Mike Vita,1015,05/26/2025, 01:18:49,1254
MIGTYMIKE,Mighty Mike Vita,1015,05/26/2025, 03:15:16,1254
MIGTYMIKE,Mighty Mike Vita,1015,05/26/2025, 04:23:12,1254
MIGTYMIKE,Mighty Mike Vita,1015,05/26/2025, 05:18:24,1254
MIGTYMIKE,Mighty Mike Vita,1015,05/26/2025, 06:25:29,1254
MIGTYMIKE,Mighty Mike Vita,1015,05/26/2025, 07:21:15,1254
MIGTYMIKE,Mighty Mike Vita,1015,05/26/2025, 08:31:39,1254
MIGTYMIKE,Mighty Mike Vita,1015,05/26/2025, 09:43:50,1254
MIGTYMIKE,Mighty Mike Vita,1015,05/26/2025, 10:21:58,1254
MIGTYMIKE,Mighty Mike Vita,1015,05/26/2025, 11:14:14,1254
MIGTYMIKE,Mighty Mike Vita,1015,05/26/2025, 12:32:39,1254
MIGTYMIKE,Mighty Mike Vita,1015,05/26/2025, 13:27:30,1254
MIGTYMIKE,Mighty Mike Vita,1015,05/26/2025, 14:17:19,1254
MIGTYMIKE,Mighty Mike Vita,1015,05/26/2025, 15:17:43,1254
MIGTYMIKE,Mighty Mike Vita,1015,05/26/2025, 16:20:05,1254
MIGTYMIKE,Mighty Mike Vita,1015,05/26/2025, 17:14:36,1254
MIGTYMIKE,Mighty Mike Vita,1015,05/26/2025, 18:22:06,1254
MIGTYMIKE,Mighty Mike Vita,1015,05/26/2025, 19:14:17,1254
MIGTYMIKE,Mighty Mike Vita,1015,05/26/2025, 20:18:41,1254
MIGTYMIKE,Mighty Mike Vita,1015,05/26/2025, 21:15:30,1254
MIGTYMIKE,Mighty Mike Vita,1015,05/26/2025, 22:15:46,1254
MIGTYMIKE,Mighty Mike Vita,1015,05/26/2025, 23:17:02,1254
MIGTYMIKE,Mighty Mike Vita,1015,05/27/2025, 01:17:31,1254
MIGTYMIKE,Mighty Mike Vita,1015,05/27/2025, 03:09:41,1254
MIGTYMIKE,Mighty Mike Vita,1015,05/27/2025, 04:23:11,1254
MIGTYMIKE,Mighty Mike Vita,1015,05/27/2025, 06:24:37,1254
MIGTYMIKE,Mighty Mike Vita,1015,05/27/2025, 07:17:23,1254
MIGTYMIKE,Mighty Mike Vita,1015,05/27/2025, 09:18:16,1254
MIGTYMIKE,Mighty Mike Vita,1016,05/27/2025, 10:19:03,1254
MIGTYMIKE,Mighty Mike Vita,1016,05/27/2025, 11:15:01,1254
MIGTYMIKE,Mighty Mike Vita,1016,05/27/2025, 12:34:06,1254
MIGTYMIKE,Mighty Mike Vita,1016,05/27/2025, 13:30:31,1254
MIGTYMIKE,Mighty Mike Vita,1016,05/27/2025, 14:17:02,1254
MIGTYMIKE,Mighty Mike Vita,1016,05/27/2025, 15:18:49,1254
MIGTYMIKE,Mighty Mike Vita,1016,05/27/2025, 16:21:25,1254
MIGTYMIKE,Mighty Mike Vita,1016,05/27/2025, 17:15:43,1254
MIGTYMIKE,Mighty Mike Vita,1017,05/27/2025, 18:22:28,1254
MIGTYMIKE,Mighty Mike Vita,1017,05/27/2025, 19:13:46,1254
MIGTYMIKE,Mighty Mike Vita,1017,05/27/2025, 20:19:17,1254
MIGTYMIKE,Mighty Mike Vita,1017,05/27/2025, 21:16:35,1254
MIGTYMIKE,Mighty Mike Vita,1017,05/27/2025, 22:16:05,1254
MIGTYMIKE,Mighty Mike Vita,1017,05/27/2025, 23:16:03,1254
MIGTYMIKE,Mighty Mike Vita,1017,05/28/2025, 01:17:47,1254
MIGTYMIKE,Mighty Mike Vita,1017,05/28/2025, 03:12:07,1254
MIGTYMIKE,Mighty Mike Vita,1017,05/28/2025, 04:21:53,1254
MIGTYMIKE,Mighty Mike Vita,1017,05/28/2025, 05:17:29,1254
MIGTYMIKE,Mighty Mike Vita,1017,05/28/2025, 06:24:52,1254
MIGTYMIKE,Mighty Mike Vita,1017,05/28/2025, 07:17:05,1254
MIGTYMIKE,Mighty Mike Vita,1017,05/28/2025, 08:22:54,1254
MIGTYMIKE,Mighty Mike Vita,1017,05/28/2025, 09:18:31,1254
MIGTYMIKE,Mighty Mike Vita,1018,05/28/2025, 10:19:16,1254
MIGTYMIKE,Mighty Mike Vita,1018,05/28/2025, 11:15:16,1254
MIGTYMIKE,Mighty Mike Vita,1018,05/28/2025, 12:34:15,1254
MIGTYMIKE,Mighty Mike Vita,1018,05/28/2025, 13:31:09,1254
MIGTYMIKE,Mighty Mike Vita,1018,05/28/2025, 14:18:17,1254
MIGTYMIKE,Mighty Mike Vita,1018,05/28/2025, 15:17:41,1254
MIGTYMIKE,Mighty Mike Vita,1018,05/28/2025, 16:20:21,1254
MIGTYMIKE,Mighty Mike Vita,1018,05/28/2025, 17:15:27,1254
MIGTYMIKE,Mighty Mike Vita,1018,05/28/2025, 18:22:17,1254
MIGTYMIKE,Mighty Mike Vita,1018,05/28/2025, 19:14:37,1254
MIGTYMIKE,Mighty Mike Vita,1018,05/28/2025, 20:19:09,1254
MIGTYMIKE,Mighty Mike Vita,1018,05/28/2025, 21:16:04,1254
MIGTYMIKE,Mighty Mike Vita,1019,05/28/2025, 22:16:22,1254
MIGTYMIKE,Mighty Mike Vita,1019,05/28/2025, 23:16:28,1254
MIGTYMIKE,Mighty Mike Vita,1019,05/29/2025, 01:17:34,1254
MIGTYMIKE,Mighty Mike Vita,1020,05/29/2025, 03:12:19,1254
MIGTYMIKE,Mighty Mike Vita,1020,05/29/2025, 04:22:39,1254
MIGTYMIKE,Mighty Mike Vita,1020,05/29/2025, 05:17:51,1254
MIGTYMIKE,Mighty Mike Vita,1020,05/29/2025, 06:24:37,1254
MIGTYMIKE,Mighty Mike Vita,1020,05/29/2025, 07:17:16,1254
MIGTYMIKE,Mighty Mike Vita,1020,05/29/2025, 08:22:43,1254
MIGTYMIKE,Mighty Mike Vita,1020,05/29/2025, 09:18:42,1254
MIGTYMIKE,Mighty Mike Vita,1020,05/29/2025, 10:19:26,1254
MIGTYMIKE,Mighty Mike Vita,1020,05/29/2025, 11:14:55,1254
