MINITRACE,Minit Fun Racer,0,04/14/2021, 16:24:12,654
MINITRACE,Minit Fun Racer,6,04/14/2021, 17:34:49,654
MINITRACE,Minit Fun Racer,10,04/14/2021, 18:23:53,654
MINITRACE,Minit Fun Racer,14,04/14/2021, 19:16:20,654
MINITRACE,Minit Fun Racer,18,04/14/2021, 20:15:12,654
MINITRACE,Minit Fun Racer,20,04/14/2021, 21:13:37,654
MINITRACE,Minit Fun Racer,25,04/14/2021, 22:16:36,654
MINITRACE,Minit Fun Racer,30,04/14/2021, 23:14:37,654
MINITRACE,Minit Fun Racer,34,04/15/2021, 00:44:49,654
MINITRACE,Minit Fun Racer,37,04/15/2021, 02:02:03,654
MINITRACE,Minit Fun Racer,41,04/15/2021, 03:19:11,654
MINITRACE,Minit Fun Racer,43,04/15/2021, 04:17:57,654
MINITRACE,Minit Fun Racer,45,04/15/2021, 05:18:22,654
MINITRACE,Minit Fun Racer,46,04/15/2021, 06:17:51,654
MINITRACE,Minit Fun Racer,48,04/15/2021, 07:17:41,654
MINITRACE,Minit Fun Racer,49,04/15/2021, 08:17:37,654
MINITRACE,Minit Fun Racer,50,04/15/2021, 09:14:43,654
MINITRACE,Minit Fun Racer,51,04/15/2021, 10:15:14,654
MINITRACE,Minit Fun Racer,54,04/15/2021, 11:12:42,654
