MORP25422,Tic-Tac-Toe,0,04/26/2022, 21:17:36,816
MORP25422,Tic-Tac-Toe,8,04/26/2022, 22:13:39,816
MORP25422,Tic-Tac-Toe,10,04/26/2022, 23:14:21,816
MORP25422,Tic-Tac-Toe,19,04/27/2022, 01:13:37,816
MORP25422,Tic-Tac-Toe,29,04/27/2022, 03:39:43,816
MORP25422,Tic-Tac-Toe,30,04/27/2022, 04:39:22,816
MORP25422,Tic-Tac-Toe,32,04/27/2022, 05:25:24,816
MORP25422,Tic-Tac-Toe,35,04/27/2022, 06:17:27,816
MORP25422,Tic-Tac-Toe,37,04/27/2022, 07:18:21,816
MORP25422,Tic-Tac-Toe,45,04/27/2022, 08:22:32,816
MORP25422,Tic-Tac-Toe,47,04/27/2022, 09:19:20,816
MORP25422,Tic-Tac-Toe,50,04/27/2022, 10:20:24,816
MORP25422,Tic-Tac-Toe,52,04/27/2022, 11:17:25,816
MORP25422,Tic-Tac-Toe,54,04/27/2022, 12:29:17,816
MORP25422,Tic-Tac-Toe,57,04/27/2022, 13:31:52,816
MORP25422,Tic-Tac-Toe,59,04/27/2022, 14:18:41,816
MORP25422,Tic-Tac-Toe,61,04/27/2022, 15:20:22,816
MORP25422,Tic-Tac-Toe,63,04/27/2022, 16:19:26,816
MORP25422,Tic-Tac-Toe,65,04/27/2022, 17:22:46,816
MORP25422,Tic-Tac-Toe,67,04/27/2022, 18:20:53,816
MORP25422,Tic-Tac-Toe,69,04/27/2022, 19:16:17,816
MORP25422,Tic-Tac-Toe,70,04/27/2022, 20:16:11,816
MORP25422,Tic-Tac-Toe,74,04/27/2022, 21:18:00,816
MORP25422,Tic-Tac-Toe,74,04/27/2022, 22:14:02,816
MORP25422,Tic-Tac-Toe,75,04/27/2022, 23:15:26,816
MORP25422,Tic-Tac-Toe,77,04/28/2022, 01:25:10,816
MORP25422,Tic-Tac-Toe,79,04/28/2022, 04:07:23,816
MORP25422,Tic-Tac-Toe,82,04/28/2022, 05:37:33,816
MORP25422,Tic-Tac-Toe,83,04/28/2022, 06:19:49,816
MORP25422,Tic-Tac-Toe,85,04/28/2022, 07:17:22,816
MORP25422,Tic-Tac-Toe,85,04/28/2022, 08:22:17,816
MORP25422,Tic-Tac-Toe,85,04/28/2022, 09:20:21,816
MORP25422,Tic-Tac-Toe,87,04/28/2022, 10:15:19,816
MORP25422,Tic-Tac-Toe,88,04/28/2022, 11:17:40,816
MORP25422,Tic-Tac-Toe,88,04/28/2022, 12:31:30,816
MORP25422,Tic-Tac-Toe,89,04/28/2022, 13:38:17,816
MORP25422,Tic-Tac-Toe,89,04/28/2022, 14:15:50,816
MORP25422,Tic-Tac-Toe,90,04/28/2022, 15:15:27,816
MORP25422,Tic-Tac-Toe,92,04/28/2022, 16:21:00,816
MORP25422,Tic-Tac-Toe,92,04/28/2022, 17:18:38,816
MORP25422,Tic-Tac-Toe,92,04/28/2022, 18:23:22,816
MORP25422,Tic-Tac-Toe,92,04/28/2022, 19:11:49,816
MORP25422,Tic-Tac-Toe,96,04/28/2022, 20:17:38,816
MORP25422,Tic-Tac-Toe,98,04/28/2022, 21:12:57,816
MORP25422,Tic-Tac-Toe,98,04/28/2022, 22:13:49,816
MORP25422,Tic-Tac-Toe,98,04/28/2022, 23:14:08,816
MORP25422,Tic-Tac-Toe,100,04/29/2022, 01:03:06,816
MORP25422,Tic-Tac-Toe,100,04/29/2022, 03:22:52,816
MORP25422,Tic-Tac-Toe,102,04/29/2022, 04:27:17,816
MORP25422,Tic-Tac-Toe,105,04/29/2022, 05:17:03,816
MORP25422,Tic-Tac-Toe,109,04/29/2022, 06:17:34,816
MORP25422,Tic-Tac-Toe,111,04/29/2022, 07:13:40,816
MORP25422,Tic-Tac-Toe,111,04/29/2022, 08:23:18,816
MORP25422,Tic-Tac-Toe,111,04/29/2022, 09:19:19,816
MORP25422,Tic-Tac-Toe,112,04/29/2022, 10:18:30,816
MORP25422,Tic-Tac-Toe,114,04/29/2022, 11:17:21,816
MORP25422,Tic-Tac-Toe,116,04/29/2022, 12:30:22,816
MORP25422,Tic-Tac-Toe,116,04/29/2022, 13:39:10,816
MORP25422,Tic-Tac-Toe,119,04/29/2022, 14:17:14,816
MORP25422,Tic-Tac-Toe,121,04/29/2022, 15:14:37,816
MORP25422,Tic-Tac-Toe,123,04/29/2022, 16:20:55,816
MORP25422,Tic-Tac-Toe,125,04/29/2022, 17:18:45,816
MORP25422,Tic-Tac-Toe,128,04/29/2022, 18:16:41,816
MORP25422,Tic-Tac-Toe,128,04/29/2022, 19:11:24,816
MORP25422,Tic-Tac-Toe,129,04/29/2022, 20:15:10,816
MORP25422,Tic-Tac-Toe,130,04/29/2022, 21:13:08,816
MORP25422,Tic-Tac-Toe,130,04/29/2022, 22:14:21,816
MORP25422,Tic-Tac-Toe,131,04/29/2022, 23:14:03,816
MORP25422,Tic-Tac-Toe,132,04/30/2022, 01:10:56,816
MORP25422,Tic-Tac-Toe,133,04/30/2022, 03:14:10,816
MORP25422,Tic-Tac-Toe,133,04/30/2022, 04:19:44,816
MORP25422,Tic-Tac-Toe,134,04/30/2022, 05:13:03,816
MORP25422,Tic-Tac-Toe,134,04/30/2022, 06:16:50,816
MORP25422,Tic-Tac-Toe,134,04/30/2022, 07:13:22,816
MORP25422,Tic-Tac-Toe,134,04/30/2022, 08:16:20,816
MORP25422,Tic-Tac-Toe,136,04/30/2022, 09:13:05,816
MORP25422,Tic-Tac-Toe,137,04/30/2022, 10:14:10,816
MORP25422,Tic-Tac-Toe,137,04/30/2022, 11:11:34,816
MORP25422,Tic-Tac-Toe,137,04/30/2022, 12:21:58,816
MORP25422,Tic-Tac-Toe,138,04/30/2022, 13:22:11,816
MORP25422,Tic-Tac-Toe,138,04/30/2022, 14:12:52,816
MORP25422,Tic-Tac-Toe,142,04/30/2022, 15:13:59,816
MORP25422,Tic-Tac-Toe,144,04/30/2022, 16:17:44,816
MORP25422,Tic-Tac-Toe,145,04/30/2022, 17:15:33,816
MORP25422,Tic-Tac-Toe,145,04/30/2022, 18:16:02,816
MORP25422,Tic-Tac-Toe,148,04/30/2022, 19:11:19,816
MORP25422,Tic-Tac-Toe,151,04/30/2022, 20:14:00,816
MORP25422,Tic-Tac-Toe,152,04/30/2022, 21:12:33,816
MORP25422,Tic-Tac-Toe,153,04/30/2022, 22:13:29,816
MORP25422,Tic-Tac-Toe,155,04/30/2022, 23:13:21,816
MORP25422,Tic-Tac-Toe,157,05/01/2022, 01:20:51,816
MORP25422,Tic-Tac-Toe,157,05/01/2022, 03:39:09,816
MORP25422,Tic-Tac-Toe,157,05/01/2022, 04:32:25,816
MORP25422,Tic-Tac-Toe,157,05/01/2022, 05:19:12,816
MORP25422,Tic-Tac-Toe,158,05/01/2022, 06:16:47,816
MORP25422,Tic-Tac-Toe,158,05/01/2022, 07:13:30,816
MORP25422,Tic-Tac-Toe,161,05/01/2022, 08:16:37,816
MORP25422,Tic-Tac-Toe,161,05/01/2022, 09:13:34,816
MORP25422,Tic-Tac-Toe,161,05/01/2022, 10:15:07,816
MORP25422,Tic-Tac-Toe,161,05/01/2022, 11:11:53,816
MORP25422,Tic-Tac-Toe,164,05/01/2022, 12:23:05,816
MORP25422,Tic-Tac-Toe,166,05/01/2022, 13:23:27,816
MORP25422,Tic-Tac-Toe,168,05/01/2022, 14:12:44,816
MORP25422,Tic-Tac-Toe,168,05/01/2022, 15:14:34,816
MORP25422,Tic-Tac-Toe,171,05/01/2022, 16:18:34,816
MORP25422,Tic-Tac-Toe,176,05/01/2022, 17:16:25,816
MORP25422,Tic-Tac-Toe,178,05/01/2022, 18:15:38,816
MORP25422,Tic-Tac-Toe,179,05/01/2022, 19:12:20,816
MORP25422,Tic-Tac-Toe,182,05/01/2022, 20:14:20,816
MORP25422,Tic-Tac-Toe,183,05/01/2022, 21:12:50,816
MORP25422,Tic-Tac-Toe,185,05/01/2022, 22:13:19,816
MORP25422,Tic-Tac-Toe,189,05/01/2022, 23:13:41,816
MORP25422,Tic-Tac-Toe,195,05/02/2022, 01:04:48,816
MORP25422,Tic-Tac-Toe,199,05/02/2022, 03:51:28,816
MORP25422,Tic-Tac-Toe,199,05/02/2022, 04:48:07,816
MORP25422,Tic-Tac-Toe,199,05/02/2022, 05:27:51,816
MORP25422,Tic-Tac-Toe,201,05/02/2022, 06:17:37,816
MORP25422,Tic-Tac-Toe,201,05/02/2022, 07:13:54,816
MORP25422,Tic-Tac-Toe,201,05/02/2022, 08:18:56,816
MORP25422,Tic-Tac-Toe,202,05/02/2022, 09:14:34,816
MORP25422,Tic-Tac-Toe,202,05/02/2022, 10:16:50,816
MORP25422,Tic-Tac-Toe,203,05/02/2022, 11:12:44,816
MORP25422,Tic-Tac-Toe,203,05/02/2022, 12:27:07,816
MORP25422,Tic-Tac-Toe,203,05/02/2022, 13:36:33,816
MORP25422,Tic-Tac-Toe,203,05/02/2022, 14:18:46,816
MORP25422,Tic-Tac-Toe,203,05/02/2022, 15:19:20,816
MORP25422,Tic-Tac-Toe,205,05/02/2022, 16:25:20,816
MORP25422,Tic-Tac-Toe,206,05/02/2022, 17:25:23,816
MORP25422,Tic-Tac-Toe,206,05/02/2022, 18:21:20,816
MORP25422,Tic-Tac-Toe,208,05/02/2022, 19:16:17,816
MORP25422,Tic-Tac-Toe,209,05/02/2022, 20:17:47,816
MORP25422,Tic-Tac-Toe,210,05/02/2022, 21:15:22,816
MORP25422,Tic-Tac-Toe,210,05/02/2022, 22:14:10,816
MORP25422,Tic-Tac-Toe,211,05/02/2022, 23:14:36,816
MORP25422,Tic-Tac-Toe,212,05/03/2022, 01:09:04,816
MORP25422,Tic-Tac-Toe,213,05/03/2022, 03:21:19,816
MORP25422,Tic-Tac-Toe,213,05/03/2022, 04:28:06,816
MORP25422,Tic-Tac-Toe,213,05/03/2022, 05:18:18,816
MORP25422,Tic-Tac-Toe,213,05/03/2022, 06:17:26,816
MORP25422,Tic-Tac-Toe,215,05/03/2022, 07:13:50,816
MORP25422,Tic-Tac-Toe,218,05/03/2022, 08:22:19,816
MORP25422,Tic-Tac-Toe,219,05/03/2022, 09:13:56,816
MORP25422,Tic-Tac-Toe,220,05/03/2022, 10:21:10,816
MORP25422,Tic-Tac-Toe,223,05/03/2022, 11:16:47,816
MORP25422,Tic-Tac-Toe,225,05/03/2022, 12:33:33,816
MORP25422,Tic-Tac-Toe,226,05/03/2022, 13:35:14,816
MORP25422,Tic-Tac-Toe,226,05/03/2022, 14:16:05,816
MORP25422,Tic-Tac-Toe,226,05/03/2022, 15:19:33,816
MORP25422,Tic-Tac-Toe,226,05/03/2022, 16:20:39,816
MORP25422,Tic-Tac-Toe,226,05/03/2022, 17:25:49,816
MORP25422,Tic-Tac-Toe,226,05/03/2022, 18:21:18,816
MORP25422,Tic-Tac-Toe,228,05/03/2022, 19:16:16,816
MORP25422,Tic-Tac-Toe,228,05/03/2022, 20:19:11,816
MORP25422,Tic-Tac-Toe,228,05/03/2022, 21:18:19,816
MORP25422,Tic-Tac-Toe,231,05/03/2022, 22:14:16,816
MORP25422,Tic-Tac-Toe,233,05/03/2022, 23:12:50,816
MORP25422,Tic-Tac-Toe,235,05/04/2022, 01:06:47,816
MORP25422,Tic-Tac-Toe,243,05/04/2022, 03:22:20,816
MORP25422,Tic-Tac-Toe,244,05/04/2022, 04:27:01,816
MORP25422,Tic-Tac-Toe,244,05/04/2022, 05:17:19,816
MORP25422,Tic-Tac-Toe,244,05/04/2022, 06:18:47,816
MORP25422,Tic-Tac-Toe,244,05/04/2022, 07:13:30,816
MORP25422,Tic-Tac-Toe,244,05/04/2022, 08:18:25,816
MORP25422,Tic-Tac-Toe,246,05/04/2022, 09:16:27,816
MORP25422,Tic-Tac-Toe,246,05/04/2022, 10:15:39,816
MORP25422,Tic-Tac-Toe,247,05/04/2022, 11:12:47,816
MORP25422,Tic-Tac-Toe,248,05/04/2022, 12:33:13,816
MORP25422,Tic-Tac-Toe,249,05/04/2022, 13:34:49,816
MORP25422,Tic-Tac-Toe,249,05/04/2022, 14:17:27,816
MORP25422,Tic-Tac-Toe,250,05/04/2022, 15:15:26,816
MORP25422,Tic-Tac-Toe,251,05/04/2022, 16:26:25,816
MORP25422,Tic-Tac-Toe,251,05/04/2022, 17:23:58,816
MORP25422,Tic-Tac-Toe,252,05/04/2022, 18:20:15,816
MORP25422,Tic-Tac-Toe,254,05/04/2022, 19:12:00,816
MORP25422,Tic-Tac-Toe,255,05/04/2022, 20:15:32,816
MORP25422,Tic-Tac-Toe,256,05/04/2022, 21:13:55,816
MORP25422,Tic-Tac-Toe,258,05/04/2022, 22:13:55,816
MORP25422,Tic-Tac-Toe,259,05/04/2022, 23:14:21,816
MORP25422,Tic-Tac-Toe,259,05/05/2022, 01:08:02,816
MORP25422,Tic-Tac-Toe,259,05/05/2022, 03:19:16,816
MORP25422,Tic-Tac-Toe,259,05/05/2022, 04:30:26,816
MORP25422,Tic-Tac-Toe,261,05/05/2022, 05:19:27,816
MORP25422,Tic-Tac-Toe,263,05/05/2022, 06:18:12,816
MORP25422,Tic-Tac-Toe,263,05/05/2022, 07:14:15,816
MORP25422,Tic-Tac-Toe,263,05/05/2022, 08:18:53,816
MORP25422,Tic-Tac-Toe,263,05/05/2022, 09:19:19,816
MORP25422,Tic-Tac-Toe,264,05/05/2022, 10:19:53,816
MORP25422,Tic-Tac-Toe,264,05/05/2022, 11:13:23,816
MORP25422,Tic-Tac-Toe,264,05/05/2022, 12:31:37,816
MORP25422,Tic-Tac-Toe,264,05/05/2022, 13:33:30,816
MORP25422,Tic-Tac-Toe,265,05/05/2022, 14:13:32,816
MORP25422,Tic-Tac-Toe,266,05/05/2022, 15:13:59,816
MORP25422,Tic-Tac-Toe,268,05/05/2022, 16:20:03,816
MORP25422,Tic-Tac-Toe,268,05/05/2022, 17:23:32,816
MORP25422,Tic-Tac-Toe,269,05/05/2022, 18:16:27,816
MORP25422,Tic-Tac-Toe,270,05/05/2022, 19:11:47,816
MORP25422,Tic-Tac-Toe,271,05/05/2022, 20:14:51,816
MORP25422,Tic-Tac-Toe,272,05/05/2022, 21:13:11,816
MORP25422,Tic-Tac-Toe,272,05/05/2022, 22:14:46,816
MORP25422,Tic-Tac-Toe,276,05/05/2022, 23:14:23,816
MORP25422,Tic-Tac-Toe,277,05/06/2022, 00:59:49,816
MORP25422,Tic-Tac-Toe,278,05/06/2022, 02:46:58,816
MORP25422,Tic-Tac-Toe,279,05/06/2022, 03:37:34,816
MORP25422,Tic-Tac-Toe,279,05/06/2022, 04:17:50,816
MORP25422,Tic-Tac-Toe,279,05/06/2022, 05:14:00,816
MORP25422,Tic-Tac-Toe,281,05/06/2022, 06:19:13,816
MORP25422,Tic-Tac-Toe,281,05/06/2022, 07:13:21,816
MORP25422,Tic-Tac-Toe,281,05/06/2022, 08:18:05,816
MORP25422,Tic-Tac-Toe,283,05/06/2022, 09:14:39,816
MORP25422,Tic-Tac-Toe,283,05/06/2022, 10:15:31,816
MORP25422,Tic-Tac-Toe,284,05/06/2022, 11:12:13,816
MORP25422,Tic-Tac-Toe,286,05/06/2022, 12:25:41,816
MORP25422,Tic-Tac-Toe,286,05/06/2022, 13:31:00,816
MORP25422,Tic-Tac-Toe,286,05/06/2022, 14:13:49,816
MORP25422,Tic-Tac-Toe,286,05/06/2022, 15:14:40,816
MORP25422,Tic-Tac-Toe,286,05/06/2022, 16:19:48,816
MORP25422,Tic-Tac-Toe,286,05/06/2022, 17:21:27,816
MORP25422,Tic-Tac-Toe,286,05/06/2022, 18:17:16,816
MORP25422,Tic-Tac-Toe,287,05/06/2022, 19:11:50,816
MORP25422,Tic-Tac-Toe,289,05/06/2022, 20:15:12,816
MORP25422,Tic-Tac-Toe,289,05/06/2022, 21:12:44,816
MORP25422,Tic-Tac-Toe,290,05/06/2022, 22:13:28,816
MORP25422,Tic-Tac-Toe,292,05/06/2022, 23:13:55,816
MORP25422,Tic-Tac-Toe,292,05/07/2022, 00:59:40,816
MORP25422,Tic-Tac-Toe,296,05/07/2022, 02:39:24,816
MORP25422,Tic-Tac-Toe,297,05/07/2022, 03:32:23,816
MORP25422,Tic-Tac-Toe,298,05/07/2022, 04:16:31,816
MORP25422,Tic-Tac-Toe,298,05/07/2022, 05:12:10,816
MORP25422,Tic-Tac-Toe,299,05/07/2022, 06:17:07,816
MORP25422,Tic-Tac-Toe,299,05/07/2022, 07:13:16,816
MORP25422,Tic-Tac-Toe,299,05/07/2022, 08:17:12,816
MORP25422,Tic-Tac-Toe,300,05/07/2022, 09:13:14,816
MORP25422,Tic-Tac-Toe,300,05/07/2022, 10:14:54,816
MORP25422,Tic-Tac-Toe,301,05/07/2022, 11:11:59,816
MORP25422,Tic-Tac-Toe,302,05/07/2022, 12:22:45,816
MORP25422,Tic-Tac-Toe,302,05/07/2022, 13:23:06,816
MORP25422,Tic-Tac-Toe,302,05/07/2022, 14:12:26,816
MORP25422,Tic-Tac-Toe,303,05/07/2022, 15:14:15,816
MORP25422,Tic-Tac-Toe,303,05/07/2022, 16:17:50,816
MORP25422,Tic-Tac-Toe,303,05/07/2022, 17:15:48,816
MORP25422,Tic-Tac-Toe,303,05/07/2022, 18:15:40,816
MORP25422,Tic-Tac-Toe,303,05/07/2022, 19:13:08,816
MORP25422,Tic-Tac-Toe,303,05/07/2022, 20:14:27,816
MORP25422,Tic-Tac-Toe,303,05/07/2022, 21:12:45,816
MORP25422,Tic-Tac-Toe,303,05/07/2022, 22:13:04,816
MORP25422,Tic-Tac-Toe,305,05/07/2022, 23:13:46,816
MORP25422,Tic-Tac-Toe,308,05/08/2022, 01:01:14,816
MORP25422,Tic-Tac-Toe,309,05/08/2022, 03:11:09,816
MORP25422,Tic-Tac-Toe,311,05/08/2022, 04:19:16,816
MORP25422,Tic-Tac-Toe,311,05/08/2022, 05:13:21,816
MORP25422,Tic-Tac-Toe,312,05/08/2022, 06:17:20,816
MORP25422,Tic-Tac-Toe,312,05/08/2022, 07:13:34,816
MORP25422,Tic-Tac-Toe,314,05/08/2022, 08:16:59,816
MORP25422,Tic-Tac-Toe,315,05/08/2022, 09:13:39,816
MORP25422,Tic-Tac-Toe,316,05/08/2022, 10:15:18,816
MORP25422,Tic-Tac-Toe,316,05/08/2022, 11:11:57,816
MORP25422,Tic-Tac-Toe,317,05/08/2022, 12:22:30,816
MORP25422,Tic-Tac-Toe,318,05/08/2022, 13:24:26,816
MORP25422,Tic-Tac-Toe,319,05/08/2022, 14:12:47,816
MORP25422,Tic-Tac-Toe,321,05/08/2022, 15:13:58,816
MORP25422,Tic-Tac-Toe,321,05/08/2022, 16:17:47,816
MORP25422,Tic-Tac-Toe,321,05/08/2022, 17:15:56,816
MORP25422,Tic-Tac-Toe,321,05/08/2022, 18:15:38,816
MORP25422,Tic-Tac-Toe,325,05/08/2022, 19:11:35,816
MORP25422,Tic-Tac-Toe,331,05/08/2022, 20:14:19,816
MORP25422,Tic-Tac-Toe,331,05/08/2022, 21:12:13,816
MORP25422,Tic-Tac-Toe,331,05/08/2022, 22:14:26,816
MORP25422,Tic-Tac-Toe,332,05/08/2022, 23:13:39,816
MORP25422,Tic-Tac-Toe,335,05/09/2022, 01:04:32,816
MORP25422,Tic-Tac-Toe,335,05/09/2022, 03:17:50,816
MORP25422,Tic-Tac-Toe,336,05/09/2022, 04:27:07,816
MORP25422,Tic-Tac-Toe,337,05/09/2022, 05:18:00,816
MORP25422,Tic-Tac-Toe,337,05/09/2022, 06:18:16,816
MORP25422,Tic-Tac-Toe,337,05/09/2022, 07:13:59,816
MORP25422,Tic-Tac-Toe,337,05/09/2022, 08:18:00,816
MORP25422,Tic-Tac-Toe,337,05/09/2022, 09:14:53,816
MORP25422,Tic-Tac-Toe,339,05/09/2022, 10:15:44,816
MORP25422,Tic-Tac-Toe,340,05/09/2022, 11:12:54,816
MORP25422,Tic-Tac-Toe,341,05/09/2022, 12:27:47,816
MORP25422,Tic-Tac-Toe,341,05/09/2022, 13:35:21,816
MORP25422,Tic-Tac-Toe,341,05/09/2022, 14:12:42,816
MORP25422,Tic-Tac-Toe,341,05/09/2022, 15:15:07,816
MORP25422,Tic-Tac-Toe,341,05/09/2022, 16:26:25,816
MORP25422,Tic-Tac-Toe,342,05/09/2022, 17:27:20,816
MORP25422,Tic-Tac-Toe,348,05/09/2022, 18:21:35,816
MORP25422,Tic-Tac-Toe,348,05/09/2022, 19:15:25,816
MORP25422,Tic-Tac-Toe,349,05/09/2022, 20:18:08,816
MORP25422,Tic-Tac-Toe,349,05/09/2022, 21:13:16,816
MORP25422,Tic-Tac-Toe,351,05/09/2022, 22:13:58,816
MORP25422,Tic-Tac-Toe,351,05/09/2022, 23:14:03,816
MORP25422,Tic-Tac-Toe,351,05/10/2022, 01:00:10,816
MORP25422,Tic-Tac-Toe,351,05/10/2022, 02:24:51,816
MORP25422,Tic-Tac-Toe,354,05/10/2022, 03:23:34,816
MORP25422,Tic-Tac-Toe,355,05/10/2022, 04:17:39,816
MORP25422,Tic-Tac-Toe,355,05/10/2022, 05:13:53,816
MORP25422,Tic-Tac-Toe,355,05/10/2022, 06:17:27,816
MORP25422,Tic-Tac-Toe,355,05/10/2022, 07:14:02,816
MORP25422,Tic-Tac-Toe,355,05/10/2022, 08:19:19,816
MORP25422,Tic-Tac-Toe,357,05/10/2022, 09:19:43,816
MORP25422,Tic-Tac-Toe,357,05/10/2022, 10:15:23,816
MORP25422,Tic-Tac-Toe,357,05/10/2022, 11:13:20,816
MORP25422,Tic-Tac-Toe,358,05/10/2022, 12:33:36,816
MORP25422,Tic-Tac-Toe,359,05/10/2022, 13:43:48,816
MORP25422,Tic-Tac-Toe,359,05/10/2022, 14:22:30,816
MORP25422,Tic-Tac-Toe,359,05/10/2022, 15:19:21,816
MORP25422,Tic-Tac-Toe,360,05/10/2022, 16:22:12,816
MORP25422,Tic-Tac-Toe,360,05/10/2022, 17:24:33,816
MORP25422,Tic-Tac-Toe,360,05/10/2022, 18:22:22,816
MORP25422,Tic-Tac-Toe,360,05/10/2022, 19:16:13,816
MORP25422,Tic-Tac-Toe,360,05/10/2022, 20:21:13,816
MORP25422,Tic-Tac-Toe,361,05/10/2022, 21:17:17,816
MORP25422,Tic-Tac-Toe,361,05/10/2022, 22:13:52,816
MORP25422,Tic-Tac-Toe,362,05/10/2022, 23:14:37,816
MORP25422,Tic-Tac-Toe,363,05/11/2022, 01:12:21,816
MORP25422,Tic-Tac-Toe,365,05/11/2022, 03:18:13,816
MORP25422,Tic-Tac-Toe,365,05/11/2022, 04:32:39,816
MORP25422,Tic-Tac-Toe,367,05/11/2022, 05:23:51,816
MORP25422,Tic-Tac-Toe,368,05/11/2022, 06:20:51,816
MORP25422,Tic-Tac-Toe,370,05/11/2022, 07:19:16,816
MORP25422,Tic-Tac-Toe,370,05/11/2022, 08:24:14,816
MORP25422,Tic-Tac-Toe,370,05/11/2022, 09:18:18,816
MORP25422,Tic-Tac-Toe,370,05/11/2022, 10:20:24,816
MORP25422,Tic-Tac-Toe,370,05/11/2022, 11:14:21,816
MORP25422,Tic-Tac-Toe,371,05/11/2022, 12:34:20,816
MORP25422,Tic-Tac-Toe,372,05/11/2022, 13:36:43,816
MORP25422,Tic-Tac-Toe,372,05/11/2022, 14:14:09,816
MORP25422,Tic-Tac-Toe,373,05/11/2022, 15:15:56,816
MORP25422,Tic-Tac-Toe,374,05/11/2022, 16:25:46,816
MORP25422,Tic-Tac-Toe,374,05/11/2022, 17:31:26,816
MORP25422,Tic-Tac-Toe,374,05/11/2022, 18:21:19,816
MORP25422,Tic-Tac-Toe,376,05/11/2022, 19:12:44,816
MORP25422,Tic-Tac-Toe,378,05/11/2022, 20:19:37,816
MORP25422,Tic-Tac-Toe,379,05/11/2022, 21:12:31,816
MORP25422,Tic-Tac-Toe,379,05/11/2022, 22:13:59,816
MORP25422,Tic-Tac-Toe,379,05/11/2022, 23:14:49,816
MORP25422,Tic-Tac-Toe,380,05/12/2022, 01:08:53,816
MORP25422,Tic-Tac-Toe,380,05/12/2022, 03:11:40,816
MORP25422,Tic-Tac-Toe,380,05/12/2022, 04:24:54,816
MORP25422,Tic-Tac-Toe,380,05/12/2022, 05:20:48,816
MORP25422,Tic-Tac-Toe,381,05/12/2022, 06:19:20,816
MORP25422,Tic-Tac-Toe,381,05/12/2022, 07:14:17,816
MORP25422,Tic-Tac-Toe,381,05/12/2022, 08:22:22,816
MORP25422,Tic-Tac-Toe,381,05/12/2022, 09:20:00,816
MORP25422,Tic-Tac-Toe,381,05/12/2022, 10:17:36,816
MORP25422,Tic-Tac-Toe,381,05/12/2022, 11:17:15,816
MORP25422,Tic-Tac-Toe,381,05/12/2022, 12:32:28,816
MORP25422,Tic-Tac-Toe,381,05/12/2022, 13:40:35,816
MORP25422,Tic-Tac-Toe,381,05/12/2022, 14:17:53,816
MORP25422,Tic-Tac-Toe,382,05/12/2022, 15:15:21,816
MORP25422,Tic-Tac-Toe,385,05/12/2022, 16:25:36,816
MORP25422,Tic-Tac-Toe,387,05/12/2022, 17:26:10,816
MORP25422,Tic-Tac-Toe,387,05/12/2022, 19:11:21,816
MORP25422,Tic-Tac-Toe,387,05/12/2022, 20:15:27,816
MORP25422,Tic-Tac-Toe,387,05/12/2022, 21:11:42,816
MORP25422,Tic-Tac-Toe,388,05/12/2022, 22:15:42,816
MORP25422,Tic-Tac-Toe,390,05/12/2022, 23:15:08,816
MORP25422,Tic-Tac-Toe,391,05/13/2022, 01:15:46,816
MORP25422,Tic-Tac-Toe,393,05/13/2022, 03:46:49,816
MORP25422,Tic-Tac-Toe,393,05/13/2022, 04:50:05,816
MORP25422,Tic-Tac-Toe,393,05/13/2022, 05:38:15,816
MORP25422,Tic-Tac-Toe,394,05/13/2022, 06:21:02,816
MORP25422,Tic-Tac-Toe,394,05/13/2022, 07:14:55,816
MORP25422,Tic-Tac-Toe,394,05/13/2022, 08:21:23,816
MORP25422,Tic-Tac-Toe,394,05/13/2022, 09:19:18,816
MORP25422,Tic-Tac-Toe,394,05/13/2022, 10:21:24,816
MORP25422,Tic-Tac-Toe,394,05/13/2022, 11:13:05,816
MORP25422,Tic-Tac-Toe,395,05/13/2022, 12:38:19,816
MORP25422,Tic-Tac-Toe,396,05/13/2022, 13:47:25,816
MORP25422,Tic-Tac-Toe,396,05/13/2022, 14:21:11,816
MORP25422,Tic-Tac-Toe,396,05/13/2022, 15:18:13,816
MORP25422,Tic-Tac-Toe,397,05/13/2022, 16:25:25,816
MORP25422,Tic-Tac-Toe,399,05/13/2022, 17:23:28,816
MORP25422,Tic-Tac-Toe,399,05/13/2022, 18:18:25,816
MORP25422,Tic-Tac-Toe,399,05/13/2022, 19:12:26,816
MORP25422,Tic-Tac-Toe,399,05/13/2022, 20:16:27,816
MORP25422,Tic-Tac-Toe,400,05/13/2022, 21:12:55,816
MORP25422,Tic-Tac-Toe,401,05/13/2022, 22:14:03,816
MORP25422,Tic-Tac-Toe,401,05/13/2022, 23:15:22,816
MORP25422,Tic-Tac-Toe,404,05/14/2022, 01:18:01,816
MORP25422,Tic-Tac-Toe,404,05/14/2022, 03:59:48,816
MORP25422,Tic-Tac-Toe,404,05/14/2022, 05:25:55,816
MORP25422,Tic-Tac-Toe,404,05/14/2022, 06:34:20,816
MORP25422,Tic-Tac-Toe,404,05/14/2022, 07:19:24,816
MORP25422,Tic-Tac-Toe,404,05/14/2022, 08:17:12,816
MORP25422,Tic-Tac-Toe,404,05/14/2022, 09:13:46,816
MORP25422,Tic-Tac-Toe,405,05/14/2022, 10:15:31,816
MORP25422,Tic-Tac-Toe,406,05/14/2022, 11:11:56,816
MORP25422,Tic-Tac-Toe,406,05/14/2022, 12:26:55,816
MORP25422,Tic-Tac-Toe,406,05/14/2022, 13:33:30,816
MORP25422,Tic-Tac-Toe,406,05/14/2022, 14:13:03,816
MORP25422,Tic-Tac-Toe,406,05/14/2022, 15:14:20,816
MORP25422,Tic-Tac-Toe,409,05/14/2022, 16:18:01,816
MORP25422,Tic-Tac-Toe,410,05/14/2022, 17:18:06,816
MORP25422,Tic-Tac-Toe,411,05/14/2022, 18:16:48,816
MORP25422,Tic-Tac-Toe,411,05/14/2022, 19:11:38,816
MORP25422,Tic-Tac-Toe,411,05/14/2022, 20:13:54,816
MORP25422,Tic-Tac-Toe,411,05/14/2022, 21:12:35,816
MORP25422,Tic-Tac-Toe,412,05/14/2022, 22:14:25,816
MORP25422,Tic-Tac-Toe,413,05/14/2022, 23:14:16,816
MORP25422,Tic-Tac-Toe,414,05/15/2022, 01:16:56,816
MORP25422,Tic-Tac-Toe,414,05/15/2022, 03:13:04,816
MORP25422,Tic-Tac-Toe,414,05/15/2022, 04:21:13,816
MORP25422,Tic-Tac-Toe,414,05/15/2022, 05:16:47,816
MORP25422,Tic-Tac-Toe,416,05/15/2022, 06:17:28,816
MORP25422,Tic-Tac-Toe,417,05/15/2022, 07:13:15,816
MORP25422,Tic-Tac-Toe,417,05/15/2022, 08:16:59,816
MORP25422,Tic-Tac-Toe,417,05/15/2022, 09:14:22,816
MORP25422,Tic-Tac-Toe,417,05/15/2022, 10:16:04,816
MORP25422,Tic-Tac-Toe,417,05/15/2022, 11:12:15,816
MORP25422,Tic-Tac-Toe,418,05/15/2022, 12:25:42,816
MORP25422,Tic-Tac-Toe,418,05/15/2022, 13:29:16,816
MORP25422,Tic-Tac-Toe,418,05/15/2022, 14:12:53,816
MORP25422,Tic-Tac-Toe,418,05/15/2022, 15:14:03,816
MORP25422,Tic-Tac-Toe,418,05/15/2022, 16:18:53,816
MORP25422,Tic-Tac-Toe,418,05/15/2022, 17:19:16,816
MORP25422,Tic-Tac-Toe,419,05/15/2022, 18:26:56,816
MORP25422,Tic-Tac-Toe,420,05/15/2022, 19:11:47,816
MORP25422,Tic-Tac-Toe,421,05/15/2022, 20:15:00,816
MORP25422,Tic-Tac-Toe,422,05/15/2022, 21:12:23,816
MORP25422,Tic-Tac-Toe,422,05/15/2022, 22:13:18,816
MORP25422,Tic-Tac-Toe,422,05/15/2022, 23:14:03,816
MORP25422,Tic-Tac-Toe,423,05/16/2022, 01:08:15,816
MORP25422,Tic-Tac-Toe,424,05/16/2022, 02:58:37,816
MORP25422,Tic-Tac-Toe,424,05/16/2022, 03:38:14,816
MORP25422,Tic-Tac-Toe,424,05/16/2022, 04:21:09,816
MORP25422,Tic-Tac-Toe,425,05/16/2022, 05:19:08,816
MORP25422,Tic-Tac-Toe,425,05/16/2022, 06:20:09,816
MORP25422,Tic-Tac-Toe,425,05/16/2022, 07:17:00,816
MORP25422,Tic-Tac-Toe,426,05/16/2022, 08:18:55,816
MORP25422,Tic-Tac-Toe,426,05/16/2022, 09:14:31,816
MORP25422,Tic-Tac-Toe,427,05/16/2022, 10:17:12,816
MORP25422,Tic-Tac-Toe,427,05/16/2022, 11:12:36,816
MORP25422,Tic-Tac-Toe,427,05/16/2022, 12:29:07,816
MORP25422,Tic-Tac-Toe,427,05/16/2022, 13:38:07,816
MORP25422,Tic-Tac-Toe,427,05/16/2022, 14:14:51,816
MORP25422,Tic-Tac-Toe,430,05/16/2022, 15:16:15,816
MORP25422,Tic-Tac-Toe,430,05/16/2022, 16:22:16,816
MORP25422,Tic-Tac-Toe,432,05/16/2022, 17:20:07,816
MORP25422,Tic-Tac-Toe,432,05/16/2022, 18:18:47,816
MORP25422,Tic-Tac-Toe,432,05/16/2022, 19:11:39,816
MORP25422,Tic-Tac-Toe,432,05/16/2022, 20:15:47,816
MORP25422,Tic-Tac-Toe,432,05/16/2022, 21:13:16,816
MORP25422,Tic-Tac-Toe,432,05/16/2022, 22:14:06,816
MORP25422,Tic-Tac-Toe,432,05/16/2022, 23:14:38,816
MORP25422,Tic-Tac-Toe,432,05/17/2022, 01:05:46,816
MORP25422,Tic-Tac-Toe,432,05/17/2022, 03:22:28,816
MORP25422,Tic-Tac-Toe,432,05/17/2022, 04:29:27,816
MORP25422,Tic-Tac-Toe,432,05/17/2022, 05:18:49,816
MORP25422,Tic-Tac-Toe,433,05/17/2022, 06:18:22,816
MORP25422,Tic-Tac-Toe,434,05/17/2022, 07:13:35,816
MORP25422,Tic-Tac-Toe,436,05/17/2022, 08:18:55,816
MORP25422,Tic-Tac-Toe,437,05/17/2022, 09:14:20,816
MORP25422,Tic-Tac-Toe,437,05/17/2022, 10:15:35,816
MORP25422,Tic-Tac-Toe,438,05/17/2022, 11:12:19,816
MORP25422,Tic-Tac-Toe,438,05/17/2022, 12:28:52,816
MORP25422,Tic-Tac-Toe,440,05/17/2022, 13:32:57,816
MORP25422,Tic-Tac-Toe,440,05/17/2022, 14:12:17,816
MORP25422,Tic-Tac-Toe,440,05/17/2022, 15:15:07,816
MORP25422,Tic-Tac-Toe,441,05/17/2022, 16:20:54,816
MORP25422,Tic-Tac-Toe,441,05/17/2022, 17:21:13,816
MORP25422,Tic-Tac-Toe,441,05/17/2022, 18:17:48,816
MORP25422,Tic-Tac-Toe,441,05/17/2022, 19:10:11,816
MORP25422,Tic-Tac-Toe,442,05/17/2022, 20:15:04,816
MORP25422,Tic-Tac-Toe,442,05/17/2022, 21:10:55,816
MORP25422,Tic-Tac-Toe,444,05/17/2022, 22:14:51,816
MORP25422,Tic-Tac-Toe,444,05/17/2022, 23:14:20,816
MORP25422,Tic-Tac-Toe,444,05/18/2022, 00:55:41,816
MORP25422,Tic-Tac-Toe,444,05/18/2022, 02:53:42,816
MORP25422,Tic-Tac-Toe,445,05/18/2022, 03:51:43,816
MORP25422,Tic-Tac-Toe,445,05/18/2022, 04:26:52,816
MORP25422,Tic-Tac-Toe,445,05/18/2022, 05:18:44,816
MORP25422,Tic-Tac-Toe,445,05/18/2022, 06:18:25,816
MORP25422,Tic-Tac-Toe,445,05/18/2022, 07:13:34,816
MORP25422,Tic-Tac-Toe,445,05/18/2022, 08:17:27,816
MORP25422,Tic-Tac-Toe,445,05/18/2022, 09:17:27,816
MORP25422,Tic-Tac-Toe,447,05/18/2022, 10:15:41,816
MORP25422,Tic-Tac-Toe,448,05/18/2022, 11:12:20,816
MORP25422,Tic-Tac-Toe,448,05/18/2022, 12:27:38,816
MORP25422,Tic-Tac-Toe,448,05/18/2022, 13:37:20,816
MORP25422,Tic-Tac-Toe,448,05/18/2022, 14:16:12,816
MORP25422,Tic-Tac-Toe,448,05/18/2022, 15:15:12,816
MORP25422,Tic-Tac-Toe,448,05/18/2022, 16:19:36,816
MORP25422,Tic-Tac-Toe,448,05/18/2022, 17:21:31,816
MORP25422,Tic-Tac-Toe,448,05/18/2022, 18:19:12,816
MORP25422,Tic-Tac-Toe,448,05/18/2022, 19:12:09,816
MORP25422,Tic-Tac-Toe,448,05/18/2022, 20:15:19,816
MORP25422,Tic-Tac-Toe,450,05/18/2022, 21:13:28,816
MORP25422,Tic-Tac-Toe,451,05/18/2022, 22:14:05,816
MORP25422,Tic-Tac-Toe,452,05/18/2022, 23:14:12,816
MORP25422,Tic-Tac-Toe,452,05/19/2022, 01:16:46,816
MORP25422,Tic-Tac-Toe,452,05/19/2022, 03:23:06,816
MORP25422,Tic-Tac-Toe,452,05/19/2022, 04:29:14,816
MORP25422,Tic-Tac-Toe,452,05/19/2022, 05:18:59,816
MORP25422,Tic-Tac-Toe,452,05/19/2022, 06:18:07,816
MORP25422,Tic-Tac-Toe,452,05/19/2022, 07:13:57,816
MORP25422,Tic-Tac-Toe,452,05/19/2022, 08:18:29,816
MORP25422,Tic-Tac-Toe,453,05/19/2022, 09:14:52,816
MORP25422,Tic-Tac-Toe,453,05/19/2022, 10:16:34,816
MORP25422,Tic-Tac-Toe,453,05/19/2022, 11:12:37,816
MORP25422,Tic-Tac-Toe,453,05/19/2022, 12:27:11,816
MORP25422,Tic-Tac-Toe,453,05/19/2022, 13:37:12,816
MORP25422,Tic-Tac-Toe,453,05/19/2022, 14:13:22,816
MORP25422,Tic-Tac-Toe,453,05/19/2022, 15:20:42,816
MORP25422,Tic-Tac-Toe,453,05/19/2022, 16:38:12,816
MORP25422,Tic-Tac-Toe,453,05/19/2022, 17:42:35,816
MORP25422,Tic-Tac-Toe,453,05/19/2022, 18:25:16,816
MORP25422,Tic-Tac-Toe,453,05/19/2022, 19:12:39,816
MORP25422,Tic-Tac-Toe,453,05/19/2022, 20:15:17,816
MORP25422,Tic-Tac-Toe,453,05/19/2022, 21:13:06,816
MORP25422,Tic-Tac-Toe,453,05/19/2022, 22:13:31,816
MORP25422,Tic-Tac-Toe,453,05/19/2022, 23:14:24,816
MORP25422,Tic-Tac-Toe,454,05/20/2022, 01:08:26,816
MORP25422,Tic-Tac-Toe,455,05/20/2022, 03:12:26,816
MORP25422,Tic-Tac-Toe,456,05/20/2022, 04:23:31,816
MORP25422,Tic-Tac-Toe,456,05/20/2022, 05:16:07,816
MORP25422,Tic-Tac-Toe,456,05/20/2022, 06:18:02,816
MORP25422,Tic-Tac-Toe,456,05/20/2022, 07:13:42,816
MORP25422,Tic-Tac-Toe,456,05/20/2022, 08:17:56,816
MORP25422,Tic-Tac-Toe,457,05/20/2022, 09:18:24,816
MORP25422,Tic-Tac-Toe,457,05/20/2022, 10:16:18,816
MORP25422,Tic-Tac-Toe,457,05/20/2022, 11:12:37,816
MORP25422,Tic-Tac-Toe,457,05/20/2022, 12:27:00,816
MORP25422,Tic-Tac-Toe,457,05/20/2022, 13:34:05,816
MORP25422,Tic-Tac-Toe,457,05/20/2022, 14:13:14,816
MORP25422,Tic-Tac-Toe,457,05/20/2022, 15:15:31,816
MORP25422,Tic-Tac-Toe,457,05/20/2022, 16:19:36,816
MORP25422,Tic-Tac-Toe,457,05/20/2022, 17:20:20,816
MORP25422,Tic-Tac-Toe,457,05/20/2022, 18:17:17,816
MORP25422,Tic-Tac-Toe,457,05/20/2022, 19:11:59,816
MORP25422,Tic-Tac-Toe,457,05/20/2022, 20:15:22,816
MORP25422,Tic-Tac-Toe,457,05/20/2022, 21:13:53,816
MORP25422,Tic-Tac-Toe,457,05/20/2022, 22:14:45,816
MORP25422,Tic-Tac-Toe,457,05/20/2022, 23:15:00,816
MORP25422,Tic-Tac-Toe,459,05/21/2022, 00:58:21,816
MORP25422,Tic-Tac-Toe,459,05/21/2022, 02:24:03,816
MORP25422,Tic-Tac-Toe,459,05/21/2022, 03:25:06,816
MORP25422,Tic-Tac-Toe,460,05/21/2022, 04:17:42,816
MORP25422,Tic-Tac-Toe,460,05/21/2022, 05:13:38,816
MORP25422,Tic-Tac-Toe,461,05/21/2022, 06:17:57,816
MORP25422,Tic-Tac-Toe,461,05/21/2022, 07:13:22,816
MORP25422,Tic-Tac-Toe,462,05/21/2022, 08:17:22,816
MORP25422,Tic-Tac-Toe,462,05/21/2022, 09:13:41,816
MORP25422,Tic-Tac-Toe,464,05/21/2022, 10:14:51,816
MORP25422,Tic-Tac-Toe,464,05/21/2022, 11:11:57,816
MORP25422,Tic-Tac-Toe,464,05/21/2022, 12:23:16,816
MORP25422,Tic-Tac-Toe,464,05/21/2022, 13:24:27,816
MORP25422,Tic-Tac-Toe,466,05/21/2022, 14:12:39,816
MORP25422,Tic-Tac-Toe,467,05/21/2022, 15:14:45,816
MORP25422,Tic-Tac-Toe,468,05/21/2022, 16:18:04,816
MORP25422,Tic-Tac-Toe,468,05/21/2022, 17:16:43,816
MORP25422,Tic-Tac-Toe,469,05/21/2022, 18:16:16,816
MORP25422,Tic-Tac-Toe,469,05/21/2022, 19:11:43,816
MORP25422,Tic-Tac-Toe,469,05/21/2022, 20:15:03,816
MORP25422,Tic-Tac-Toe,469,05/21/2022, 21:12:32,816
MORP25422,Tic-Tac-Toe,469,05/21/2022, 22:13:33,816
MORP25422,Tic-Tac-Toe,469,05/21/2022, 23:14:04,816
MORP25422,Tic-Tac-Toe,469,05/22/2022, 01:04:46,816
MORP25422,Tic-Tac-Toe,469,05/22/2022, 03:06:05,816
MORP25422,Tic-Tac-Toe,470,05/22/2022, 04:18:23,816
MORP25422,Tic-Tac-Toe,470,05/22/2022, 05:13:37,816
MORP25422,Tic-Tac-Toe,472,05/22/2022, 06:17:22,816
MORP25422,Tic-Tac-Toe,472,05/22/2022, 07:13:34,816
MORP25422,Tic-Tac-Toe,473,05/22/2022, 08:16:49,816
MORP25422,Tic-Tac-Toe,474,05/22/2022, 09:13:38,816
MORP25422,Tic-Tac-Toe,475,05/22/2022, 10:15:23,816
MORP25422,Tic-Tac-Toe,475,05/22/2022, 11:11:59,816
MORP25422,Tic-Tac-Toe,475,05/22/2022, 12:23:30,816
MORP25422,Tic-Tac-Toe,475,05/22/2022, 13:24:48,816
MORP25422,Tic-Tac-Toe,475,05/22/2022, 14:13:06,816
MORP25422,Tic-Tac-Toe,476,05/22/2022, 15:15:14,816
MORP25422,Tic-Tac-Toe,476,05/22/2022, 16:18:10,816
MORP25422,Tic-Tac-Toe,478,05/22/2022, 17:17:09,816
MORP25422,Tic-Tac-Toe,479,05/22/2022, 18:16:05,816
MORP25422,Tic-Tac-Toe,479,05/22/2022, 19:11:46,816
MORP25422,Tic-Tac-Toe,480,05/22/2022, 20:14:30,816
MORP25422,Tic-Tac-Toe,480,05/22/2022, 21:12:44,816
MORP25422,Tic-Tac-Toe,480,05/22/2022, 22:13:54,816
MORP25422,Tic-Tac-Toe,481,05/22/2022, 23:14:15,816
MORP25422,Tic-Tac-Toe,481,05/23/2022, 01:01:33,816
MORP25422,Tic-Tac-Toe,481,05/23/2022, 03:17:38,816
MORP25422,Tic-Tac-Toe,481,05/23/2022, 04:30:15,816
MORP25422,Tic-Tac-Toe,482,05/23/2022, 05:20:15,816
MORP25422,Tic-Tac-Toe,483,05/23/2022, 06:20:03,816
MORP25422,Tic-Tac-Toe,483,05/23/2022, 07:16:05,816
MORP25422,Tic-Tac-Toe,483,05/23/2022, 08:18:14,816
MORP25422,Tic-Tac-Toe,483,05/23/2022, 09:14:43,816
MORP25422,Tic-Tac-Toe,484,05/23/2022, 10:16:20,816
MORP25422,Tic-Tac-Toe,484,05/23/2022, 11:12:58,816
MORP25422,Tic-Tac-Toe,484,05/23/2022, 12:27:40,816
MORP25422,Tic-Tac-Toe,486,05/23/2022, 13:35:06,816
MORP25422,Tic-Tac-Toe,486,05/23/2022, 14:14:28,816
MORP25422,Tic-Tac-Toe,486,05/23/2022, 15:15:42,816
MORP25422,Tic-Tac-Toe,486,05/23/2022, 16:19:31,816
MORP25422,Tic-Tac-Toe,486,05/23/2022, 17:24:00,816
MORP25422,Tic-Tac-Toe,487,05/23/2022, 18:17:34,816
MORP25422,Tic-Tac-Toe,488,05/23/2022, 19:11:41,816
MORP25422,Tic-Tac-Toe,490,05/23/2022, 20:15:49,816
MORP25422,Tic-Tac-Toe,491,05/23/2022, 21:13:20,816
MORP25422,Tic-Tac-Toe,491,05/23/2022, 22:15:05,816
MORP25422,Tic-Tac-Toe,491,05/23/2022, 23:14:21,816
MORP25422,Tic-Tac-Toe,493,05/24/2022, 01:10:59,816
MORP25422,Tic-Tac-Toe,493,05/24/2022, 03:21:23,816
MORP25422,Tic-Tac-Toe,493,05/24/2022, 04:30:37,816
MORP25422,Tic-Tac-Toe,493,05/24/2022, 05:19:39,816
MORP25422,Tic-Tac-Toe,493,05/24/2022, 06:18:02,816
MORP25422,Tic-Tac-Toe,493,05/24/2022, 07:13:43,816
MORP25422,Tic-Tac-Toe,493,05/24/2022, 08:18:40,816
MORP25422,Tic-Tac-Toe,493,05/24/2022, 09:15:25,816
MORP25422,Tic-Tac-Toe,493,05/24/2022, 10:15:57,816
MORP25422,Tic-Tac-Toe,493,05/24/2022, 11:12:20,816
MORP25422,Tic-Tac-Toe,493,05/24/2022, 12:28:53,816
MORP25422,Tic-Tac-Toe,493,05/24/2022, 13:36:21,816
MORP25422,Tic-Tac-Toe,493,05/24/2022, 14:14:17,816
MORP25422,Tic-Tac-Toe,493,05/24/2022, 15:15:09,816
MORP25422,Tic-Tac-Toe,493,05/24/2022, 16:20:56,816
MORP25422,Tic-Tac-Toe,493,05/24/2022, 17:21:42,816
MORP25422,Tic-Tac-Toe,494,05/24/2022, 18:18:44,816
MORP25422,Tic-Tac-Toe,495,05/24/2022, 19:11:35,816
MORP25422,Tic-Tac-Toe,495,05/24/2022, 20:16:25,816
MORP25422,Tic-Tac-Toe,496,05/24/2022, 21:13:29,816
MORP25422,Tic-Tac-Toe,497,05/24/2022, 22:14:27,816
MORP25422,Tic-Tac-Toe,497,05/24/2022, 23:14:55,816
MORP25422,Tic-Tac-Toe,497,05/25/2022, 01:08:27,816
MORP25422,Tic-Tac-Toe,498,05/25/2022, 03:17:33,816
MORP25422,Tic-Tac-Toe,499,05/25/2022, 04:26:44,816
MORP25422,Tic-Tac-Toe,499,05/25/2022, 05:18:35,816
MORP25422,Tic-Tac-Toe,499,05/25/2022, 06:18:27,816
MORP25422,Tic-Tac-Toe,499,05/25/2022, 07:13:49,816
MORP25422,Tic-Tac-Toe,500,05/25/2022, 08:18:02,816
MORP25422,Tic-Tac-Toe,500,05/25/2022, 09:14:35,816
MORP25422,Tic-Tac-Toe,500,05/25/2022, 10:17:41,816
MORP25422,Tic-Tac-Toe,500,05/25/2022, 11:13:19,816
MORP25422,Tic-Tac-Toe,500,05/25/2022, 12:27:44,816
MORP25422,Tic-Tac-Toe,500,05/25/2022, 13:38:10,816
MORP25422,Tic-Tac-Toe,500,05/25/2022, 14:15:16,816
MORP25422,Tic-Tac-Toe,500,05/25/2022, 15:16:44,816
MORP25422,Tic-Tac-Toe,500,05/25/2022, 16:20:28,816
MORP25422,Tic-Tac-Toe,501,05/25/2022, 17:22:27,816
MORP25422,Tic-Tac-Toe,501,05/25/2022, 18:17:28,816
MORP25422,Tic-Tac-Toe,501,05/25/2022, 19:12:00,816
MORP25422,Tic-Tac-Toe,503,05/25/2022, 20:15:19,816
MORP25422,Tic-Tac-Toe,503,05/25/2022, 21:13:34,816
MORP25422,Tic-Tac-Toe,503,05/25/2022, 22:14:47,816
MORP25422,Tic-Tac-Toe,503,05/25/2022, 23:14:24,816
MORP25422,Tic-Tac-Toe,503,05/26/2022, 01:11:33,816
MORP25422,Tic-Tac-Toe,504,05/26/2022, 03:21:46,816
MORP25422,Tic-Tac-Toe,504,05/26/2022, 04:27:50,816
MORP25422,Tic-Tac-Toe,504,05/26/2022, 05:18:18,816
MORP25422,Tic-Tac-Toe,505,05/26/2022, 06:17:57,816
MORP25422,Tic-Tac-Toe,505,05/26/2022, 07:14:00,816
MORP25422,Tic-Tac-Toe,505,05/26/2022, 08:19:24,816
MORP25422,Tic-Tac-Toe,505,05/26/2022, 09:14:50,816
MORP25422,Tic-Tac-Toe,505,05/26/2022, 10:15:45,816
MORP25422,Tic-Tac-Toe,505,05/26/2022, 11:12:45,816
MORP25422,Tic-Tac-Toe,506,05/26/2022, 12:28:10,816
MORP25422,Tic-Tac-Toe,508,05/26/2022, 13:33:10,816
MORP25422,Tic-Tac-Toe,508,05/26/2022, 14:13:38,816
MORP25422,Tic-Tac-Toe,508,05/26/2022, 15:16:47,816
MORP25422,Tic-Tac-Toe,508,05/26/2022, 16:20:48,816
MORP25422,Tic-Tac-Toe,510,05/26/2022, 17:21:45,816
MORP25422,Tic-Tac-Toe,510,05/26/2022, 18:18:09,816
MORP25422,Tic-Tac-Toe,510,05/26/2022, 19:11:25,816
MORP25422,Tic-Tac-Toe,512,05/26/2022, 20:16:15,816
MORP25422,Tic-Tac-Toe,513,05/26/2022, 21:13:58,816
MORP25422,Tic-Tac-Toe,513,05/26/2022, 22:15:10,816
MORP25422,Tic-Tac-Toe,514,05/26/2022, 23:13:38,816
MORP25422,Tic-Tac-Toe,515,05/27/2022, 01:04:28,816
MORP25422,Tic-Tac-Toe,517,05/27/2022, 03:23:04,816
MORP25422,Tic-Tac-Toe,519,05/27/2022, 04:29:05,816
MORP25422,Tic-Tac-Toe,521,05/27/2022, 05:18:58,816
MORP25422,Tic-Tac-Toe,521,05/27/2022, 06:18:43,816
MORP25422,Tic-Tac-Toe,521,05/27/2022, 07:13:52,816
MORP25422,Tic-Tac-Toe,523,05/27/2022, 08:18:08,816
MORP25422,Tic-Tac-Toe,524,05/27/2022, 09:15:12,816
MORP25422,Tic-Tac-Toe,524,05/27/2022, 10:16:39,816
MORP25422,Tic-Tac-Toe,525,05/27/2022, 11:13:54,816
MORP25422,Tic-Tac-Toe,526,05/27/2022, 12:28:18,816
MORP25422,Tic-Tac-Toe,527,05/27/2022, 13:35:02,816
MORP25422,Tic-Tac-Toe,529,05/27/2022, 14:13:06,816
MORP25422,Tic-Tac-Toe,529,05/27/2022, 15:15:02,816
MORP25422,Tic-Tac-Toe,529,05/27/2022, 16:20:14,816
MORP25422,Tic-Tac-Toe,529,05/27/2022, 17:19:51,816
MORP25422,Tic-Tac-Toe,530,05/27/2022, 18:17:32,816
MORP25422,Tic-Tac-Toe,532,05/27/2022, 19:11:47,816
MORP25422,Tic-Tac-Toe,534,05/27/2022, 20:15:28,816
MORP25422,Tic-Tac-Toe,535,05/27/2022, 21:13:28,816
MORP25422,Tic-Tac-Toe,535,05/27/2022, 22:13:53,816
MORP25422,Tic-Tac-Toe,535,05/27/2022, 23:14:17,816
MORP25422,Tic-Tac-Toe,536,05/28/2022, 01:04:40,816
MORP25422,Tic-Tac-Toe,538,05/28/2022, 03:06:51,816
MORP25422,Tic-Tac-Toe,538,05/28/2022, 04:18:28,816
MORP25422,Tic-Tac-Toe,540,05/28/2022, 05:13:53,816
MORP25422,Tic-Tac-Toe,540,05/28/2022, 06:17:39,816
MORP25422,Tic-Tac-Toe,541,05/28/2022, 07:13:20,816
MORP25422,Tic-Tac-Toe,541,05/28/2022, 08:18:29,816
MORP25422,Tic-Tac-Toe,541,05/28/2022, 09:13:30,816
MORP25422,Tic-Tac-Toe,542,05/28/2022, 10:14:57,816
MORP25422,Tic-Tac-Toe,543,05/28/2022, 11:12:21,816
MORP25422,Tic-Tac-Toe,544,05/28/2022, 12:22:43,816
MORP25422,Tic-Tac-Toe,545,05/28/2022, 13:24:54,816
MORP25422,Tic-Tac-Toe,547,05/28/2022, 14:13:18,816
MORP25422,Tic-Tac-Toe,547,05/28/2022, 15:14:34,816
MORP25422,Tic-Tac-Toe,550,05/28/2022, 16:20:07,816
MORP25422,Tic-Tac-Toe,550,05/28/2022, 17:18:06,816
MORP25422,Tic-Tac-Toe,550,05/28/2022, 18:16:22,816
MORP25422,Tic-Tac-Toe,551,05/28/2022, 19:11:49,816
MORP25422,Tic-Tac-Toe,553,05/28/2022, 21:12:38,816
MORP25422,Tic-Tac-Toe,555,05/28/2022, 22:13:52,816
MORP25422,Tic-Tac-Toe,557,05/28/2022, 23:14:19,816
MORP25422,Tic-Tac-Toe,559,05/29/2022, 01:09:27,816
MORP25422,Tic-Tac-Toe,559,05/29/2022, 03:24:43,816
MORP25422,Tic-Tac-Toe,560,05/29/2022, 04:27:50,816
MORP25422,Tic-Tac-Toe,560,05/29/2022, 05:17:19,816
MORP25422,Tic-Tac-Toe,560,05/29/2022, 06:17:19,816
MORP25422,Tic-Tac-Toe,560,05/29/2022, 07:13:18,816
MORP25422,Tic-Tac-Toe,560,05/29/2022, 08:17:05,816
MORP25422,Tic-Tac-Toe,562,05/29/2022, 09:13:41,816
MORP25422,Tic-Tac-Toe,563,05/29/2022, 10:15:14,816
MORP25422,Tic-Tac-Toe,563,05/29/2022, 11:12:05,816
MORP25422,Tic-Tac-Toe,563,05/29/2022, 12:23:25,816
MORP25422,Tic-Tac-Toe,565,05/29/2022, 13:25:22,816
MORP25422,Tic-Tac-Toe,566,05/29/2022, 14:13:15,816
MORP25422,Tic-Tac-Toe,566,05/29/2022, 15:14:13,816
MORP25422,Tic-Tac-Toe,569,05/29/2022, 16:18:12,816
MORP25422,Tic-Tac-Toe,569,05/29/2022, 17:17:59,816
MORP25422,Tic-Tac-Toe,572,05/29/2022, 18:16:21,816
MORP25422,Tic-Tac-Toe,572,05/29/2022, 19:12:07,816
MORP25422,Tic-Tac-Toe,572,05/29/2022, 20:15:20,816
MORP25422,Tic-Tac-Toe,574,05/29/2022, 21:12:50,816
MORP25422,Tic-Tac-Toe,574,05/29/2022, 22:14:09,816
MORP25422,Tic-Tac-Toe,575,05/29/2022, 23:13:59,816
MORP25422,Tic-Tac-Toe,577,05/30/2022, 01:12:38,816
MORP25422,Tic-Tac-Toe,578,05/30/2022, 03:28:34,816
MORP25422,Tic-Tac-Toe,578,05/30/2022, 04:34:29,816
MORP25422,Tic-Tac-Toe,578,05/30/2022, 05:23:35,816
MORP25422,Tic-Tac-Toe,579,05/30/2022, 06:21:21,816
MORP25422,Tic-Tac-Toe,579,05/30/2022, 07:16:16,816
MORP25422,Tic-Tac-Toe,580,05/30/2022, 08:19:41,816
MORP25422,Tic-Tac-Toe,580,05/30/2022, 09:16:28,816
MORP25422,Tic-Tac-Toe,581,05/30/2022, 10:15:16,816
MORP25422,Tic-Tac-Toe,581,05/30/2022, 11:12:59,816
MORP25422,Tic-Tac-Toe,583,05/30/2022, 12:25:46,816
MORP25422,Tic-Tac-Toe,583,05/30/2022, 13:38:47,816
MORP25422,Tic-Tac-Toe,583,05/30/2022, 14:14:46,816
MORP25422,Tic-Tac-Toe,583,05/30/2022, 15:16:39,816
MORP25422,Tic-Tac-Toe,584,05/30/2022, 16:19:40,816
MORP25422,Tic-Tac-Toe,585,05/30/2022, 17:20:35,816
MORP25422,Tic-Tac-Toe,585,05/30/2022, 18:17:19,816
MORP25422,Tic-Tac-Toe,585,05/30/2022, 19:11:59,816
MORP25422,Tic-Tac-Toe,585,05/30/2022, 20:15:29,816
MORP25422,Tic-Tac-Toe,585,05/30/2022, 21:13:20,816
MORP25422,Tic-Tac-Toe,587,05/30/2022, 22:15:06,816
MORP25422,Tic-Tac-Toe,589,05/30/2022, 23:14:49,816
MORP25422,Tic-Tac-Toe,589,05/31/2022, 01:07:31,816
MORP25422,Tic-Tac-Toe,590,05/31/2022, 03:20:35,816
MORP25422,Tic-Tac-Toe,591,05/31/2022, 04:29:29,816
MORP25422,Tic-Tac-Toe,592,05/31/2022, 05:20:01,816
MORP25422,Tic-Tac-Toe,592,05/31/2022, 06:18:15,816
MORP25422,Tic-Tac-Toe,592,05/31/2022, 07:14:26,816
MORP25422,Tic-Tac-Toe,592,05/31/2022, 08:21:02,816
MORP25422,Tic-Tac-Toe,593,05/31/2022, 09:14:02,816
MORP25422,Tic-Tac-Toe,593,05/31/2022, 10:16:45,816
MORP25422,Tic-Tac-Toe,593,05/31/2022, 11:12:47,816
MORP25422,Tic-Tac-Toe,594,05/31/2022, 12:27:29,816
MORP25422,Tic-Tac-Toe,596,05/31/2022, 13:37:06,816
MORP25422,Tic-Tac-Toe,599,05/31/2022, 14:14:14,816
MORP25422,Tic-Tac-Toe,603,05/31/2022, 15:18:30,816
MORP25422,Tic-Tac-Toe,604,05/31/2022, 16:22:26,816
MORP25422,Tic-Tac-Toe,606,05/31/2022, 17:25:18,816
MORP25422,Tic-Tac-Toe,606,05/31/2022, 18:17:38,816
MORP25422,Tic-Tac-Toe,607,05/31/2022, 19:11:36,816
MORP25422,Tic-Tac-Toe,609,05/31/2022, 20:16:52,816
MORP25422,Tic-Tac-Toe,611,05/31/2022, 21:13:22,816
MORP25422,Tic-Tac-Toe,612,05/31/2022, 22:14:32,816
MORP25422,Tic-Tac-Toe,612,05/31/2022, 23:14:45,816
MORP25422,Tic-Tac-Toe,612,06/01/2022, 01:17:00,816
MORP25422,Tic-Tac-Toe,616,06/01/2022, 04:00:37,816
MORP25422,Tic-Tac-Toe,617,06/01/2022, 05:18:37,816
MORP25422,Tic-Tac-Toe,618,06/01/2022, 06:22:14,816
MORP25422,Tic-Tac-Toe,620,06/01/2022, 07:16:07,816
MORP25422,Tic-Tac-Toe,622,06/01/2022, 08:21:13,816
MORP25422,Tic-Tac-Toe,623,06/01/2022, 09:16:22,816
MORP25422,Tic-Tac-Toe,623,06/01/2022, 10:19:00,816
MORP25422,Tic-Tac-Toe,623,06/01/2022, 11:12:59,816
MORP25422,Tic-Tac-Toe,623,06/01/2022, 12:31:24,816
MORP25422,Tic-Tac-Toe,628,06/01/2022, 13:44:31,816
MORP25422,Tic-Tac-Toe,628,06/01/2022, 14:21:10,816
MORP25422,Tic-Tac-Toe,628,06/01/2022, 15:16:34,816
MORP25422,Tic-Tac-Toe,629,06/01/2022, 16:20:40,816
MORP25422,Tic-Tac-Toe,629,06/01/2022, 17:23:46,816
MORP25422,Tic-Tac-Toe,629,06/01/2022, 18:17:59,816
MORP25422,Tic-Tac-Toe,630,06/01/2022, 19:14:26,816
MORP25422,Tic-Tac-Toe,630,06/01/2022, 20:15:54,816
MORP25422,Tic-Tac-Toe,630,06/01/2022, 21:14:05,816
MORP25422,Tic-Tac-Toe,632,06/01/2022, 22:15:15,816
MORP25422,Tic-Tac-Toe,633,06/01/2022, 23:14:54,816
MORP25422,Tic-Tac-Toe,634,06/02/2022, 01:11:53,816
MORP25422,Tic-Tac-Toe,635,06/02/2022, 03:43:56,816
MORP25422,Tic-Tac-Toe,635,06/02/2022, 05:28:25,816
MORP25422,Tic-Tac-Toe,635,06/02/2022, 06:18:32,816
MORP25422,Tic-Tac-Toe,637,06/02/2022, 07:15:18,816
MORP25422,Tic-Tac-Toe,637,06/02/2022, 09:14:36,816
MORP25422,Tic-Tac-Toe,638,06/02/2022, 10:16:41,816
MORP25422,Tic-Tac-Toe,638,06/02/2022, 11:13:20,816
MORP25422,Tic-Tac-Toe,638,06/02/2022, 12:29:57,816
MORP25422,Tic-Tac-Toe,641,06/02/2022, 13:41:42,816
