NKARUGA01,nKaruga,5,02/25/2022, 21:10:56,788
NKARUGA01,nKaruga,21,02/25/2022, 22:12:50,788
NKARUGA01,nKaruga,35,02/25/2022, 23:13:03,788
NKARUGA01,nKaruga,50,02/26/2022, 00:45:12,788
NKARUGA01,nKaruga,59,02/26/2022, 01:55:30,788
NKARUGA01,nKaruga,63,02/26/2022, 02:29:52,788
NKARUGA01,nKaruga,68,02/26/2022, 03:13:03,788
NKARUGA01,nKaruga,77,02/26/2022, 04:15:28,788
NKARUGA01,nKaruga,91,02/26/2022, 05:11:24,788
NKARUGA01,nKaruga,96,02/26/2022, 06:15:04,788
NKARUGA01,nKaruga,102,02/26/2022, 07:11:40,788
NKARUGA01,nKaruga,109,02/26/2022, 08:14:24,788
NKARUGA01,nKaruga,114,02/26/2022, 09:11:45,788
NKARUGA01,nKaruga,120,02/26/2022, 10:12:52,788
NKARUGA01,nKaruga,126,02/26/2022, 11:10:37,788
NKARUGA01,nKaruga,129,02/26/2022, 12:18:48,788
NKARUGA01,nKaruga,134,02/26/2022, 13:14:31,788
NKARUGA01,nKaruga,142,02/26/2022, 14:12:07,788
NKARUGA01,nKaruga,149,02/26/2022, 15:12:26,788
NKARUGA01,nKaruga,158,02/26/2022, 16:16:13,788
NKARUGA01,nKaruga,163,02/26/2022, 17:11:28,788
NKARUGA01,nKaruga,170,02/26/2022, 18:13:56,788
NKARUGA01,nKaruga,172,02/26/2022, 19:09:58,788
NKARUGA01,nKaruga,180,02/26/2022, 20:12:35,788
NKARUGA01,nKaruga,184,02/26/2022, 21:12:14,788
NKARUGA01,nKaruga,188,02/26/2022, 22:11:37,788
NKARUGA01,nKaruga,193,02/26/2022, 23:12:37,788
NKARUGA01,nKaruga,196,02/27/2022, 00:51:08,788
NKARUGA01,nKaruga,203,02/27/2022, 02:02:57,788
NKARUGA01,nKaruga,204,02/27/2022, 03:13:08,788
NKARUGA01,nKaruga,206,02/27/2022, 04:15:36,788
NKARUGA01,nKaruga,208,02/27/2022, 05:12:03,788
NKARUGA01,nKaruga,211,02/27/2022, 06:14:39,788
NKARUGA01,nKaruga,211,02/27/2022, 07:12:07,788
NKARUGA01,nKaruga,213,02/27/2022, 08:14:09,788
NKARUGA01,nKaruga,214,02/27/2022, 09:12:13,788
NKARUGA01,nKaruga,218,02/27/2022, 10:14:08,788
NKARUGA01,nKaruga,218,02/27/2022, 11:11:12,788
NKARUGA01,nKaruga,219,02/27/2022, 12:19:04,788
NKARUGA01,nKaruga,221,02/27/2022, 13:15:02,788
NKARUGA01,nKaruga,222,02/27/2022, 14:11:55,788
NKARUGA01,nKaruga,223,02/27/2022, 15:12:38,788
NKARUGA01,nKaruga,227,02/27/2022, 16:16:14,788
NKARUGA01,nKaruga,231,02/27/2022, 17:11:58,788
NKARUGA01,nKaruga,232,02/27/2022, 18:15:34,788
NKARUGA01,nKaruga,234,02/27/2022, 19:09:56,788
NKARUGA01,nKaruga,236,02/27/2022, 20:13:09,788
NKARUGA01,nKaruga,237,02/27/2022, 21:11:37,788
NKARUGA01,nKaruga,241,02/27/2022, 22:12:03,788
NKARUGA01,nKaruga,241,02/27/2022, 23:12:28,788
NKARUGA01,nKaruga,245,02/28/2022, 00:49:54,788
NKARUGA01,nKaruga,248,02/28/2022, 02:04:00,788
NKARUGA01,nKaruga,250,02/28/2022, 03:13:47,788
NKARUGA01,nKaruga,251,02/28/2022, 04:16:06,788
NKARUGA01,nKaruga,253,02/28/2022, 05:12:01,788
NKARUGA01,nKaruga,255,02/28/2022, 06:15:54,788
NKARUGA01,nKaruga,256,02/28/2022, 07:12:38,788
NKARUGA01,nKaruga,256,02/28/2022, 08:15:32,788
NKARUGA01,nKaruga,258,02/28/2022, 09:13:19,788
NKARUGA01,nKaruga,258,02/28/2022, 10:18:07,788
NKARUGA01,nKaruga,258,02/28/2022, 11:11:32,788
NKARUGA01,nKaruga,260,02/28/2022, 12:20:36,788
NKARUGA01,nKaruga,261,02/28/2022, 13:17:49,788
NKARUGA01,nKaruga,266,02/28/2022, 14:11:53,788
NKARUGA01,nKaruga,268,02/28/2022, 15:17:28,788
NKARUGA01,nKaruga,269,02/28/2022, 16:18:12,788
NKARUGA01,nKaruga,270,02/28/2022, 17:17:49,788
NKARUGA01,nKaruga,271,02/28/2022, 18:19:05,788
NKARUGA01,nKaruga,272,02/28/2022, 19:10:31,788
NKARUGA01,nKaruga,274,02/28/2022, 20:13:49,788
NKARUGA01,nKaruga,275,02/28/2022, 21:12:31,788
NKARUGA01,nKaruga,275,02/28/2022, 22:12:36,788
NKARUGA01,nKaruga,276,02/28/2022, 23:13:27,788
NKARUGA01,nKaruga,278,03/01/2022, 00:55:39,788
NKARUGA01,nKaruga,282,03/01/2022, 02:18:31,788
NKARUGA01,nKaruga,283,03/01/2022, 03:16:27,788
NKARUGA01,nKaruga,284,03/01/2022, 04:16:08,788
NKARUGA01,nKaruga,285,03/01/2022, 05:11:53,788
NKARUGA01,nKaruga,287,03/01/2022, 06:15:44,788
NKARUGA01,nKaruga,287,03/01/2022, 07:12:16,788
NKARUGA01,nKaruga,288,03/01/2022, 08:15:52,788
NKARUGA01,nKaruga,289,03/01/2022, 09:15:55,788
NKARUGA01,nKaruga,290,03/01/2022, 10:14:52,788
NKARUGA01,nKaruga,291,03/01/2022, 11:12:49,788
NKARUGA01,nKaruga,291,03/01/2022, 12:23:20,788
NKARUGA01,nKaruga,294,03/01/2022, 13:18:56,788
NKARUGA01,nKaruga,296,03/01/2022, 14:12:33,788
NKARUGA01,nKaruga,298,03/01/2022, 15:18:25,788
NKARUGA01,nKaruga,299,03/01/2022, 16:22:11,788
NKARUGA01,nKaruga,302,03/01/2022, 17:18:26,788
NKARUGA01,nKaruga,303,03/01/2022, 18:16:47,788
NKARUGA01,nKaruga,305,03/01/2022, 19:12:36,788
NKARUGA01,nKaruga,308,03/01/2022, 20:15:51,788
NKARUGA01,nKaruga,309,03/01/2022, 21:12:13,788
NKARUGA01,nKaruga,313,03/01/2022, 22:12:34,788
NKARUGA01,nKaruga,315,03/01/2022, 23:13:01,788
NKARUGA01,nKaruga,318,03/02/2022, 00:52:26,788
NKARUGA01,nKaruga,320,03/02/2022, 02:10:34,788
NKARUGA01,nKaruga,321,03/02/2022, 03:13:28,788
NKARUGA01,nKaruga,324,03/02/2022, 04:16:09,788
NKARUGA01,nKaruga,326,03/02/2022, 05:11:51,788
NKARUGA01,nKaruga,330,03/02/2022, 06:16:11,788
NKARUGA01,nKaruga,331,03/02/2022, 07:12:20,788
NKARUGA01,nKaruga,331,03/02/2022, 08:15:50,788
NKARUGA01,nKaruga,331,03/02/2022, 09:12:56,788
NKARUGA01,nKaruga,331,03/02/2022, 10:14:13,788
NKARUGA01,nKaruga,331,03/02/2022, 11:12:44,788
NKARUGA01,nKaruga,333,03/02/2022, 12:20:50,788
NKARUGA01,nKaruga,335,03/02/2022, 13:18:16,788
NKARUGA01,nKaruga,335,03/02/2022, 14:12:40,788
NKARUGA01,nKaruga,336,03/02/2022, 15:13:15,788
NKARUGA01,nKaruga,338,03/02/2022, 16:18:10,788
NKARUGA01,nKaruga,338,03/02/2022, 17:13:41,788
NKARUGA01,nKaruga,340,03/02/2022, 18:18:54,788
NKARUGA01,nKaruga,342,03/02/2022, 19:11:04,788
NKARUGA01,nKaruga,345,03/02/2022, 20:12:20,788
NKARUGA01,nKaruga,349,03/02/2022, 21:10:19,788
NKARUGA01,nKaruga,349,03/02/2022, 22:12:47,788
NKARUGA01,nKaruga,351,03/02/2022, 23:12:42,788
NKARUGA01,nKaruga,353,03/03/2022, 00:53:16,788
NKARUGA01,nKaruga,355,03/03/2022, 02:11:59,788
NKARUGA01,nKaruga,356,03/03/2022, 03:15:10,788
NKARUGA01,nKaruga,357,03/03/2022, 04:16:07,788
NKARUGA01,nKaruga,359,03/03/2022, 05:11:59,788
NKARUGA01,nKaruga,359,03/03/2022, 06:15:45,788
NKARUGA01,nKaruga,360,03/03/2022, 07:12:29,788
NKARUGA01,nKaruga,362,03/03/2022, 08:15:02,788
NKARUGA01,nKaruga,363,03/03/2022, 09:17:15,788
NKARUGA01,nKaruga,363,03/03/2022, 10:14:15,788
NKARUGA01,nKaruga,363,03/03/2022, 11:15:21,788
NKARUGA01,nKaruga,365,03/03/2022, 12:23:50,788
NKARUGA01,nKaruga,365,03/03/2022, 13:18:08,788
NKARUGA01,nKaruga,365,03/03/2022, 14:17:30,788
NKARUGA01,nKaruga,368,03/03/2022, 15:13:35,788
NKARUGA01,nKaruga,372,03/03/2022, 16:19:07,788
NKARUGA01,nKaruga,374,03/03/2022, 17:17:55,788
NKARUGA01,nKaruga,377,03/03/2022, 18:14:58,788
NKARUGA01,nKaruga,377,03/03/2022, 19:10:53,788
NKARUGA01,nKaruga,379,03/03/2022, 20:13:15,788
NKARUGA01,nKaruga,381,03/03/2022, 21:12:03,788
NKARUGA01,nKaruga,382,03/03/2022, 22:12:55,788
NKARUGA01,nKaruga,385,03/03/2022, 23:12:47,788
NKARUGA01,nKaruga,387,03/04/2022, 00:55:52,788
NKARUGA01,nKaruga,389,03/04/2022, 02:16:47,788
NKARUGA01,nKaruga,389,03/04/2022, 03:15:49,788
NKARUGA01,nKaruga,390,03/04/2022, 04:16:03,788
NKARUGA01,nKaruga,390,03/04/2022, 05:12:44,788
NKARUGA01,nKaruga,391,03/04/2022, 06:15:44,788
NKARUGA01,nKaruga,392,03/04/2022, 07:12:17,788
NKARUGA01,nKaruga,393,03/04/2022, 08:15:22,788
NKARUGA01,nKaruga,394,03/04/2022, 09:17:07,788
NKARUGA01,nKaruga,394,03/04/2022, 10:15:11,788
NKARUGA01,nKaruga,396,03/04/2022, 11:10:42,788
NKARUGA01,nKaruga,398,03/04/2022, 12:21:09,788
NKARUGA01,nKaruga,398,03/04/2022, 13:18:20,788
NKARUGA01,nKaruga,398,03/04/2022, 14:13:22,788
NKARUGA01,nKaruga,399,03/04/2022, 15:18:11,788
NKARUGA01,nKaruga,399,03/04/2022, 16:20:22,788
NKARUGA01,nKaruga,401,03/04/2022, 17:14:05,788
NKARUGA01,nKaruga,402,03/04/2022, 18:15:11,788
NKARUGA01,nKaruga,404,03/04/2022, 19:10:21,788
NKARUGA01,nKaruga,407,03/04/2022, 20:13:38,788
NKARUGA01,nKaruga,408,03/04/2022, 21:11:45,788
NKARUGA01,nKaruga,411,03/04/2022, 22:10:16,788
NKARUGA01,nKaruga,414,03/04/2022, 23:12:38,788
NKARUGA01,nKaruga,415,03/05/2022, 00:52:27,788
NKARUGA01,nKaruga,416,03/05/2022, 02:06:08,788
NKARUGA01,nKaruga,418,03/05/2022, 03:12:49,788
NKARUGA01,nKaruga,420,03/05/2022, 04:15:32,788
NKARUGA01,nKaruga,421,03/05/2022, 05:11:41,788
NKARUGA01,nKaruga,422,03/05/2022, 06:15:12,788
NKARUGA01,nKaruga,424,03/05/2022, 07:12:29,788
NKARUGA01,nKaruga,426,03/05/2022, 08:14:31,788
NKARUGA01,nKaruga,426,03/05/2022, 09:11:49,788
NKARUGA01,nKaruga,428,03/05/2022, 10:13:16,788
NKARUGA01,nKaruga,430,03/05/2022, 11:11:33,788
NKARUGA01,nKaruga,432,03/05/2022, 12:18:59,788
NKARUGA01,nKaruga,433,03/05/2022, 13:15:16,788
NKARUGA01,nKaruga,433,03/05/2022, 14:11:57,788
NKARUGA01,nKaruga,435,03/05/2022, 15:12:23,788
NKARUGA01,nKaruga,436,03/05/2022, 16:16:12,788
NKARUGA01,nKaruga,438,03/05/2022, 17:11:47,788
NKARUGA01,nKaruga,440,03/05/2022, 18:14:11,788
NKARUGA01,nKaruga,443,03/05/2022, 19:10:47,788
NKARUGA01,nKaruga,443,03/05/2022, 20:12:35,788
NKARUGA01,nKaruga,444,03/05/2022, 21:11:05,788
NKARUGA01,nKaruga,444,03/05/2022, 22:12:17,788
NKARUGA01,nKaruga,446,03/05/2022, 23:11:56,788
NKARUGA01,nKaruga,447,03/06/2022, 00:49:54,788
NKARUGA01,nKaruga,447,03/06/2022, 02:05:31,788
NKARUGA01,nKaruga,448,03/06/2022, 03:13:05,788
NKARUGA01,nKaruga,449,03/06/2022, 04:15:44,788
NKARUGA01,nKaruga,449,03/06/2022, 05:11:45,788
NKARUGA01,nKaruga,449,03/06/2022, 06:14:52,788
NKARUGA01,nKaruga,451,03/06/2022, 07:12:04,788
NKARUGA01,nKaruga,454,03/06/2022, 08:14:39,788
NKARUGA01,nKaruga,454,03/06/2022, 09:11:47,788
NKARUGA01,nKaruga,456,03/06/2022, 10:13:00,788
NKARUGA01,nKaruga,456,03/06/2022, 11:10:27,788
NKARUGA01,nKaruga,459,03/06/2022, 12:19:30,788
NKARUGA01,nKaruga,459,03/06/2022, 13:15:24,788
NKARUGA01,nKaruga,459,03/06/2022, 14:11:13,788
NKARUGA01,nKaruga,460,03/06/2022, 15:12:40,788
NKARUGA01,nKaruga,464,03/06/2022, 16:16:24,788
NKARUGA01,nKaruga,466,03/06/2022, 17:12:12,788
NKARUGA01,nKaruga,467,03/06/2022, 18:14:15,788
NKARUGA01,nKaruga,468,03/06/2022, 19:09:53,788
NKARUGA01,nKaruga,469,03/06/2022, 20:13:38,788
NKARUGA01,nKaruga,470,03/06/2022, 21:11:16,788
NKARUGA01,nKaruga,471,03/06/2022, 22:12:31,788
NKARUGA01,nKaruga,472,03/06/2022, 23:13:15,788
NKARUGA01,nKaruga,473,03/07/2022, 00:51:04,788
NKARUGA01,nKaruga,474,03/07/2022, 02:09:36,788
NKARUGA01,nKaruga,474,03/07/2022, 03:13:20,788
NKARUGA01,nKaruga,474,03/07/2022, 04:15:58,788
NKARUGA01,nKaruga,476,03/07/2022, 05:12:24,788
NKARUGA01,nKaruga,478,03/07/2022, 06:16:14,788
NKARUGA01,nKaruga,478,03/07/2022, 07:13:15,788
NKARUGA01,nKaruga,479,03/07/2022, 08:17:53,788
NKARUGA01,nKaruga,480,03/07/2022, 09:13:49,788
NKARUGA01,nKaruga,482,03/07/2022, 10:14:44,788
NKARUGA01,nKaruga,482,03/07/2022, 11:13:04,788
NKARUGA01,nKaruga,483,03/07/2022, 12:23:21,788
NKARUGA01,nKaruga,484,03/07/2022, 13:23:29,788
NKARUGA01,nKaruga,484,03/07/2022, 14:12:16,788
NKARUGA01,nKaruga,486,03/07/2022, 15:18:13,788
NKARUGA01,nKaruga,486,03/07/2022, 16:22:16,788
NKARUGA01,nKaruga,490,03/07/2022, 17:20:10,788
NKARUGA01,nKaruga,493,03/07/2022, 18:18:12,788
NKARUGA01,nKaruga,494,03/07/2022, 19:13:01,788
NKARUGA01,nKaruga,495,03/07/2022, 20:17:40,788
NKARUGA01,nKaruga,496,03/07/2022, 21:13:13,788
NKARUGA01,nKaruga,497,03/07/2022, 22:12:41,788
NKARUGA01,nKaruga,500,03/07/2022, 23:12:43,788
NKARUGA01,nKaruga,501,03/08/2022, 00:49:32,788
NKARUGA01,nKaruga,503,03/08/2022, 02:07:37,788
NKARUGA01,nKaruga,504,03/08/2022, 03:13:15,788
NKARUGA01,nKaruga,505,03/08/2022, 04:16:33,788
NKARUGA01,nKaruga,506,03/08/2022, 05:12:12,788
NKARUGA01,nKaruga,506,03/08/2022, 06:15:40,788
NKARUGA01,nKaruga,506,03/08/2022, 07:13:15,788
NKARUGA01,nKaruga,508,03/08/2022, 08:15:59,788
NKARUGA01,nKaruga,509,03/08/2022, 09:12:38,788
NKARUGA01,nKaruga,510,03/08/2022, 10:14:02,788
NKARUGA01,nKaruga,510,03/08/2022, 11:14:11,788
NKARUGA01,nKaruga,511,03/08/2022, 12:21:05,788
NKARUGA01,nKaruga,511,03/08/2022, 13:22:50,788
NKARUGA01,nKaruga,512,03/08/2022, 14:13:32,788
NKARUGA01,nKaruga,512,03/08/2022, 15:18:15,788
NKARUGA01,nKaruga,512,03/08/2022, 16:19:04,788
NKARUGA01,nKaruga,513,03/08/2022, 17:15:00,788
NKARUGA01,nKaruga,515,03/08/2022, 18:19:09,788
NKARUGA01,nKaruga,516,03/08/2022, 19:11:03,788
NKARUGA01,nKaruga,519,03/08/2022, 20:14:02,788
NKARUGA01,nKaruga,520,03/08/2022, 21:11:32,788
NKARUGA01,nKaruga,522,03/08/2022, 22:13:17,788
NKARUGA01,nKaruga,524,03/08/2022, 23:12:42,788
NKARUGA01,nKaruga,526,03/09/2022, 00:50:59,788
NKARUGA01,nKaruga,527,03/09/2022, 02:12:38,788
NKARUGA01,nKaruga,528,03/09/2022, 03:13:40,788
NKARUGA01,nKaruga,529,03/09/2022, 04:16:14,788
NKARUGA01,nKaruga,529,03/09/2022, 05:12:43,788
NKARUGA01,nKaruga,529,03/09/2022, 06:15:56,788
NKARUGA01,nKaruga,530,03/09/2022, 07:12:30,788
NKARUGA01,nKaruga,530,03/09/2022, 08:15:33,788
NKARUGA01,nKaruga,530,03/09/2022, 09:17:16,788
NKARUGA01,nKaruga,530,03/09/2022, 10:18:15,788
NKARUGA01,nKaruga,531,03/09/2022, 11:14:49,788
NKARUGA01,nKaruga,532,03/09/2022, 12:26:18,788
NKARUGA01,nKaruga,534,03/09/2022, 13:23:07,788
NKARUGA01,nKaruga,537,03/09/2022, 14:17:16,788
NKARUGA01,nKaruga,539,03/09/2022, 15:17:56,788
NKARUGA01,nKaruga,540,03/09/2022, 16:18:42,788
NKARUGA01,nKaruga,541,03/09/2022, 17:14:44,788
NKARUGA01,nKaruga,542,03/09/2022, 18:20:09,788
NKARUGA01,nKaruga,543,03/09/2022, 19:10:59,788
NKARUGA01,nKaruga,546,03/09/2022, 20:13:30,788
NKARUGA01,nKaruga,547,03/09/2022, 21:11:52,788
NKARUGA01,nKaruga,550,03/09/2022, 22:12:49,788
NKARUGA01,nKaruga,551,03/09/2022, 23:12:55,788
NKARUGA01,nKaruga,552,03/10/2022, 00:53:30,788
NKARUGA01,nKaruga,552,03/10/2022, 02:19:02,788
NKARUGA01,nKaruga,553,03/10/2022, 03:17:29,788
NKARUGA01,nKaruga,554,03/10/2022, 04:16:30,788
NKARUGA01,nKaruga,554,03/10/2022, 05:12:01,788
NKARUGA01,nKaruga,555,03/10/2022, 06:15:45,788
NKARUGA01,nKaruga,557,03/10/2022, 07:12:36,788
NKARUGA01,nKaruga,557,03/10/2022, 08:15:39,788
NKARUGA01,nKaruga,557,03/10/2022, 09:14:45,788
NKARUGA01,nKaruga,561,03/10/2022, 10:13:58,788
NKARUGA01,nKaruga,563,03/10/2022, 11:12:45,788
NKARUGA01,nKaruga,563,03/10/2022, 12:22:55,788
NKARUGA01,nKaruga,563,03/10/2022, 13:19:43,788
NKARUGA01,nKaruga,563,03/10/2022, 14:16:18,788
NKARUGA01,nKaruga,564,03/10/2022, 15:19:23,788
NKARUGA01,nKaruga,564,03/10/2022, 16:23:01,788
NKARUGA01,nKaruga,565,03/10/2022, 17:15:34,788
NKARUGA01,nKaruga,565,03/10/2022, 18:15:14,788
NKARUGA01,nKaruga,567,03/10/2022, 19:10:24,788
NKARUGA01,nKaruga,567,03/10/2022, 20:13:49,788
NKARUGA01,nKaruga,567,03/10/2022, 21:12:02,788
NKARUGA01,nKaruga,567,03/10/2022, 22:13:18,788
NKARUGA01,nKaruga,568,03/10/2022, 23:13:26,788
NKARUGA01,nKaruga,568,03/11/2022, 00:55:46,788
NKARUGA01,nKaruga,569,03/11/2022, 02:14:10,788
NKARUGA01,nKaruga,569,03/11/2022, 03:14:43,788
NKARUGA01,nKaruga,569,03/11/2022, 04:17:08,788
NKARUGA01,nKaruga,569,03/11/2022, 05:11:54,788
NKARUGA01,nKaruga,570,03/11/2022, 06:16:20,788
NKARUGA01,nKaruga,571,03/11/2022, 07:12:39,788
NKARUGA01,nKaruga,572,03/11/2022, 08:16:01,788
NKARUGA01,nKaruga,572,03/11/2022, 09:18:07,788
NKARUGA01,nKaruga,572,03/11/2022, 10:19:14,788
NKARUGA01,nKaruga,572,03/11/2022, 11:11:44,788
NKARUGA01,nKaruga,572,03/11/2022, 12:21:02,788
NKARUGA01,nKaruga,573,03/11/2022, 13:18:32,788
NKARUGA01,nKaruga,573,03/11/2022, 14:13:09,788
NKARUGA01,nKaruga,573,03/11/2022, 15:18:09,788
NKARUGA01,nKaruga,573,03/11/2022, 16:23:29,788
NKARUGA01,nKaruga,573,03/11/2022, 17:14:38,788
NKARUGA01,nKaruga,573,03/11/2022, 18:15:16,788
NKARUGA01,nKaruga,573,03/11/2022, 19:10:07,788
NKARUGA01,nKaruga,573,03/11/2022, 20:13:32,788
NKARUGA01,nKaruga,574,03/11/2022, 21:11:12,788
NKARUGA01,nKaruga,574,03/11/2022, 22:13:27,788
NKARUGA01,nKaruga,577,03/11/2022, 23:12:37,788
NKARUGA01,nKaruga,579,03/12/2022, 00:50:00,788
NKARUGA01,nKaruga,580,03/12/2022, 01:59:57,788
NKARUGA01,nKaruga,580,03/12/2022, 02:37:01,788
NKARUGA01,nKaruga,582,03/12/2022, 03:13:33,788
NKARUGA01,nKaruga,583,03/12/2022, 04:16:46,788
NKARUGA01,nKaruga,584,03/12/2022, 05:11:26,788
NKARUGA01,nKaruga,584,03/12/2022, 06:15:44,788
NKARUGA01,nKaruga,585,03/12/2022, 07:11:57,788
NKARUGA01,nKaruga,585,03/12/2022, 08:14:52,788
NKARUGA01,nKaruga,585,03/12/2022, 09:12:43,788
NKARUGA01,nKaruga,585,03/12/2022, 10:13:42,788
NKARUGA01,nKaruga,585,03/12/2022, 11:10:45,788
NKARUGA01,nKaruga,586,03/12/2022, 12:19:31,788
NKARUGA01,nKaruga,587,03/12/2022, 13:15:56,788
NKARUGA01,nKaruga,587,03/12/2022, 14:11:07,788
NKARUGA01,nKaruga,588,03/12/2022, 15:12:35,788
NKARUGA01,nKaruga,589,03/12/2022, 16:16:40,788
NKARUGA01,nKaruga,590,03/12/2022, 17:12:21,788
NKARUGA01,nKaruga,590,03/12/2022, 18:14:35,788
NKARUGA01,nKaruga,591,03/12/2022, 19:10:40,788
NKARUGA01,nKaruga,591,03/12/2022, 20:13:51,788
NKARUGA01,nKaruga,591,03/12/2022, 21:11:32,788
NKARUGA01,nKaruga,591,03/12/2022, 22:12:38,788
NKARUGA01,nKaruga,591,03/12/2022, 23:13:00,788
NKARUGA01,nKaruga,592,03/13/2022, 00:49:24,788
NKARUGA01,nKaruga,594,03/13/2022, 02:03:01,788
NKARUGA01,nKaruga,595,03/13/2022, 03:13:33,788
NKARUGA01,nKaruga,595,03/13/2022, 04:16:39,788
NKARUGA01,nKaruga,595,03/13/2022, 05:15:47,788
NKARUGA01,nKaruga,598,03/13/2022, 06:18:33,788
NKARUGA01,nKaruga,599,03/13/2022, 07:12:13,788
NKARUGA01,nKaruga,599,03/13/2022, 08:14:51,788
NKARUGA01,nKaruga,599,03/13/2022, 09:12:23,788
NKARUGA01,nKaruga,601,03/13/2022, 10:13:19,788
NKARUGA01,nKaruga,602,03/13/2022, 11:10:29,788
NKARUGA01,nKaruga,603,03/13/2022, 12:19:43,788
NKARUGA01,nKaruga,603,03/13/2022, 13:16:19,788
NKARUGA01,nKaruga,604,03/13/2022, 14:12:29,788
NKARUGA01,nKaruga,607,03/13/2022, 15:12:34,788
NKARUGA01,nKaruga,608,03/13/2022, 16:17:32,788
NKARUGA01,nKaruga,609,03/13/2022, 17:12:56,788
NKARUGA01,nKaruga,609,03/13/2022, 18:14:39,788
NKARUGA01,nKaruga,612,03/13/2022, 19:10:09,788
NKARUGA01,nKaruga,614,03/13/2022, 20:13:20,788
NKARUGA01,nKaruga,615,03/13/2022, 21:11:10,788
NKARUGA01,nKaruga,618,03/13/2022, 22:12:09,788
NKARUGA01,nKaruga,619,03/13/2022, 23:13:39,788
NKARUGA01,nKaruga,619,03/14/2022, 00:53:28,788
NKARUGA01,nKaruga,619,03/14/2022, 02:11:19,788
NKARUGA01,nKaruga,622,03/14/2022, 03:15:11,788
NKARUGA01,nKaruga,622,03/14/2022, 04:19:32,788
NKARUGA01,nKaruga,624,03/14/2022, 05:33:39,788
NKARUGA01,nKaruga,624,03/14/2022, 06:16:27,788
NKARUGA01,nKaruga,624,03/14/2022, 07:12:48,788
NKARUGA01,nKaruga,625,03/14/2022, 08:18:52,788
NKARUGA01,nKaruga,625,03/14/2022, 09:17:33,788
NKARUGA01,nKaruga,625,03/14/2022, 10:14:25,788
NKARUGA01,nKaruga,626,03/14/2022, 11:13:22,788
NKARUGA01,nKaruga,627,03/14/2022, 12:23:09,788
NKARUGA01,nKaruga,627,03/14/2022, 13:24:10,788
NKARUGA01,nKaruga,627,03/14/2022, 14:17:30,788
NKARUGA01,nKaruga,627,03/14/2022, 15:17:58,788
NKARUGA01,nKaruga,627,03/14/2022, 16:18:56,788
NKARUGA01,nKaruga,628,03/14/2022, 17:14:08,788
NKARUGA01,nKaruga,629,03/14/2022, 18:20:07,788
NKARUGA01,nKaruga,630,03/14/2022, 19:11:57,788
NKARUGA01,nKaruga,632,03/14/2022, 20:14:24,788
NKARUGA01,nKaruga,633,03/14/2022, 21:13:44,788
NKARUGA01,nKaruga,634,03/14/2022, 22:13:10,788
NKARUGA01,nKaruga,634,03/14/2022, 23:13:48,788
NKARUGA01,nKaruga,636,03/15/2022, 00:54:10,788
NKARUGA01,nKaruga,636,03/15/2022, 02:14:34,788
NKARUGA01,nKaruga,636,03/15/2022, 03:14:38,788
NKARUGA01,nKaruga,637,03/15/2022, 04:16:53,788
NKARUGA01,nKaruga,637,03/15/2022, 05:12:36,788
NKARUGA01,nKaruga,637,03/15/2022, 06:16:00,788
NKARUGA01,nKaruga,637,03/15/2022, 07:13:19,788
NKARUGA01,nKaruga,637,03/15/2022, 08:17:49,788
NKARUGA01,nKaruga,638,03/15/2022, 09:14:55,788
NKARUGA01,nKaruga,639,03/15/2022, 10:18:21,788
NKARUGA01,nKaruga,639,03/15/2022, 11:12:17,788
NKARUGA01,nKaruga,641,03/15/2022, 12:24:12,788
NKARUGA01,nKaruga,641,03/15/2022, 13:23:45,788
NKARUGA01,nKaruga,641,03/15/2022, 14:12:50,788
NKARUGA01,nKaruga,641,03/15/2022, 15:18:12,788
NKARUGA01,nKaruga,642,03/15/2022, 16:23:14,788
NKARUGA01,nKaruga,642,03/15/2022, 17:14:41,788
NKARUGA01,nKaruga,642,03/15/2022, 18:20:15,788
NKARUGA01,nKaruga,642,03/15/2022, 19:13:00,788
NKARUGA01,nKaruga,645,03/15/2022, 20:14:27,788
NKARUGA01,nKaruga,645,03/15/2022, 21:10:04,788
NKARUGA01,nKaruga,646,03/15/2022, 22:14:02,788
NKARUGA01,nKaruga,647,03/15/2022, 23:13:28,788
NKARUGA01,nKaruga,647,03/16/2022, 00:54:03,788
NKARUGA01,nKaruga,647,03/16/2022, 02:20:59,788
NKARUGA01,nKaruga,647,03/16/2022, 03:16:38,788
NKARUGA01,nKaruga,648,03/16/2022, 04:15:46,788
NKARUGA01,nKaruga,648,03/16/2022, 05:12:26,788
NKARUGA01,nKaruga,649,03/16/2022, 06:15:44,788
NKARUGA01,nKaruga,649,03/16/2022, 07:13:25,788
NKARUGA01,nKaruga,649,03/16/2022, 08:15:59,788
NKARUGA01,nKaruga,649,03/16/2022, 09:17:14,788
NKARUGA01,nKaruga,649,03/16/2022, 10:19:15,788
NKARUGA01,nKaruga,650,03/16/2022, 11:14:20,788
NKARUGA01,nKaruga,650,03/16/2022, 12:23:33,788
NKARUGA01,nKaruga,651,03/16/2022, 13:22:48,788
NKARUGA01,nKaruga,652,03/16/2022, 14:16:28,788
NKARUGA01,nKaruga,652,03/16/2022, 15:14:00,788
NKARUGA01,nKaruga,652,03/16/2022, 16:17:19,788
NKARUGA01,nKaruga,652,03/16/2022, 17:14:41,788
NKARUGA01,nKaruga,653,03/16/2022, 18:15:40,788
NKARUGA01,nKaruga,653,03/16/2022, 19:15:21,788
NKARUGA01,nKaruga,654,03/16/2022, 20:14:06,788
NKARUGA01,nKaruga,654,03/16/2022, 21:12:26,788
NKARUGA01,nKaruga,654,03/16/2022, 22:11:44,788
NKARUGA01,nKaruga,655,03/16/2022, 23:13:05,788
NKARUGA01,nKaruga,656,03/17/2022, 00:52:42,788
NKARUGA01,nKaruga,656,03/17/2022, 02:14:56,788
NKARUGA01,nKaruga,656,03/17/2022, 03:14:17,788
NKARUGA01,nKaruga,658,03/17/2022, 04:16:24,788
NKARUGA01,nKaruga,660,03/17/2022, 05:12:20,788
NKARUGA01,nKaruga,660,03/17/2022, 06:15:44,788
NKARUGA01,nKaruga,660,03/17/2022, 07:13:04,788
NKARUGA01,nKaruga,660,03/17/2022, 08:16:51,788
NKARUGA01,nKaruga,660,03/17/2022, 09:17:09,788
NKARUGA01,nKaruga,660,03/17/2022, 10:19:08,788
NKARUGA01,nKaruga,660,03/17/2022, 11:12:42,788
NKARUGA01,nKaruga,660,03/17/2022, 12:22:26,788
NKARUGA01,nKaruga,660,03/17/2022, 13:25:12,788
NKARUGA01,nKaruga,661,03/17/2022, 16:17:56,788
NKARUGA01,nKaruga,663,03/17/2022, 17:18:15,788
NKARUGA01,nKaruga,663,03/17/2022, 18:18:26,788
NKARUGA01,nKaruga,664,03/17/2022, 19:13:59,788
NKARUGA01,nKaruga,664,03/17/2022, 20:13:55,788
NKARUGA01,nKaruga,664,03/17/2022, 21:11:36,788
NKARUGA01,nKaruga,664,03/17/2022, 22:13:14,788
NKARUGA01,nKaruga,665,03/17/2022, 23:12:51,788
NKARUGA01,nKaruga,666,03/18/2022, 00:51:44,788
NKARUGA01,nKaruga,667,03/18/2022, 02:19:05,788
NKARUGA01,nKaruga,667,03/18/2022, 03:16:18,788
NKARUGA01,nKaruga,667,03/18/2022, 04:16:20,788
NKARUGA01,nKaruga,667,03/18/2022, 05:12:21,788
NKARUGA01,nKaruga,667,03/18/2022, 06:15:59,788
NKARUGA01,nKaruga,667,03/18/2022, 07:12:55,788
NKARUGA01,nKaruga,667,03/18/2022, 08:15:32,788
NKARUGA01,nKaruga,668,03/18/2022, 09:18:12,788
NKARUGA01,nKaruga,668,03/18/2022, 10:18:13,788
NKARUGA01,nKaruga,668,03/18/2022, 11:12:21,788
NKARUGA01,nKaruga,668,03/18/2022, 12:21:41,788
NKARUGA01,nKaruga,668,03/18/2022, 13:23:23,788
NKARUGA01,nKaruga,668,03/18/2022, 14:13:38,788
NKARUGA01,nKaruga,668,03/18/2022, 15:18:11,788
NKARUGA01,nKaruga,668,03/18/2022, 16:18:36,788
NKARUGA01,nKaruga,668,03/18/2022, 17:18:32,788
NKARUGA01,nKaruga,669,03/18/2022, 18:15:30,788
NKARUGA01,nKaruga,670,03/18/2022, 19:10:33,788
NKARUGA01,nKaruga,672,03/18/2022, 20:13:40,788
NKARUGA01,nKaruga,673,03/18/2022, 21:12:25,788
NKARUGA01,nKaruga,674,03/18/2022, 22:13:11,788
NKARUGA01,nKaruga,674,03/18/2022, 23:13:19,788
NKARUGA01,nKaruga,674,03/19/2022, 00:49:09,788
NKARUGA01,nKaruga,675,03/19/2022, 02:08:36,788
NKARUGA01,nKaruga,677,03/19/2022, 03:12:55,788
NKARUGA01,nKaruga,678,03/19/2022, 04:15:46,788
NKARUGA01,nKaruga,678,03/19/2022, 05:11:40,788
NKARUGA01,nKaruga,678,03/19/2022, 06:16:16,788
NKARUGA01,nKaruga,680,03/19/2022, 07:12:07,788
NKARUGA01,nKaruga,681,03/19/2022, 08:14:49,788
NKARUGA01,nKaruga,681,03/19/2022, 09:12:32,788
NKARUGA01,nKaruga,681,03/19/2022, 10:13:41,788
NKARUGA01,nKaruga,682,03/19/2022, 11:11:12,788
NKARUGA01,nKaruga,682,03/19/2022, 12:20:39,788
NKARUGA01,nKaruga,682,03/19/2022, 13:17:02,788
NKARUGA01,nKaruga,682,03/19/2022, 14:12:53,788
NKARUGA01,nKaruga,683,03/19/2022, 15:13:14,788
NKARUGA01,nKaruga,683,03/19/2022, 16:17:09,788
NKARUGA01,nKaruga,683,03/19/2022, 17:12:32,788
NKARUGA01,nKaruga,683,03/19/2022, 18:14:36,788
NKARUGA01,nKaruga,684,03/19/2022, 19:10:16,788
NKARUGA01,nKaruga,684,03/19/2022, 20:12:55,788
NKARUGA01,nKaruga,685,03/19/2022, 21:10:53,788
NKARUGA01,nKaruga,687,03/19/2022, 22:12:09,788
NKARUGA01,nKaruga,687,03/19/2022, 23:12:52,788
NKARUGA01,nKaruga,689,03/20/2022, 00:52:16,788
NKARUGA01,nKaruga,690,03/20/2022, 02:11:52,788
NKARUGA01,nKaruga,690,03/20/2022, 03:12:58,788
NKARUGA01,nKaruga,690,03/20/2022, 04:16:27,788
NKARUGA01,nKaruga,691,03/20/2022, 05:11:48,788
NKARUGA01,nKaruga,691,03/20/2022, 06:15:31,788
NKARUGA01,nKaruga,691,03/20/2022, 07:12:03,788
NKARUGA01,nKaruga,691,03/20/2022, 08:14:44,788
NKARUGA01,nKaruga,691,03/20/2022, 09:13:12,788
NKARUGA01,nKaruga,694,03/20/2022, 10:13:39,788
NKARUGA01,nKaruga,694,03/20/2022, 11:12:11,788
NKARUGA01,nKaruga,694,03/20/2022, 12:19:41,788
NKARUGA01,nKaruga,695,03/20/2022, 13:16:42,788
NKARUGA01,nKaruga,695,03/20/2022, 14:12:44,788
NKARUGA01,nKaruga,696,03/20/2022, 15:13:52,788
NKARUGA01,nKaruga,696,03/20/2022, 16:16:29,788
NKARUGA01,nKaruga,696,03/20/2022, 17:12:27,788
NKARUGA01,nKaruga,696,03/20/2022, 18:15:20,788
NKARUGA01,nKaruga,697,03/20/2022, 19:10:19,788
NKARUGA01,nKaruga,698,03/20/2022, 20:12:57,788
NKARUGA01,nKaruga,698,03/20/2022, 21:11:14,788
NKARUGA01,nKaruga,699,03/20/2022, 22:12:46,788
NKARUGA01,nKaruga,699,03/20/2022, 23:12:29,788
NKARUGA01,nKaruga,700,03/21/2022, 00:52:51,788
NKARUGA01,nKaruga,700,03/21/2022, 02:25:39,788
NKARUGA01,nKaruga,700,03/21/2022, 03:21:10,788
NKARUGA01,nKaruga,700,03/21/2022, 04:16:24,788
NKARUGA01,nKaruga,701,03/21/2022, 05:12:21,788
NKARUGA01,nKaruga,701,03/21/2022, 06:16:40,788
NKARUGA01,nKaruga,702,03/21/2022, 07:13:26,788
NKARUGA01,nKaruga,702,03/21/2022, 08:17:28,788
NKARUGA01,nKaruga,702,03/21/2022, 09:13:33,788
NKARUGA01,nKaruga,702,03/21/2022, 10:19:21,788
NKARUGA01,nKaruga,702,03/21/2022, 11:13:12,788
NKARUGA01,nKaruga,703,03/21/2022, 12:26:25,788
NKARUGA01,nKaruga,704,03/21/2022, 13:25:19,788
NKARUGA01,nKaruga,705,03/21/2022, 14:17:23,788
NKARUGA01,nKaruga,706,03/21/2022, 15:19:23,788
NKARUGA01,nKaruga,706,03/21/2022, 16:23:24,788
NKARUGA01,nKaruga,706,03/21/2022, 17:15:47,788
NKARUGA01,nKaruga,706,03/21/2022, 18:21:23,788
NKARUGA01,nKaruga,707,03/21/2022, 19:16:16,788
NKARUGA01,nKaruga,709,03/21/2022, 20:19:39,788
NKARUGA01,nKaruga,709,03/21/2022, 21:15:26,788
NKARUGA01,nKaruga,709,03/21/2022, 22:13:20,788
NKARUGA01,nKaruga,709,03/21/2022, 23:13:28,788
