OPOP00001,OceanPop,1,03/09/2022, 11:14:49,792
OPOP00001,OceanPop,1,03/09/2022, 12:26:18,792
OPOP00001,OceanPop,2,03/09/2022, 13:23:07,792
OPOP00001,OceanPop,5,03/09/2022, 14:17:16,792
OPOP00001,OceanPop,8,03/09/2022, 15:17:56,792
OPOP00001,OceanPop,12,03/09/2022, 16:18:42,792
OPOP00001,OceanPop,12,03/09/2022, 17:14:44,792
OPOP00001,OceanPop,14,03/09/2022, 18:20:09,792
OPOP00001,OceanPop,16,03/09/2022, 19:10:59,792
OPOP00001,OceanPop,17,03/09/2022, 20:13:30,792
OPOP00001,OceanPop,20,03/09/2022, 21:11:52,792
OPOP00001,OceanPop,24,03/09/2022, 22:12:49,792
OPOP00001,OceanPop,29,03/09/2022, 23:12:55,792
OPOP00001,OceanPop,32,03/10/2022, 00:53:30,792
OPOP00001,OceanPop,33,03/10/2022, 02:19:02,792
OPOP00001,OceanPop,34,03/10/2022, 03:17:29,792
OPOP00001,OceanPop,35,03/10/2022, 04:16:30,792
OPOP00001,OceanPop,35,03/10/2022, 05:12:01,792
OPOP00001,OceanPop,38,03/10/2022, 06:15:45,792
OPOP00001,OceanPop,38,03/10/2022, 07:12:36,792
OPOP00001,OceanPop,39,03/10/2022, 08:15:39,792
OPOP00001,OceanPop,39,03/10/2022, 09:14:45,792
OPOP00001,OceanPop,39,03/10/2022, 10:13:58,792
OPOP00001,OceanPop,39,03/10/2022, 11:12:45,792
OPOP00001,OceanPop,39,03/10/2022, 12:22:55,792
OPOP00001,OceanPop,40,03/10/2022, 13:19:43,792
OPOP00001,OceanPop,41,03/10/2022, 14:16:18,792
OPOP00001,OceanPop,41,03/10/2022, 15:19:23,792
OPOP00001,OceanPop,42,03/10/2022, 16:23:01,792
OPOP00001,OceanPop,42,03/10/2022, 17:15:34,792
OPOP00001,OceanPop,42,03/10/2022, 18:15:14,792
OPOP00001,OceanPop,42,03/10/2022, 19:10:24,792
OPOP00001,OceanPop,43,03/10/2022, 20:13:49,792
OPOP00001,OceanPop,44,03/10/2022, 21:12:02,792
OPOP00001,OceanPop,44,03/10/2022, 22:13:18,792
OPOP00001,OceanPop,45,03/10/2022, 23:13:26,792
OPOP00001,OceanPop,48,03/11/2022, 00:55:46,792
OPOP00001,OceanPop,50,03/11/2022, 02:14:10,792
OPOP00001,OceanPop,50,03/11/2022, 03:14:43,792
OPOP00001,OceanPop,52,03/11/2022, 04:17:08,792
OPOP00001,OceanPop,52,03/11/2022, 05:11:54,792
OPOP00001,OceanPop,52,03/11/2022, 06:16:20,792
OPOP00001,OceanPop,53,03/11/2022, 07:12:39,792
OPOP00001,OceanPop,54,03/11/2022, 08:16:01,792
OPOP00001,OceanPop,54,03/11/2022, 09:18:07,792
OPOP00001,OceanPop,55,03/11/2022, 10:19:14,792
OPOP00001,OceanPop,56,03/11/2022, 11:11:44,792
OPOP00001,OceanPop,56,03/11/2022, 12:21:02,792
OPOP00001,OceanPop,57,03/11/2022, 13:18:32,792
OPOP00001,OceanPop,58,03/11/2022, 14:13:09,792
OPOP00001,OceanPop,59,03/11/2022, 15:18:09,792
OPOP00001,OceanPop,61,03/11/2022, 16:23:29,792
OPOP00001,OceanPop,64,03/11/2022, 17:14:38,792
OPOP00001,OceanPop,65,03/11/2022, 18:15:16,792
OPOP00001,OceanPop,68,03/11/2022, 19:10:07,792
OPOP00001,OceanPop,69,03/11/2022, 20:13:32,792
OPOP00001,OceanPop,69,03/11/2022, 21:11:12,792
OPOP00001,OceanPop,69,03/11/2022, 22:13:27,792
OPOP00001,OceanPop,71,03/11/2022, 23:12:37,792
OPOP00001,OceanPop,71,03/12/2022, 00:50:00,792
OPOP00001,OceanPop,71,03/12/2022, 01:59:57,792
OPOP00001,OceanPop,73,03/12/2022, 02:37:01,792
OPOP00001,OceanPop,73,03/12/2022, 03:13:33,792
OPOP00001,OceanPop,74,03/12/2022, 04:16:46,792
OPOP00001,OceanPop,74,03/12/2022, 05:11:26,792
OPOP00001,OceanPop,74,03/12/2022, 06:15:44,792
OPOP00001,OceanPop,74,03/12/2022, 07:11:57,792
OPOP00001,OceanPop,74,03/12/2022, 08:14:52,792
OPOP00001,OceanPop,75,03/12/2022, 09:12:43,792
OPOP00001,OceanPop,75,03/12/2022, 10:13:42,792
OPOP00001,OceanPop,76,03/12/2022, 11:10:45,792
OPOP00001,OceanPop,76,03/12/2022, 12:19:31,792
OPOP00001,OceanPop,77,03/12/2022, 13:15:56,792
OPOP00001,OceanPop,78,03/12/2022, 14:11:07,792
OPOP00001,OceanPop,79,03/12/2022, 15:12:35,792
OPOP00001,OceanPop,82,03/12/2022, 16:16:40,792
OPOP00001,OceanPop,82,03/12/2022, 17:12:21,792
OPOP00001,OceanPop,84,03/12/2022, 18:14:35,792
OPOP00001,OceanPop,85,03/12/2022, 19:10:40,792
OPOP00001,OceanPop,85,03/12/2022, 20:13:51,792
OPOP00001,OceanPop,87,03/12/2022, 21:11:32,792
OPOP00001,OceanPop,88,03/12/2022, 22:12:38,792
OPOP00001,OceanPop,89,03/12/2022, 23:13:00,792
OPOP00001,OceanPop,90,03/13/2022, 00:49:24,792
OPOP00001,OceanPop,92,03/13/2022, 02:03:01,792
OPOP00001,OceanPop,95,03/13/2022, 03:13:33,792
OPOP00001,OceanPop,97,03/13/2022, 04:16:39,792
OPOP00001,OceanPop,97,03/13/2022, 05:15:47,792
OPOP00001,OceanPop,97,03/13/2022, 06:18:33,792
OPOP00001,OceanPop,98,03/13/2022, 07:12:13,792
OPOP00001,OceanPop,101,03/13/2022, 08:14:51,792
OPOP00001,OceanPop,101,03/13/2022, 09:12:23,792
OPOP00001,OceanPop,101,03/13/2022, 10:13:19,792
OPOP00001,OceanPop,102,03/13/2022, 11:10:29,792
OPOP00001,OceanPop,103,03/13/2022, 12:19:43,792
OPOP00001,OceanPop,104,03/13/2022, 13:16:19,792
OPOP00001,OceanPop,107,03/13/2022, 14:12:29,792
OPOP00001,OceanPop,107,03/13/2022, 15:12:34,792
OPOP00001,OceanPop,107,03/13/2022, 16:17:32,792
OPOP00001,OceanPop,107,03/13/2022, 17:12:56,792
OPOP00001,OceanPop,110,03/13/2022, 18:14:39,792
OPOP00001,OceanPop,110,03/13/2022, 19:10:09,792
OPOP00001,OceanPop,111,03/13/2022, 20:13:20,792
OPOP00001,OceanPop,112,03/13/2022, 21:11:10,792
OPOP00001,OceanPop,115,03/13/2022, 22:12:09,792
OPOP00001,OceanPop,116,03/13/2022, 23:13:39,792
OPOP00001,OceanPop,116,03/14/2022, 00:53:28,792
OPOP00001,OceanPop,116,03/14/2022, 02:11:19,792
OPOP00001,OceanPop,116,03/14/2022, 03:15:11,792
OPOP00001,OceanPop,116,03/14/2022, 04:19:32,792
OPOP00001,OceanPop,116,03/14/2022, 05:33:39,792
OPOP00001,OceanPop,117,03/14/2022, 06:16:27,792
OPOP00001,OceanPop,117,03/14/2022, 07:12:48,792
OPOP00001,OceanPop,117,03/14/2022, 08:18:52,792
OPOP00001,OceanPop,117,03/14/2022, 09:17:33,792
OPOP00001,OceanPop,117,03/14/2022, 10:14:25,792
OPOP00001,OceanPop,118,03/14/2022, 11:13:22,792
OPOP00001,OceanPop,118,03/14/2022, 12:23:09,792
OPOP00001,OceanPop,118,03/14/2022, 13:24:10,792
OPOP00001,OceanPop,118,03/14/2022, 14:17:30,792
OPOP00001,OceanPop,118,03/14/2022, 15:17:58,792
OPOP00001,OceanPop,118,03/14/2022, 16:18:56,792
OPOP00001,OceanPop,118,03/14/2022, 17:14:08,792
OPOP00001,OceanPop,119,03/14/2022, 18:20:07,792
OPOP00001,OceanPop,120,03/14/2022, 19:11:57,792
OPOP00001,OceanPop,121,03/14/2022, 20:14:24,792
OPOP00001,OceanPop,121,03/14/2022, 21:13:44,792
OPOP00001,OceanPop,121,03/14/2022, 22:13:10,792
OPOP00001,OceanPop,122,03/14/2022, 23:13:48,792
