PCSE69420,Isabelle Dance Studio,3,03/14/2023, 13:30:48,1058
PCSE69420,Isabelle Dance Studio,4,03/14/2023, 14:14:03,1058
PCSE69420,Isabelle Dance Studio,4,03/14/2023, 15:16:07,1058
PCSE69420,Isabelle Dance Studio,5,03/14/2023, 16:20:08,1058
PCSE69420,Isabelle Dance Studio,5,03/14/2023, 17:16:50,1058
PCSE69420,Isabelle Dance Studio,7,03/14/2023, 18:18:25,1058
PCSE69420,Isabelle Dance Studio,9,03/14/2023, 19:12:27,1058
PCSE69420,Isabelle Dance Studio,14,03/14/2023, 20:16:58,1058
PCSE69420,Isabelle Dance Studio,15,03/14/2023, 21:11:24,1058
PCSE69420,Isabelle Dance Studio,15,03/14/2023, 22:11:42,1058
PCSE69420,Isabelle Dance Studio,17,03/14/2023, 23:12:32,1058
PCSE69420,Isabelle Dance Studio,21,03/15/2023, 01:01:14,1058
PCSE69420,Isabelle Dance Studio,22,03/15/2023, 02:16:02,1058
PCSE69420,Isabelle Dance Studio,22,03/15/2023, 03:13:14,1058
PCSE69420,Isabelle Dance Studio,22,03/15/2023, 04:15:10,1058
PCSE69420,Isabelle Dance Studio,22,03/15/2023, 05:12:06,1058
PCSE69420,Isabelle Dance Studio,22,03/15/2023, 06:16:22,1058
PCSE69420,Isabelle Dance Studio,23,03/15/2023, 07:11:52,1058
PCSE69420,Isabelle Dance Studio,23,03/15/2023, 08:16:22,1058
PCSE69420,Isabelle Dance Studio,23,03/15/2023, 09:13:22,1058
PCSE69420,Isabelle Dance Studio,23,03/15/2023, 10:13:58,1058
PCSE69420,Isabelle Dance Studio,23,03/15/2023, 11:11:00,1058
PCSE69420,Isabelle Dance Studio,23,03/15/2023, 12:23:34,1058
PCSE69420,Isabelle Dance Studio,23,03/15/2023, 13:20:51,1058
PCSE69420,Isabelle Dance Studio,23,03/15/2023, 14:11:53,1058
PCSE69420,Isabelle Dance Studio,25,03/15/2023, 15:13:23,1058
PCSE69420,Isabelle Dance Studio,26,03/15/2023, 16:17:31,1058
PCSE69420,Isabelle Dance Studio,26,03/15/2023, 17:12:26,1058
PCSE69420,Isabelle Dance Studio,26,03/15/2023, 18:15:45,1058
PCSE69420,Isabelle Dance Studio,26,03/15/2023, 19:10:46,1058
PCSE69420,Isabelle Dance Studio,28,03/15/2023, 20:13:27,1058
PCSE69420,Isabelle Dance Studio,28,03/15/2023, 21:11:41,1058
PCSE69420,Isabelle Dance Studio,29,03/15/2023, 22:12:01,1058
PCSE69420,Isabelle Dance Studio,29,03/15/2023, 23:10:35,1058
PCSE69420,Isabelle Dance Studio,31,03/16/2023, 01:02:37,1058
PCSE69420,Isabelle Dance Studio,32,03/16/2023, 02:36:53,1058
PCSE69420,Isabelle Dance Studio,33,03/16/2023, 03:13:23,1058
PCSE69420,Isabelle Dance Studio,34,03/16/2023, 04:15:02,1058
PCSE69420,Isabelle Dance Studio,34,03/16/2023, 05:12:12,1058
PCSE69420,Isabelle Dance Studio,34,03/16/2023, 06:16:03,1058
PCSE69420,Isabelle Dance Studio,34,03/16/2023, 07:12:11,1058
PCSE69420,Isabelle Dance Studio,34,03/16/2023, 08:16:24,1058
PCSE69420,Isabelle Dance Studio,34,03/16/2023, 09:13:49,1058
PCSE69420,Isabelle Dance Studio,36,03/16/2023, 10:13:57,1058
PCSE69420,Isabelle Dance Studio,37,03/16/2023, 11:11:04,1058
PCSE69420,Isabelle Dance Studio,38,03/16/2023, 12:23:43,1058
PCSE69420,Isabelle Dance Studio,39,03/16/2023, 13:21:38,1058
PCSE69420,Isabelle Dance Studio,39,03/16/2023, 14:12:30,1058
PCSE69420,Isabelle Dance Studio,42,03/16/2023, 15:13:43,1058
PCSE69420,Isabelle Dance Studio,43,03/16/2023, 16:19:29,1058
PCSE69420,Isabelle Dance Studio,43,03/16/2023, 17:12:08,1058
PCSE69420,Isabelle Dance Studio,45,03/16/2023, 18:15:39,1058
PCSE69420,Isabelle Dance Studio,46,03/16/2023, 19:10:26,1058
PCSE69420,Isabelle Dance Studio,48,03/16/2023, 20:13:23,1058
PCSE69420,Isabelle Dance Studio,48,03/16/2023, 21:11:20,1058
PCSE69420,Isabelle Dance Studio,49,03/16/2023, 22:12:10,1058
PCSE69420,Isabelle Dance Studio,50,03/16/2023, 23:12:45,1058
PCSE69420,Isabelle Dance Studio,53,03/17/2023, 01:00:35,1058
PCSE69420,Isabelle Dance Studio,54,03/17/2023, 02:13:48,1058
PCSE69420,Isabelle Dance Studio,56,03/17/2023, 03:13:17,1058
PCSE69420,Isabelle Dance Studio,58,03/17/2023, 04:15:02,1058
PCSE69420,Isabelle Dance Studio,58,03/17/2023, 05:11:47,1058
PCSE69420,Isabelle Dance Studio,58,03/17/2023, 06:14:32,1058
PCSE69420,Isabelle Dance Studio,59,03/17/2023, 07:11:44,1058
PCSE69420,Isabelle Dance Studio,59,03/17/2023, 08:15:53,1058
PCSE69420,Isabelle Dance Studio,60,03/17/2023, 09:13:00,1058
PCSE69420,Isabelle Dance Studio,62,03/17/2023, 10:13:34,1058
PCSE69420,Isabelle Dance Studio,62,03/17/2023, 11:10:54,1058
PCSE69420,Isabelle Dance Studio,63,03/17/2023, 12:23:22,1058
PCSE69420,Isabelle Dance Studio,64,03/17/2023, 13:19:40,1058
PCSE69420,Isabelle Dance Studio,64,03/17/2023, 14:12:08,1058
PCSE69420,Isabelle Dance Studio,64,03/17/2023, 15:12:51,1058
PCSE69420,Isabelle Dance Studio,67,03/17/2023, 16:16:26,1058
PCSE69420,Isabelle Dance Studio,69,03/17/2023, 17:11:32,1058
PCSE69420,Isabelle Dance Studio,70,03/17/2023, 18:14:36,1058
PCSE69420,Isabelle Dance Studio,70,03/17/2023, 19:10:24,1058
PCSE69420,Isabelle Dance Studio,70,03/17/2023, 20:13:27,1058
PCSE69420,Isabelle Dance Studio,71,03/17/2023, 21:10:59,1058
PCSE69420,Isabelle Dance Studio,71,03/17/2023, 22:11:44,1058
PCSE69420,Isabelle Dance Studio,71,03/17/2023, 23:12:16,1058
PCSE69420,Isabelle Dance Studio,74,03/18/2023, 00:59:32,1058
PCSE69420,Isabelle Dance Studio,76,03/18/2023, 02:12:48,1058
PCSE69420,Isabelle Dance Studio,76,03/18/2023, 03:13:02,1058
PCSE69420,Isabelle Dance Studio,77,03/18/2023, 04:14:32,1058
PCSE69420,Isabelle Dance Studio,78,03/18/2023, 05:11:11,1058
PCSE69420,Isabelle Dance Studio,78,03/18/2023, 06:14:56,1058
PCSE69420,Isabelle Dance Studio,78,03/18/2023, 07:11:07,1058
PCSE69420,Isabelle Dance Studio,79,03/18/2023, 08:14:45,1058
PCSE69420,Isabelle Dance Studio,80,03/18/2023, 09:11:29,1058
PCSE69420,Isabelle Dance Studio,80,03/18/2023, 10:12:16,1058
PCSE69420,Isabelle Dance Studio,81,03/18/2023, 11:10:16,1058
PCSE69420,Isabelle Dance Studio,83,03/18/2023, 12:21:04,1058
PCSE69420,Isabelle Dance Studio,83,03/18/2023, 13:15:50,1058
PCSE69420,Isabelle Dance Studio,83,03/18/2023, 14:10:41,1058
PCSE69420,Isabelle Dance Studio,83,03/18/2023, 15:11:59,1058
PCSE69420,Isabelle Dance Studio,83,03/18/2023, 16:15:04,1058
PCSE69420,Isabelle Dance Studio,84,03/18/2023, 17:10:28,1058
PCSE69420,Isabelle Dance Studio,84,03/18/2023, 18:14:22,1058
PCSE69420,Isabelle Dance Studio,84,03/18/2023, 19:09:38,1058
PCSE69420,Isabelle Dance Studio,85,03/18/2023, 20:12:24,1058
PCSE69420,Isabelle Dance Studio,85,03/18/2023, 21:10:59,1058
PCSE69420,Isabelle Dance Studio,85,03/18/2023, 22:10:59,1058
PCSE69420,Isabelle Dance Studio,85,03/18/2023, 23:11:56,1058
PCSE69420,Isabelle Dance Studio,85,03/19/2023, 01:06:12,1058
PCSE69420,Isabelle Dance Studio,85,03/19/2023, 02:43:58,1058
PCSE69420,Isabelle Dance Studio,85,03/19/2023, 03:14:33,1058
PCSE69420,Isabelle Dance Studio,85,03/19/2023, 04:14:25,1058
PCSE69420,Isabelle Dance Studio,85,03/19/2023, 05:11:26,1058
PCSE69420,Isabelle Dance Studio,87,03/19/2023, 06:16:14,1058
PCSE69420,Isabelle Dance Studio,87,03/19/2023, 07:11:10,1058
PCSE69420,Isabelle Dance Studio,87,03/19/2023, 08:14:46,1058
PCSE69420,Isabelle Dance Studio,88,03/19/2023, 09:12:00,1058
PCSE69420,Isabelle Dance Studio,89,03/19/2023, 10:12:35,1058
PCSE69420,Isabelle Dance Studio,89,03/19/2023, 11:09:56,1058
PCSE69420,Isabelle Dance Studio,95,03/19/2023, 12:21:37,1058
PCSE69420,Isabelle Dance Studio,95,03/19/2023, 13:16:35,1058
PCSE69420,Isabelle Dance Studio,96,03/19/2023, 14:10:36,1058
