PLSG10001,Dark Paradigm,27,11/27/2020, 18:08:39,594
PLSG10001,Dark Paradigm,39,11/27/2020, 19:07:15,594
PLSG10001,Dark Paradigm,54,11/27/2020, 20:09:01,594
PLSG10001,Dark Paradigm,67,11/27/2020, 21:07:29,594
PLSG10001,Dark Paradigm,86,11/27/2020, 22:09:36,594
PLSG10001,Dark Paradigm,97,11/27/2020, 23:08:44,594
PLSG10001,Dark Paradigm,117,11/28/2020, 00:23:25,594
PLSG10001,Dark Paradigm,129,11/28/2020, 01:22:59,594
PLSG10001,Dark Paradigm,134,11/28/2020, 02:10:13,594
PLSG10001,Dark Paradigm,142,11/28/2020, 03:09:06,594
PLSG10001,Dark Paradigm,146,11/28/2020, 04:11:19,594
PLSG10001,Dark Paradigm,150,11/28/2020, 05:08:30,594
PLSG10001,Dark Paradigm,153,11/28/2020, 06:10:05,594
PLSG10001,Dark Paradigm,156,11/28/2020, 07:09:38,594
PLSG10001,Dark Paradigm,161,11/28/2020, 08:10:31,594
PLSG10001,Dark Paradigm,168,11/28/2020, 09:08:54,594
PLSG10001,Dark Paradigm,174,11/28/2020, 10:09:17,594
PLSG10001,Dark Paradigm,177,11/28/2020, 11:08:13,594
PLSG10001,Dark Paradigm,179,11/28/2020, 12:11:21,594
PLSG10001,Dark Paradigm,182,11/28/2020, 13:07:55,594
PLSG10001,Dark Paradigm,188,11/28/2020, 14:09:23,594
PLSG10001,Dark Paradigm,195,11/28/2020, 15:08:22,594
PLSG10001,Dark Paradigm,196,11/28/2020, 16:12:52,594
PLSG10001,Dark Paradigm,200,11/28/2020, 17:07:50,594
PLSG10001,Dark Paradigm,202,11/28/2020, 18:08:56,594
PLSG10001,Dark Paradigm,209,11/28/2020, 19:07:03,594
PLSG10001,Dark Paradigm,214,11/28/2020, 20:08:52,594
PLSG10001,Dark Paradigm,224,11/28/2020, 21:07:20,594
PLSG10001,Dark Paradigm,232,11/28/2020, 22:09:52,594
PLSG10001,Dark Paradigm,234,11/28/2020, 23:08:29,594
PLSG10001,Dark Paradigm,234,11/29/2020, 00:24:44,594
PLSG10001,Dark Paradigm,239,11/29/2020, 01:26:29,594
PLSG10001,Dark Paradigm,242,11/29/2020, 02:10:28,594
PLSG10001,Dark Paradigm,244,11/29/2020, 03:09:04,594
PLSG10001,Dark Paradigm,248,11/29/2020, 04:11:31,594
PLSG10001,Dark Paradigm,249,11/29/2020, 05:08:28,594
PLSG10001,Dark Paradigm,249,11/29/2020, 06:10:11,594
PLSG10001,Dark Paradigm,250,11/29/2020, 07:08:47,594
PLSG10001,Dark Paradigm,251,11/29/2020, 08:10:37,594
PLSG10001,Dark Paradigm,254,11/29/2020, 09:08:35,594
PLSG10001,Dark Paradigm,255,11/29/2020, 10:09:19,594
PLSG10001,Dark Paradigm,257,11/29/2020, 11:08:10,594
PLSG10001,Dark Paradigm,257,11/29/2020, 12:11:27,594
PLSG10001,Dark Paradigm,258,11/29/2020, 13:08:10,594
PLSG10001,Dark Paradigm,259,11/29/2020, 14:09:29,594
PLSG10001,Dark Paradigm,263,11/29/2020, 15:08:01,594
PLSG10001,Dark Paradigm,265,11/29/2020, 16:13:16,594
PLSG10001,Dark Paradigm,266,11/29/2020, 17:07:47,594
PLSG10001,Dark Paradigm,268,11/29/2020, 18:08:35,594
PLSG10001,Dark Paradigm,269,11/29/2020, 19:07:24,594
PLSG10001,Dark Paradigm,270,11/29/2020, 20:08:45,594
PLSG10001,Dark Paradigm,272,11/29/2020, 21:07:36,594
PLSG10001,Dark Paradigm,275,11/29/2020, 22:10:03,594
PLSG10001,Dark Paradigm,276,11/29/2020, 23:08:41,594
PLSG10001,Dark Paradigm,278,11/30/2020, 00:24:37,594
PLSG10001,Dark Paradigm,279,11/30/2020, 01:26:33,594
PLSG10001,Dark Paradigm,280,11/30/2020, 02:10:46,594
PLSG10001,Dark Paradigm,280,11/30/2020, 03:08:58,594
PLSG10001,Dark Paradigm,282,11/30/2020, 04:11:32,594
PLSG10001,Dark Paradigm,283,11/30/2020, 05:08:52,594
PLSG10001,Dark Paradigm,285,11/30/2020, 06:10:24,594
PLSG10001,Dark Paradigm,285,11/30/2020, 07:09:10,594
PLSG10001,Dark Paradigm,287,11/30/2020, 08:11:31,594
PLSG10001,Dark Paradigm,287,11/30/2020, 09:09:18,594
PLSG10001,Dark Paradigm,289,11/30/2020, 10:10:04,594
PLSG10001,Dark Paradigm,293,11/30/2020, 11:08:34,594
PLSG10001,Dark Paradigm,294,11/30/2020, 12:12:19,594
PLSG10001,Dark Paradigm,294,11/30/2020, 13:08:38,594
PLSG10001,Dark Paradigm,294,11/30/2020, 14:10:40,594
PLSG10001,Dark Paradigm,295,11/30/2020, 15:11:08,594
PLSG10001,Dark Paradigm,295,11/30/2020, 16:14:42,594
PLSG10001,Dark Paradigm,295,11/30/2020, 17:15:28,594
PLSG10001,Dark Paradigm,296,11/30/2020, 18:09:30,594
PLSG10001,Dark Paradigm,297,11/30/2020, 19:07:32,594
PLSG10001,Dark Paradigm,298,11/30/2020, 20:09:35,594
PLSG10001,Dark Paradigm,301,11/30/2020, 21:07:47,594
PLSG10001,Dark Paradigm,305,11/30/2020, 22:10:37,594
PLSG10001,Dark Paradigm,307,11/30/2020, 23:08:44,594
PLSG10001,Dark Paradigm,308,12/01/2020, 00:25:09,594
PLSG10001,Dark Paradigm,308,12/01/2020, 01:27:32,594
PLSG10001,Dark Paradigm,310,12/01/2020, 02:10:24,594
PLSG10001,Dark Paradigm,311,12/01/2020, 03:09:23,594
PLSG10001,Dark Paradigm,313,12/01/2020, 04:11:34,594
PLSG10001,Dark Paradigm,313,12/01/2020, 05:08:54,594
PLSG10001,Dark Paradigm,314,12/01/2020, 06:10:43,594
PLSG10001,Dark Paradigm,314,12/01/2020, 07:09:16,594
PLSG10001,Dark Paradigm,314,12/01/2020, 08:11:34,594
PLSG10001,Dark Paradigm,316,12/01/2020, 09:09:44,594
PLSG10001,Dark Paradigm,316,12/01/2020, 10:10:06,594
PLSG10001,Dark Paradigm,318,12/01/2020, 11:08:40,594
PLSG10001,Dark Paradigm,319,12/01/2020, 12:12:31,594
PLSG10001,Dark Paradigm,319,12/01/2020, 13:09:01,594
PLSG10001,Dark Paradigm,320,12/01/2020, 14:11:24,594
PLSG10001,Dark Paradigm,320,12/01/2020, 15:11:30,594
PLSG10001,Dark Paradigm,321,12/01/2020, 16:16:04,594
PLSG10001,Dark Paradigm,323,12/01/2020, 17:23:22,594
PLSG10001,Dark Paradigm,328,12/01/2020, 20:32:39,594
PLSG10001,Dark Paradigm,329,12/01/2020, 21:20:56,594
PLSG10001,Dark Paradigm,329,12/01/2020, 22:10:54,594
PLSG10001,Dark Paradigm,329,12/01/2020, 23:09:07,594
PLSG10001,Dark Paradigm,332,12/02/2020, 00:24:45,594
PLSG10001,Dark Paradigm,332,12/02/2020, 01:27:08,594
PLSG10001,Dark Paradigm,332,12/02/2020, 02:09:50,594
PLSG10001,Dark Paradigm,332,12/02/2020, 03:09:32,594
PLSG10001,Dark Paradigm,332,12/02/2020, 04:11:53,594
PLSG10001,Dark Paradigm,333,12/02/2020, 05:08:50,594
PLSG10001,Dark Paradigm,333,12/02/2020, 06:10:33,594
PLSG10001,Dark Paradigm,334,12/02/2020, 07:09:19,594
PLSG10001,Dark Paradigm,335,12/02/2020, 08:11:31,594
PLSG10001,Dark Paradigm,337,12/02/2020, 09:09:53,594
PLSG10001,Dark Paradigm,337,12/02/2020, 10:10:28,594
PLSG10001,Dark Paradigm,338,12/02/2020, 11:08:49,594
PLSG10001,Dark Paradigm,338,12/02/2020, 12:12:35,594
PLSG10001,Dark Paradigm,338,12/02/2020, 13:09:25,594
PLSG10001,Dark Paradigm,338,12/02/2020, 14:10:32,594
PLSG10001,Dark Paradigm,340,12/02/2020, 15:11:56,594
PLSG10001,Dark Paradigm,343,12/02/2020, 16:19:50,594
PLSG10001,Dark Paradigm,345,12/02/2020, 17:13:13,594
PLSG10001,Dark Paradigm,346,12/02/2020, 18:09:18,594
PLSG10001,Dark Paradigm,348,12/02/2020, 19:07:38,594
PLSG10001,Dark Paradigm,348,12/02/2020, 20:09:29,594
PLSG10001,Dark Paradigm,348,12/02/2020, 21:06:34,594
PLSG10001,Dark Paradigm,348,12/02/2020, 22:10:38,594
PLSG10001,Dark Paradigm,351,12/02/2020, 23:09:00,594
PLSG10001,Dark Paradigm,352,12/03/2020, 00:24:30,594
PLSG10001,Dark Paradigm,354,12/03/2020, 01:27:05,594
PLSG10001,Dark Paradigm,354,12/03/2020, 02:10:37,594
PLSG10001,Dark Paradigm,354,12/03/2020, 03:09:19,594
PLSG10001,Dark Paradigm,355,12/03/2020, 04:11:43,594
PLSG10001,Dark Paradigm,356,12/03/2020, 05:09:21,594
PLSG10001,Dark Paradigm,357,12/03/2020, 06:10:14,594
PLSG10001,Dark Paradigm,359,12/03/2020, 07:09:31,594
PLSG10001,Dark Paradigm,360,12/03/2020, 08:11:29,594
PLSG10001,Dark Paradigm,363,12/03/2020, 09:09:20,594
PLSG10001,Dark Paradigm,364,12/03/2020, 10:09:53,594
PLSG10001,Dark Paradigm,368,12/03/2020, 11:08:47,594
PLSG10001,Dark Paradigm,372,12/03/2020, 12:12:33,594
PLSG10001,Dark Paradigm,372,12/03/2020, 13:08:59,594
PLSG10001,Dark Paradigm,372,12/03/2020, 14:09:58,594
PLSG10001,Dark Paradigm,374,12/03/2020, 15:09:05,594
PLSG10001,Dark Paradigm,375,12/03/2020, 16:14:18,594
PLSG10001,Dark Paradigm,378,12/03/2020, 17:10:38,594
PLSG10001,Dark Paradigm,378,12/03/2020, 18:09:59,594
PLSG10001,Dark Paradigm,378,12/03/2020, 19:08:05,594
PLSG10001,Dark Paradigm,380,12/03/2020, 20:09:14,594
PLSG10001,Dark Paradigm,380,12/03/2020, 21:08:24,594
PLSG10001,Dark Paradigm,382,12/03/2020, 22:11:07,594
PLSG10001,Dark Paradigm,382,12/03/2020, 23:09:44,594
PLSG10001,Dark Paradigm,384,12/04/2020, 00:24:44,594
PLSG10001,Dark Paradigm,386,12/04/2020, 01:28:40,594
PLSG10001,Dark Paradigm,388,12/04/2020, 02:10:27,594
PLSG10001,Dark Paradigm,389,12/04/2020, 03:09:41,594
PLSG10001,Dark Paradigm,389,12/04/2020, 04:12:00,594
PLSG10001,Dark Paradigm,389,12/04/2020, 05:09:54,594
PLSG10001,Dark Paradigm,391,12/04/2020, 06:11:10,594
PLSG10001,Dark Paradigm,392,12/04/2020, 07:12:48,594
PLSG10001,Dark Paradigm,393,12/04/2020, 08:13:26,594
PLSG10001,Dark Paradigm,394,12/04/2020, 09:12:10,594
PLSG10001,Dark Paradigm,395,12/04/2020, 10:11:02,594
PLSG10001,Dark Paradigm,398,12/04/2020, 11:09:12,594
PLSG10001,Dark Paradigm,398,12/04/2020, 12:13:32,594
PLSG10001,Dark Paradigm,398,12/04/2020, 13:09:30,594
PLSG10001,Dark Paradigm,398,12/04/2020, 14:10:40,594
PLSG10001,Dark Paradigm,398,12/04/2020, 15:09:29,594
PLSG10001,Dark Paradigm,398,12/04/2020, 16:14:12,594
PLSG10001,Dark Paradigm,399,12/04/2020, 17:25:55,594
PLSG10001,Dark Paradigm,400,12/04/2020, 18:09:48,594
PLSG10001,Dark Paradigm,403,12/04/2020, 19:08:02,594
PLSG10001,Dark Paradigm,404,12/04/2020, 20:09:34,594
PLSG10001,Dark Paradigm,405,12/04/2020, 21:08:58,594
PLSG10001,Dark Paradigm,407,12/04/2020, 22:11:21,594
PLSG10001,Dark Paradigm,409,12/04/2020, 23:09:41,594
PLSG10001,Dark Paradigm,410,12/05/2020, 00:25:05,594
PLSG10001,Dark Paradigm,412,12/05/2020, 01:29:46,594
PLSG10001,Dark Paradigm,413,12/05/2020, 02:11:03,594
PLSG10001,Dark Paradigm,414,12/05/2020, 03:09:54,594
PLSG10001,Dark Paradigm,415,12/05/2020, 04:11:53,594
PLSG10001,Dark Paradigm,416,12/05/2020, 05:09:53,594
PLSG10001,Dark Paradigm,416,12/05/2020, 06:11:13,594
PLSG10001,Dark Paradigm,416,12/05/2020, 07:10:06,594
PLSG10001,Dark Paradigm,416,12/05/2020, 08:11:04,594
PLSG10001,Dark Paradigm,418,12/05/2020, 09:10:20,594
PLSG10001,Dark Paradigm,419,12/05/2020, 10:10:40,594
PLSG10001,Dark Paradigm,420,12/05/2020, 11:09:22,594
PLSG10001,Dark Paradigm,421,12/05/2020, 12:12:22,594
PLSG10001,Dark Paradigm,422,12/05/2020, 13:09:20,594
PLSG10001,Dark Paradigm,422,12/05/2020, 14:10:47,594
PLSG10001,Dark Paradigm,423,12/05/2020, 15:09:09,594
PLSG10001,Dark Paradigm,424,12/05/2020, 16:13:42,594
PLSG10001,Dark Paradigm,425,12/05/2020, 17:10:05,594
PLSG10001,Dark Paradigm,428,12/05/2020, 18:09:40,594
PLSG10001,Dark Paradigm,430,12/05/2020, 19:07:55,594
PLSG10001,Dark Paradigm,431,12/05/2020, 20:09:03,594
PLSG10001,Dark Paradigm,434,12/05/2020, 21:08:18,594
PLSG10001,Dark Paradigm,435,12/05/2020, 22:11:31,594
PLSG10001,Dark Paradigm,435,12/05/2020, 23:09:45,594
PLSG10001,Dark Paradigm,435,12/06/2020, 00:26:43,594
PLSG10001,Dark Paradigm,435,12/06/2020, 01:32:59,594
PLSG10001,Dark Paradigm,435,12/06/2020, 02:13:36,594
PLSG10001,Dark Paradigm,435,12/06/2020, 03:12:00,594
PLSG10001,Dark Paradigm,435,12/06/2020, 04:12:03,594
PLSG10001,Dark Paradigm,435,12/06/2020, 05:09:44,594
PLSG10001,Dark Paradigm,436,12/06/2020, 06:11:39,594
PLSG10001,Dark Paradigm,439,12/06/2020, 07:09:53,594
PLSG10001,Dark Paradigm,440,12/06/2020, 08:11:27,594
PLSG10001,Dark Paradigm,440,12/06/2020, 09:10:08,594
PLSG10001,Dark Paradigm,440,12/06/2020, 10:10:59,594
PLSG10001,Dark Paradigm,440,12/06/2020, 11:09:16,594
PLSG10001,Dark Paradigm,440,12/06/2020, 12:12:32,594
PLSG10001,Dark Paradigm,441,12/06/2020, 13:09:14,594
PLSG10001,Dark Paradigm,443,12/06/2020, 14:10:36,594
PLSG10001,Dark Paradigm,446,12/06/2020, 15:09:18,594
PLSG10001,Dark Paradigm,447,12/06/2020, 16:14:11,594
PLSG10001,Dark Paradigm,448,12/06/2020, 17:11:27,594
PLSG10001,Dark Paradigm,451,12/06/2020, 18:10:11,594
PLSG10001,Dark Paradigm,451,12/06/2020, 19:08:14,594
PLSG10001,Dark Paradigm,452,12/06/2020, 20:09:30,594
PLSG10001,Dark Paradigm,453,12/06/2020, 21:08:41,594
PLSG10001,Dark Paradigm,454,12/06/2020, 22:11:31,594
PLSG10001,Dark Paradigm,456,12/06/2020, 23:10:16,594
PLSG10001,Dark Paradigm,456,12/07/2020, 00:26:14,594
PLSG10001,Dark Paradigm,457,12/07/2020, 01:32:51,594
PLSG10001,Dark Paradigm,457,12/07/2020, 02:14:18,594
PLSG10001,Dark Paradigm,457,12/07/2020, 03:10:27,594
PLSG10001,Dark Paradigm,458,12/07/2020, 04:12:39,594
PLSG10001,Dark Paradigm,458,12/07/2020, 05:10:08,594
PLSG10001,Dark Paradigm,459,12/07/2020, 06:11:57,594
PLSG10001,Dark Paradigm,461,12/07/2020, 07:10:20,594
PLSG10001,Dark Paradigm,461,12/07/2020, 08:11:52,594
PLSG10001,Dark Paradigm,461,12/07/2020, 09:10:17,594
PLSG10001,Dark Paradigm,461,12/07/2020, 10:10:57,594
PLSG10001,Dark Paradigm,461,12/07/2020, 11:09:45,594
PLSG10001,Dark Paradigm,462,12/07/2020, 12:13:16,594
PLSG10001,Dark Paradigm,463,12/07/2020, 13:09:37,594
PLSG10001,Dark Paradigm,463,12/07/2020, 14:11:05,594
PLSG10001,Dark Paradigm,463,12/07/2020, 15:10:28,594
PLSG10001,Dark Paradigm,464,12/07/2020, 16:14:54,594
PLSG10001,Dark Paradigm,464,12/07/2020, 17:13:17,594
PLSG10001,Dark Paradigm,464,12/07/2020, 18:10:24,594
PLSG10001,Dark Paradigm,468,12/07/2020, 19:09:17,594
PLSG10001,Dark Paradigm,469,12/07/2020, 20:09:40,594
PLSG10001,Dark Paradigm,471,12/07/2020, 21:09:04,594
PLSG10001,Dark Paradigm,471,12/07/2020, 22:11:41,594
PLSG10001,Dark Paradigm,471,12/07/2020, 23:10:23,594
PLSG10001,Dark Paradigm,473,12/08/2020, 00:25:54,594
PLSG10001,Dark Paradigm,477,12/08/2020, 01:32:49,594
PLSG10001,Dark Paradigm,477,12/08/2020, 02:14:53,594
PLSG10001,Dark Paradigm,477,12/08/2020, 03:10:55,594
PLSG10001,Dark Paradigm,477,12/08/2020, 04:12:20,594
PLSG10001,Dark Paradigm,477,12/08/2020, 05:10:15,594
PLSG10001,Dark Paradigm,477,12/08/2020, 06:11:56,594
PLSG10001,Dark Paradigm,478,12/08/2020, 07:10:29,594
PLSG10001,Dark Paradigm,478,12/08/2020, 08:12:10,594
PLSG10001,Dark Paradigm,479,12/08/2020, 09:10:35,594
PLSG10001,Dark Paradigm,479,12/08/2020, 10:11:07,594
PLSG10001,Dark Paradigm,479,12/08/2020, 11:10:04,594
PLSG10001,Dark Paradigm,479,12/08/2020, 12:13:30,594
PLSG10001,Dark Paradigm,481,12/08/2020, 13:09:54,594
PLSG10001,Dark Paradigm,481,12/08/2020, 14:11:21,594
PLSG10001,Dark Paradigm,481,12/08/2020, 15:09:49,594
PLSG10001,Dark Paradigm,483,12/08/2020, 16:15:01,594
PLSG10001,Dark Paradigm,485,12/08/2020, 17:13:46,594
PLSG10001,Dark Paradigm,485,12/08/2020, 18:10:25,594
PLSG10001,Dark Paradigm,485,12/08/2020, 19:08:53,594
PLSG10001,Dark Paradigm,485,12/08/2020, 20:09:41,594
PLSG10001,Dark Paradigm,486,12/08/2020, 21:09:08,594
PLSG10001,Dark Paradigm,486,12/08/2020, 22:11:57,594
PLSG10001,Dark Paradigm,487,12/08/2020, 23:10:26,594
PLSG10001,Dark Paradigm,489,12/09/2020, 00:26:22,594
PLSG10001,Dark Paradigm,490,12/09/2020, 01:33:54,594
PLSG10001,Dark Paradigm,491,12/09/2020, 02:15:43,594
PLSG10001,Dark Paradigm,492,12/09/2020, 03:10:39,594
PLSG10001,Dark Paradigm,492,12/09/2020, 04:12:34,594
PLSG10001,Dark Paradigm,493,12/09/2020, 05:10:06,594
PLSG10001,Dark Paradigm,493,12/09/2020, 06:11:55,594
PLSG10001,Dark Paradigm,493,12/09/2020, 07:10:27,594
PLSG10001,Dark Paradigm,493,12/09/2020, 08:11:59,594
PLSG10001,Dark Paradigm,494,12/09/2020, 09:11:20,594
PLSG10001,Dark Paradigm,494,12/09/2020, 10:11:16,594
PLSG10001,Dark Paradigm,494,12/09/2020, 11:10:19,594
PLSG10001,Dark Paradigm,494,12/09/2020, 12:13:28,594
PLSG10001,Dark Paradigm,495,12/09/2020, 13:10:28,594
PLSG10001,Dark Paradigm,495,12/09/2020, 14:11:22,594
PLSG10001,Dark Paradigm,498,12/09/2020, 15:10:20,594
PLSG10001,Dark Paradigm,498,12/09/2020, 16:14:44,594
PLSG10001,Dark Paradigm,498,12/09/2020, 17:10:39,594
PLSG10001,Dark Paradigm,500,12/09/2020, 18:10:28,594
PLSG10001,Dark Paradigm,500,12/09/2020, 19:08:58,594
PLSG10001,Dark Paradigm,500,12/09/2020, 20:09:58,594
PLSG10001,Dark Paradigm,502,12/09/2020, 21:09:08,594
PLSG10001,Dark Paradigm,502,12/09/2020, 22:11:49,594
PLSG10001,Dark Paradigm,503,12/09/2020, 23:10:06,594
PLSG10001,Dark Paradigm,505,12/10/2020, 00:26:33,594
PLSG10001,Dark Paradigm,511,12/10/2020, 01:36:36,594
PLSG10001,Dark Paradigm,511,12/10/2020, 02:18:31,594
PLSG10001,Dark Paradigm,511,12/10/2020, 03:10:35,594
PLSG10001,Dark Paradigm,511,12/10/2020, 04:12:32,594
PLSG10001,Dark Paradigm,511,12/10/2020, 05:09:58,594
PLSG10001,Dark Paradigm,513,12/10/2020, 06:11:58,594
PLSG10001,Dark Paradigm,513,12/10/2020, 07:10:30,594
PLSG10001,Dark Paradigm,513,12/10/2020, 08:11:45,594
PLSG10001,Dark Paradigm,515,12/10/2020, 09:10:43,594
PLSG10001,Dark Paradigm,515,12/10/2020, 10:11:36,594
PLSG10001,Dark Paradigm,515,12/10/2020, 11:10:11,594
PLSG10001,Dark Paradigm,515,12/10/2020, 12:13:39,594
PLSG10001,Dark Paradigm,515,12/10/2020, 13:09:32,594
PLSG10001,Dark Paradigm,515,12/10/2020, 14:11:25,594
PLSG10001,Dark Paradigm,515,12/10/2020, 15:10:24,594
PLSG10001,Dark Paradigm,516,12/10/2020, 16:14:40,594
PLSG10001,Dark Paradigm,519,12/10/2020, 17:16:37,594
PLSG10001,Dark Paradigm,520,12/10/2020, 18:10:23,594
PLSG10001,Dark Paradigm,520,12/10/2020, 19:08:57,594
PLSG10001,Dark Paradigm,520,12/10/2020, 20:10:08,594
PLSG10001,Dark Paradigm,522,12/10/2020, 21:08:59,594
PLSG10001,Dark Paradigm,525,12/10/2020, 22:12:31,594
PLSG10001,Dark Paradigm,526,12/10/2020, 23:10:25,594
PLSG10001,Dark Paradigm,526,12/11/2020, 00:26:50,594
PLSG10001,Dark Paradigm,527,12/11/2020, 01:37:18,594
PLSG10001,Dark Paradigm,527,12/11/2020, 02:18:36,594
PLSG10001,Dark Paradigm,527,12/11/2020, 03:10:45,594
PLSG10001,Dark Paradigm,528,12/11/2020, 04:12:37,594
PLSG10001,Dark Paradigm,528,12/11/2020, 05:10:14,594
PLSG10001,Dark Paradigm,528,12/11/2020, 06:11:41,594
PLSG10001,Dark Paradigm,528,12/11/2020, 07:10:06,594
PLSG10001,Dark Paradigm,529,12/11/2020, 08:12:47,594
PLSG10001,Dark Paradigm,530,12/11/2020, 09:10:29,594
PLSG10001,Dark Paradigm,530,12/11/2020, 10:11:55,594
PLSG10001,Dark Paradigm,530,12/11/2020, 11:10:19,594
PLSG10001,Dark Paradigm,530,12/11/2020, 12:13:40,594
PLSG10001,Dark Paradigm,530,12/11/2020, 13:09:51,594
PLSG10001,Dark Paradigm,530,12/11/2020, 14:11:36,594
PLSG10001,Dark Paradigm,531,12/11/2020, 15:10:22,594
PLSG10001,Dark Paradigm,532,12/11/2020, 16:14:48,594
PLSG10001,Dark Paradigm,534,12/11/2020, 17:17:03,594
PLSG10001,Dark Paradigm,536,12/11/2020, 18:10:23,594
PLSG10001,Dark Paradigm,536,12/11/2020, 19:08:35,594
PLSG10001,Dark Paradigm,537,12/11/2020, 20:10:23,594
PLSG10001,Dark Paradigm,538,12/11/2020, 21:09:12,594
PLSG10001,Dark Paradigm,538,12/11/2020, 22:11:44,594
PLSG10001,Dark Paradigm,541,12/11/2020, 23:10:34,594
PLSG10001,Dark Paradigm,542,12/12/2020, 00:26:46,594
PLSG10001,Dark Paradigm,543,12/12/2020, 01:37:33,594
PLSG10001,Dark Paradigm,543,12/12/2020, 02:18:23,594
PLSG10001,Dark Paradigm,543,12/12/2020, 03:11:04,594
PLSG10001,Dark Paradigm,544,12/12/2020, 04:12:53,594
PLSG10001,Dark Paradigm,545,12/12/2020, 05:09:51,594
PLSG10001,Dark Paradigm,547,12/12/2020, 06:11:54,594
PLSG10001,Dark Paradigm,548,12/12/2020, 07:10:22,594
PLSG10001,Dark Paradigm,549,12/12/2020, 08:12:11,594
PLSG10001,Dark Paradigm,550,12/12/2020, 09:11:22,594
PLSG10001,Dark Paradigm,550,12/12/2020, 10:11:42,594
PLSG10001,Dark Paradigm,551,12/12/2020, 11:10:27,594
PLSG10001,Dark Paradigm,552,12/12/2020, 12:13:19,594
PLSG10001,Dark Paradigm,552,12/12/2020, 13:09:29,594
PLSG10001,Dark Paradigm,554,12/12/2020, 14:11:09,594
PLSG10001,Dark Paradigm,555,12/12/2020, 15:10:01,594
PLSG10001,Dark Paradigm,555,12/12/2020, 16:15:01,594
PLSG10001,Dark Paradigm,557,12/12/2020, 17:16:55,594
PLSG10001,Dark Paradigm,558,12/12/2020, 18:10:34,594
PLSG10001,Dark Paradigm,559,12/12/2020, 19:08:43,594
PLSG10001,Dark Paradigm,562,12/12/2020, 20:10:09,594
PLSG10001,Dark Paradigm,562,12/12/2020, 21:08:40,594
PLSG10001,Dark Paradigm,564,12/12/2020, 22:11:55,594
PLSG10001,Dark Paradigm,567,12/12/2020, 23:10:15,594
PLSG10001,Dark Paradigm,567,12/13/2020, 00:28:14,594
PLSG10001,Dark Paradigm,568,12/13/2020, 01:41:34,594
PLSG10001,Dark Paradigm,568,12/13/2020, 02:18:53,594
PLSG10001,Dark Paradigm,570,12/13/2020, 03:11:24,594
PLSG10001,Dark Paradigm,571,12/13/2020, 04:12:35,594
PLSG10001,Dark Paradigm,572,12/13/2020, 05:10:52,594
PLSG10001,Dark Paradigm,572,12/13/2020, 06:11:54,594
PLSG10001,Dark Paradigm,573,12/13/2020, 07:10:03,594
PLSG10001,Dark Paradigm,574,12/13/2020, 08:12:04,594
PLSG10001,Dark Paradigm,574,12/13/2020, 09:10:35,594
PLSG10001,Dark Paradigm,575,12/13/2020, 10:11:45,594
PLSG10001,Dark Paradigm,577,12/13/2020, 11:10:37,594
PLSG10001,Dark Paradigm,579,12/13/2020, 12:13:22,594
PLSG10001,Dark Paradigm,580,12/13/2020, 13:09:50,594
PLSG10001,Dark Paradigm,580,12/13/2020, 14:11:26,594
PLSG10001,Dark Paradigm,583,12/13/2020, 15:10:05,594
PLSG10001,Dark Paradigm,583,12/13/2020, 16:15:02,594
PLSG10001,Dark Paradigm,584,12/13/2020, 17:18:33,594
PLSG10001,Dark Paradigm,584,12/13/2020, 18:10:15,594
PLSG10001,Dark Paradigm,587,12/13/2020, 19:08:24,594
PLSG10001,Dark Paradigm,587,12/13/2020, 20:10:07,594
PLSG10001,Dark Paradigm,588,12/13/2020, 21:09:18,594
PLSG10001,Dark Paradigm,588,12/13/2020, 22:11:40,594
PLSG10001,Dark Paradigm,588,12/13/2020, 23:10:28,594
PLSG10001,Dark Paradigm,588,12/14/2020, 00:27:29,594
PLSG10001,Dark Paradigm,589,12/14/2020, 01:41:30,594
PLSG10001,Dark Paradigm,590,12/14/2020, 02:20:19,594
PLSG10001,Dark Paradigm,590,12/14/2020, 03:10:56,594
PLSG10001,Dark Paradigm,594,12/14/2020, 04:12:49,594,
PLSG10001,Dark Paradigm,595,12/14/2020, 05:10:02,594
PLSG10001,Dark Paradigm,595,12/14/2020, 06:12:18,594
PLSG10001,Dark Paradigm,595,12/14/2020, 07:10:18,594
PLSG10001,Dark Paradigm,600,12/14/2020, 08:12:59,594
PLSG10001,Dark Paradigm,600,12/14/2020, 09:10:55,594
PLSG10001,Dark Paradigm,600,12/14/2020, 10:12:02,594
PLSG10001,Dark Paradigm,601,12/14/2020, 11:10:24,594
PLSG10001,Dark Paradigm,601,12/14/2020, 12:14:07,594
PLSG10001,Dark Paradigm,601,12/14/2020, 13:11:59,594
PLSG10001,Dark Paradigm,603,12/14/2020, 14:11:56,594
PLSG10001,Dark Paradigm,604,12/14/2020, 15:10:53,594
PLSG10001,Dark Paradigm,604,12/14/2020, 16:12:48,594
PLSG10001,Dark Paradigm,605,12/14/2020, 17:18:41,594
PLSG10001,Dark Paradigm,606,12/14/2020, 18:09:18,594
PLSG10001,Dark Paradigm,608,12/14/2020, 19:08:38,594
PLSG10001,Dark Paradigm,608,12/14/2020, 20:10:26,594
PLSG10001,Dark Paradigm,610,12/14/2020, 21:09:19,594
PLSG10001,Dark Paradigm,612,12/14/2020, 22:12:03,594
PLSG10001,Dark Paradigm,612,12/14/2020, 23:10:45,594
PLSG10001,Dark Paradigm,615,12/15/2020, 09:11:04,594
PLSG10001,Dark Paradigm,615,12/15/2020, 10:11:37,594
PLSG10001,Dark Paradigm,615,12/15/2020, 11:10:21,594
PLSG10001,Dark Paradigm,615,12/15/2020, 12:14:06,594
PLSG10001,Dark Paradigm,617,12/15/2020, 13:11:58,594
PLSG10001,Dark Paradigm,618,12/15/2020, 14:11:59,594
PLSG10001,Dark Paradigm,618,12/15/2020, 15:10:52,594
PLSG10001,Dark Paradigm,619,12/15/2020, 16:15:29,594
PLSG10001,Dark Paradigm,620,12/15/2020, 17:22:03,594
PLSG10001,Dark Paradigm,620,12/15/2020, 18:10:36,594
PLSG10001,Dark Paradigm,621,12/15/2020, 19:08:33,594
PLSG10001,Dark Paradigm,622,12/15/2020, 20:10:21,594
PLSG10001,Dark Paradigm,623,12/15/2020, 21:09:27,594
PLSG10001,Dark Paradigm,624,12/15/2020, 22:11:29,594
PLSG10001,Dark Paradigm,625,12/15/2020, 23:10:47,594
PLSG10001,Dark Paradigm,626,12/16/2020, 00:27:00,594
PLSG10001,Dark Paradigm,626,12/16/2020, 01:42:14,594
PLSG10001,Dark Paradigm,626,12/16/2020, 02:21:54,594
PLSG10001,Dark Paradigm,627,12/16/2020, 03:10:42,594
PLSG10001,Dark Paradigm,627,12/16/2020, 04:12:54,594
PLSG10001,Dark Paradigm,627,12/16/2020, 05:10:11,594
PLSG10001,Dark Paradigm,627,12/16/2020, 06:12:24,594
PLSG10001,Dark Paradigm,628,12/16/2020, 07:10:38,594
PLSG10001,Dark Paradigm,628,12/16/2020, 08:12:33,594
PLSG10001,Dark Paradigm,629,12/16/2020, 09:10:49,594
PLSG10001,Dark Paradigm,629,12/16/2020, 10:11:42,594
PLSG10001,Dark Paradigm,629,12/16/2020, 11:10:24,594
PLSG10001,Dark Paradigm,629,12/16/2020, 12:14:10,594
PLSG10001,Dark Paradigm,629,12/16/2020, 13:12:25,594
PLSG10001,Dark Paradigm,631,12/16/2020, 14:12:03,594
PLSG10001,Dark Paradigm,631,12/16/2020, 15:10:56,594
PLSG10001,Dark Paradigm,631,12/16/2020, 16:15:58,594
PLSG10001,Dark Paradigm,632,12/16/2020, 17:32:49,594
PLSG10001,Dark Paradigm,632,12/16/2020, 18:10:16,594
PLSG10001,Dark Paradigm,634,12/16/2020, 19:09:14,594
PLSG10001,Dark Paradigm,634,12/16/2020, 20:10:39,594
PLSG10001,Dark Paradigm,635,12/16/2020, 21:09:58,594
PLSG10001,Dark Paradigm,636,12/16/2020, 22:12:49,594
PLSG10001,Dark Paradigm,636,12/16/2020, 23:12:18,594
PLSG10001,Dark Paradigm,636,12/17/2020, 00:29:18,594
PLSG10001,Dark Paradigm,637,12/17/2020, 01:44:25,594
PLSG10001,Dark Paradigm,637,12/17/2020, 02:22:29,594
PLSG10001,Dark Paradigm,638,12/17/2020, 03:10:46,594
PLSG10001,Dark Paradigm,639,12/17/2020, 04:12:51,594
PLSG10001,Dark Paradigm,640,12/17/2020, 05:10:15,594
PLSG10001,Dark Paradigm,640,12/17/2020, 06:12:34,594
PLSG10001,Dark Paradigm,640,12/17/2020, 07:11:31,594
PLSG10001,Dark Paradigm,640,12/17/2020, 08:12:50,594
PLSG10001,Dark Paradigm,643,12/17/2020, 09:10:52,594
PLSG10001,Dark Paradigm,643,12/17/2020, 10:11:55,594
PLSG10001,Dark Paradigm,643,12/17/2020, 11:10:25,594
PLSG10001,Dark Paradigm,643,12/17/2020, 12:14:57,594
PLSG10001,Dark Paradigm,643,12/17/2020, 13:14:19,594
PLSG10001,Dark Paradigm,643,12/17/2020, 14:12:30,594
PLSG10001,Dark Paradigm,643,12/17/2020, 15:10:57,594
PLSG10001,Dark Paradigm,643,12/17/2020, 16:18:19,594
PLSG10001,Dark Paradigm,643,12/17/2020, 17:27:37,594
PLSG10001,Dark Paradigm,643,12/17/2020, 18:11:59,594
PLSG10001,Dark Paradigm,646,12/17/2020, 19:09:55,594
PLSG10001,Dark Paradigm,649,12/17/2020, 20:10:46,594
PLSG10001,Dark Paradigm,650,12/17/2020, 21:10:03,594
PLSG10001,Dark Paradigm,650,12/17/2020, 22:12:59,594
PLSG10001,Dark Paradigm,650,12/17/2020, 23:11:58,594
PLSG10001,Dark Paradigm,650,12/18/2020, 00:28:37,594
PLSG10001,Dark Paradigm,652,12/18/2020, 01:46:25,594
PLSG10001,Dark Paradigm,652,12/18/2020, 02:25:47,594
PLSG10001,Dark Paradigm,655,12/18/2020, 03:13:41,594
PLSG10001,Dark Paradigm,657,12/18/2020, 04:14:34,594
PLSG10001,Dark Paradigm,658,12/18/2020, 05:14:01,594
PLSG10001,Dark Paradigm,660,12/18/2020, 06:13:19,594
PLSG10001,Dark Paradigm,661,12/18/2020, 07:14:07,594
PLSG10001,Dark Paradigm,661,12/18/2020, 08:13:45,594
PLSG10001,Dark Paradigm,665,12/18/2020, 09:13:22,594
PLSG10001,Dark Paradigm,665,12/18/2020, 10:14:05,594
PLSG10001,Dark Paradigm,666,12/18/2020, 11:12:25,594
PLSG10001,Dark Paradigm,667,12/18/2020, 12:15:14,594
PLSG10001,Dark Paradigm,669,12/18/2020, 13:18:05,594
PLSG10001,Dark Paradigm,669,12/18/2020, 14:13:48,594
PLSG10001,Dark Paradigm,669,12/18/2020, 15:12:31,594
PLSG10001,Dark Paradigm,669,12/18/2020, 16:20:44,594
PLSG10001,Dark Paradigm,670,12/18/2020, 17:31:52,594
PLSG10001,Dark Paradigm,670,12/18/2020, 18:18:19,594
PLSG10001,Dark Paradigm,670,12/18/2020, 19:15:07,594
PLSG10001,Dark Paradigm,670,12/18/2020, 20:11:21,594
PLSG10001,Dark Paradigm,670,12/18/2020, 21:09:52,594
PLSG10001,Dark Paradigm,671,12/18/2020, 22:12:57,594
PLSG10001,Dark Paradigm,671,12/18/2020, 23:12:00,594
PLSG10001,Dark Paradigm,671,12/19/2020, 00:28:39,594
PLSG10001,Dark Paradigm,672,12/19/2020, 01:45:51,594
PLSG10001,Dark Paradigm,672,12/19/2020, 02:25:12,594
PLSG10001,Dark Paradigm,672,12/19/2020, 03:13:15,594
PLSG10001,Dark Paradigm,672,12/19/2020, 04:14:00,594
PLSG10001,Dark Paradigm,674,12/19/2020, 05:13:10,594
PLSG10001,Dark Paradigm,674,12/19/2020, 06:13:08,594
PLSG10001,Dark Paradigm,674,12/19/2020, 07:13:45,594
PLSG10001,Dark Paradigm,676,12/19/2020, 08:13:08,594
PLSG10001,Dark Paradigm,678,12/19/2020, 09:12:18,594
PLSG10001,Dark Paradigm,681,12/19/2020, 10:13:33,594
PLSG10001,Dark Paradigm,683,12/19/2020, 11:11:41,594
PLSG10001,Dark Paradigm,686,12/19/2020, 12:14:47,594
PLSG10001,Dark Paradigm,687,12/19/2020, 13:16:26,594
PLSG10001,Dark Paradigm,687,12/19/2020, 14:12:43,594
PLSG10001,Dark Paradigm,687,12/19/2020, 15:11:03,594
PLSG10001,Dark Paradigm,687,12/19/2020, 16:20:02,594
PLSG10001,Dark Paradigm,688,12/19/2020, 17:30:32,594
PLSG10001,Dark Paradigm,688,12/19/2020, 18:14:52,594
PLSG10001,Dark Paradigm,690,12/19/2020, 19:10:41,594
PLSG10001,Dark Paradigm,691,12/19/2020, 20:11:27,594
PLSG10001,Dark Paradigm,691,12/19/2020, 21:09:26,594
PLSG10001,Dark Paradigm,691,12/19/2020, 22:12:45,594
PLSG10001,Dark Paradigm,691,12/19/2020, 23:10:28,594
PLSG10001,Dark Paradigm,692,12/20/2020, 00:28:52,594
PLSG10001,Dark Paradigm,692,12/20/2020, 01:47:26,594
PLSG10001,Dark Paradigm,692,12/20/2020, 02:24:43,594
PLSG10001,Dark Paradigm,692,12/20/2020, 03:11:43,594
PLSG10001,Dark Paradigm,692,12/20/2020, 04:12:48,594
PLSG10001,Dark Paradigm,692,12/20/2020, 05:10:29,594
PLSG10001,Dark Paradigm,692,12/20/2020, 06:12:46,594
PLSG10001,Dark Paradigm,693,12/20/2020, 07:11:29,594
PLSG10001,Dark Paradigm,693,12/20/2020, 08:13:11,594
PLSG10001,Dark Paradigm,694,12/20/2020, 09:11:13,594
PLSG10001,Dark Paradigm,694,12/20/2020, 10:12:11,594
PLSG10001,Dark Paradigm,698,12/20/2020, 11:10:56,594
PLSG10001,Dark Paradigm,698,12/20/2020, 12:15:03,594
PLSG10001,Dark Paradigm,699,12/20/2020, 13:15:36,594
PLSG10001,Dark Paradigm,700,12/20/2020, 14:12:24,594
PLSG10001,Dark Paradigm,700,12/20/2020, 15:10:46,594
PLSG10001,Dark Paradigm,700,12/20/2020, 16:19:12,594
PLSG10001,Dark Paradigm,700,12/20/2020, 17:30:12,594
PLSG10001,Dark Paradigm,700,12/20/2020, 18:15:13,594
PLSG10001,Dark Paradigm,700,12/20/2020, 19:12:13,594
PLSG10001,Dark Paradigm,700,12/20/2020, 20:11:27,594
PLSG10001,Dark Paradigm,700,12/20/2020, 21:10:08,594
PLSG10001,Dark Paradigm,701,12/20/2020, 22:13:26,594
PLSG10001,Dark Paradigm,703,12/20/2020, 23:14:12,594
PLSG10001,Dark Paradigm,705,12/21/2020, 00:31:01,594
PLSG10001,Dark Paradigm,705,12/21/2020, 01:51:35,594
PLSG10001,Dark Paradigm,705,12/21/2020, 02:30:21,594
PLSG10001,Dark Paradigm,706,12/21/2020, 03:16:49,594
PLSG10001,Dark Paradigm,708,12/21/2020, 04:16:09,594
PLSG10001,Dark Paradigm,709,12/21/2020, 05:14:49,594
PLSG10001,Dark Paradigm,709,12/21/2020, 06:13:21,594
PLSG10001,Dark Paradigm,711,12/21/2020, 07:15:33,594
PLSG10001,Dark Paradigm,711,12/21/2020, 08:14:10,594
PLSG10001,Dark Paradigm,711,12/21/2020, 09:14:51,594
PLSG10001,Dark Paradigm,711,12/21/2020, 10:14:35,594
PLSG10001,Dark Paradigm,712,12/21/2020, 11:12:46,594
PLSG10001,Dark Paradigm,712,12/21/2020, 12:15:28,594
PLSG10001,Dark Paradigm,712,12/21/2020, 13:19:57,594
PLSG10001,Dark Paradigm,712,12/21/2020, 14:13:26,594
PLSG10001,Dark Paradigm,712,12/21/2020, 15:12:17,594
PLSG10001,Dark Paradigm,712,12/21/2020, 16:20:44,594
PLSG10001,Dark Paradigm,712,12/21/2020, 17:33:45,594
PLSG10001,Dark Paradigm,712,12/21/2020, 18:18:52,594
PLSG10001,Dark Paradigm,712,12/21/2020, 19:15:53,594
PLSG10001,Dark Paradigm,712,12/21/2020, 20:11:57,594
PLSG10001,Dark Paradigm,712,12/21/2020, 21:11:18,594
PLSG10001,Dark Paradigm,713,12/21/2020, 22:15:16,594
PLSG10001,Dark Paradigm,714,12/21/2020, 23:17:27,594
PLSG10001,Dark Paradigm,714,12/22/2020, 00:32:20,594
PLSG10001,Dark Paradigm,716,12/22/2020, 01:54:09,594
PLSG10001,Dark Paradigm,719,12/22/2020, 02:34:27,594
PLSG10001,Dark Paradigm,719,12/22/2020, 03:20:05,594
PLSG10001,Dark Paradigm,719,12/22/2020, 04:19:38,594
PLSG10001,Dark Paradigm,719,12/22/2020, 05:18:09,594
PLSG10001,Dark Paradigm,719,12/22/2020, 06:15:27,594
PLSG10001,Dark Paradigm,719,12/22/2020, 07:20:18,594
PLSG10001,Dark Paradigm,719,12/22/2020, 08:16:17,594
PLSG10001,Dark Paradigm,720,12/22/2020, 09:18:39,594
PLSG10001,Dark Paradigm,720,12/22/2020, 10:18:21,594
PLSG10001,Dark Paradigm,720,12/22/2020, 11:15:39,594
PLSG10001,Dark Paradigm,720,12/22/2020, 12:17:59,594
PLSG10001,Dark Paradigm,720,12/22/2020, 13:25:11,594
PLSG10001,Dark Paradigm,721,12/22/2020, 14:15:22,594
PLSG10001,Dark Paradigm,721,12/22/2020, 15:13:56,594
PLSG10001,Dark Paradigm,723,12/22/2020, 16:25:08,594
PLSG10001,Dark Paradigm,725,12/22/2020, 17:38:19,594
PLSG10001,Dark Paradigm,725,12/22/2020, 18:23:14,594
PLSG10001,Dark Paradigm,726,12/22/2020, 19:19:27,594
PLSG10001,Dark Paradigm,727,12/22/2020, 20:12:55,594
PLSG10001,Dark Paradigm,727,12/22/2020, 21:12:09,594
PLSG10001,Dark Paradigm,728,12/22/2020, 22:16:33,594
PLSG10001,Dark Paradigm,729,12/22/2020, 23:18:59,594
PLSG10001,Dark Paradigm,729,12/23/2020, 00:34:09,594
PLSG10001,Dark Paradigm,730,12/23/2020, 01:57:55,594
PLSG10001,Dark Paradigm,730,12/23/2020, 02:44:22,594
PLSG10001,Dark Paradigm,730,12/23/2020, 03:21:24,594
PLSG10001,Dark Paradigm,733,12/23/2020, 04:21:07,594
PLSG10001,Dark Paradigm,734,12/23/2020, 05:20:48,594
PLSG10001,Dark Paradigm,734,12/23/2020, 06:15:31,594
PLSG10001,Dark Paradigm,734,12/23/2020, 07:22:04,594
PLSG10001,Dark Paradigm,734,12/23/2020, 08:17:01,594
PLSG10001,Dark Paradigm,735,12/23/2020, 09:19:36,594
PLSG10001,Dark Paradigm,736,12/23/2020, 10:19:30,594
PLSG10001,Dark Paradigm,736,12/23/2020, 11:16:06,594
PLSG10001,Dark Paradigm,736,12/23/2020, 12:17:46,594
PLSG10001,Dark Paradigm,737,12/23/2020, 13:25:29,594
PLSG10001,Dark Paradigm,737,12/23/2020, 14:15:18,594
PLSG10001,Dark Paradigm,737,12/23/2020, 15:14:17,594
PLSG10001,Dark Paradigm,737,12/23/2020, 16:26:38,594
PLSG10001,Dark Paradigm,737,12/23/2020, 17:41:39,594
PLSG10001,Dark Paradigm,738,12/23/2020, 18:28:29,594
PLSG10001,Dark Paradigm,738,12/23/2020, 19:23:40,594
PLSG10001,Dark Paradigm,738,12/23/2020, 20:13:49,594
PLSG10001,Dark Paradigm,740,12/23/2020, 21:12:42,594
PLSG10001,Dark Paradigm,740,12/23/2020, 22:17:16,594
PLSG10001,Dark Paradigm,740,12/23/2020, 23:20:11,594
PLSG10001,Dark Paradigm,741,12/24/2020, 00:37:06,594
PLSG10001,Dark Paradigm,742,12/24/2020, 02:02:31,594
PLSG10001,Dark Paradigm,742,12/24/2020, 03:23:39,594
PLSG10001,Dark Paradigm,743,12/24/2020, 04:23:16,594
PLSG10001,Dark Paradigm,743,12/24/2020, 05:22:21,594
PLSG10001,Dark Paradigm,743,12/24/2020, 06:16:50,594
PLSG10001,Dark Paradigm,743,12/24/2020, 07:22:35,594
PLSG10001,Dark Paradigm,743,12/24/2020, 08:17:25,594
PLSG10001,Dark Paradigm,743,12/24/2020, 09:20:00,594
PLSG10001,Dark Paradigm,744,12/24/2020, 10:19:55,594
PLSG10001,Dark Paradigm,744,12/24/2020, 11:16:36,594
PLSG10001,Dark Paradigm,744,12/24/2020, 12:17:45,594
PLSG10001,Dark Paradigm,744,12/24/2020, 13:25:48,594
PLSG10001,Dark Paradigm,744,12/24/2020, 14:15:23,594
PLSG10001,Dark Paradigm,744,12/24/2020, 15:14:12,594
PLSG10001,Dark Paradigm,744,12/24/2020, 16:27:12,594
PLSG10001,Dark Paradigm,745,12/24/2020, 17:43:06,594
PLSG10001,Dark Paradigm,745,12/24/2020, 18:29:39,594
PLSG10001,Dark Paradigm,746,12/24/2020, 19:25:12,594
PLSG10001,Dark Paradigm,747,12/24/2020, 20:14:01,594
PLSG10001,Dark Paradigm,747,12/24/2020, 21:12:33,594
PLSG10001,Dark Paradigm,747,12/24/2020, 22:15:54,594
PLSG10001,Dark Paradigm,747,12/24/2020, 23:18:43,594
PLSG10001,Dark Paradigm,747,12/25/2020, 00:34:27,594
PLSG10001,Dark Paradigm,748,12/25/2020, 01:58:59,594
PLSG10001,Dark Paradigm,748,12/25/2020, 02:44:31,594
PLSG10001,Dark Paradigm,748,12/25/2020, 03:19:49,594
PLSG10001,Dark Paradigm,748,12/25/2020, 04:18:34,594
PLSG10001,Dark Paradigm,748,12/25/2020, 05:18:00,594
PLSG10001,Dark Paradigm,751,12/25/2020, 06:13:32,594
PLSG10001,Dark Paradigm,754,12/25/2020, 07:17:59,594
PLSG10001,Dark Paradigm,755,12/25/2020, 08:14:37,594
PLSG10001,Dark Paradigm,755,12/25/2020, 09:16:49,594
PLSG10001,Dark Paradigm,755,12/25/2020, 10:16:32,594
PLSG10001,Dark Paradigm,756,12/25/2020, 11:13:19,594
PLSG10001,Dark Paradigm,756,12/25/2020, 12:15:36,594
PLSG10001,Dark Paradigm,756,12/25/2020, 13:21:47,594
PLSG10001,Dark Paradigm,756,12/25/2020, 14:12:35,594
PLSG10001,Dark Paradigm,758,12/25/2020, 15:11:44,594
PLSG10001,Dark Paradigm,759,12/25/2020, 16:22:31,594
PLSG10001,Dark Paradigm,760,12/25/2020, 17:39:07,594
PLSG10001,Dark Paradigm,760,12/25/2020, 18:24:15,594
PLSG10001,Dark Paradigm,761,12/25/2020, 19:20:20,594
PLSG10001,Dark Paradigm,763,12/25/2020, 20:11:13,594
PLSG10001,Dark Paradigm,763,12/25/2020, 21:10:19,594
PLSG10001,Dark Paradigm,764,12/25/2020, 22:14:44,594
PLSG10001,Dark Paradigm,765,12/25/2020, 23:17:53,594
PLSG10001,Dark Paradigm,767,12/26/2020, 00:33:18,594
PLSG10001,Dark Paradigm,770,12/26/2020, 01:57:56,594
PLSG10001,Dark Paradigm,770,12/26/2020, 02:43:07,594
PLSG10001,Dark Paradigm,770,12/26/2020, 03:19:41,594
PLSG10001,Dark Paradigm,770,12/26/2020, 04:18:43,594
PLSG10001,Dark Paradigm,771,12/26/2020, 05:18:12,594
PLSG10001,Dark Paradigm,771,12/26/2020, 06:13:24,594
PLSG10001,Dark Paradigm,772,12/26/2020, 07:18:13,594
PLSG10001,Dark Paradigm,772,12/26/2020, 08:14:08,594
PLSG10001,Dark Paradigm,772,12/26/2020, 09:16:32,594
PLSG10001,Dark Paradigm,772,12/26/2020, 10:16:23,594
PLSG10001,Dark Paradigm,772,12/26/2020, 11:13:23,594
PLSG10001,Dark Paradigm,774,12/26/2020, 12:15:31,594
PLSG10001,Dark Paradigm,775,12/26/2020, 13:21:26,594
PLSG10001,Dark Paradigm,775,12/26/2020, 14:12:20,594
PLSG10001,Dark Paradigm,775,12/26/2020, 15:11:01,594
PLSG10001,Dark Paradigm,777,12/26/2020, 16:21:50,594
PLSG10001,Dark Paradigm,778,12/26/2020, 17:39:25,594
PLSG10001,Dark Paradigm,779,12/26/2020, 18:24:32,594
PLSG10001,Dark Paradigm,779,12/26/2020, 19:20:18,594
PLSG10001,Dark Paradigm,780,12/26/2020, 20:10:55,594
PLSG10001,Dark Paradigm,783,12/26/2020, 21:10:15,594
PLSG10001,Dark Paradigm,784,12/26/2020, 22:14:47,594
PLSG10001,Dark Paradigm,784,12/26/2020, 23:18:08,594
PLSG10001,Dark Paradigm,785,12/27/2020, 00:35:18,594
PLSG10001,Dark Paradigm,786,12/27/2020, 02:03:18,594
PLSG10001,Dark Paradigm,787,12/27/2020, 03:20:31,594
PLSG10001,Dark Paradigm,787,12/27/2020, 04:19:46,594
PLSG10001,Dark Paradigm,787,12/27/2020, 05:19:01,594
PLSG10001,Dark Paradigm,787,12/27/2020, 06:13:16,594
PLSG10001,Dark Paradigm,787,12/27/2020, 07:18:38,594
PLSG10001,Dark Paradigm,787,12/27/2020, 08:14:32,594
PLSG10001,Dark Paradigm,788,12/27/2020, 09:16:56,594
PLSG10001,Dark Paradigm,789,12/27/2020, 10:16:55,594
PLSG10001,Dark Paradigm,789,12/27/2020, 11:13:46,594
PLSG10001,Dark Paradigm,790,12/27/2020, 12:15:28,594
PLSG10001,Dark Paradigm,790,12/27/2020, 13:21:45,594
PLSG10001,Dark Paradigm,790,12/27/2020, 14:12:25,594
PLSG10001,Dark Paradigm,790,12/27/2020, 15:11:19,594
PLSG10001,Dark Paradigm,791,12/27/2020, 16:22:09,594
PLSG10001,Dark Paradigm,793,12/27/2020, 17:40:20,594
PLSG10001,Dark Paradigm,793,12/27/2020, 18:25:59,594
PLSG10001,Dark Paradigm,793,12/27/2020, 19:21:02,594
PLSG10001,Dark Paradigm,794,12/27/2020, 20:11:19,594
PLSG10001,Dark Paradigm,795,12/27/2020, 21:10:23,594
PLSG10001,Dark Paradigm,795,12/27/2020, 22:15:07,594
PLSG10001,Dark Paradigm,795,12/27/2020, 23:18:41,594
PLSG10001,Dark Paradigm,796,12/28/2020, 00:35:32,594
PLSG10001,Dark Paradigm,796,12/28/2020, 02:03:13,594
PLSG10001,Dark Paradigm,796,12/28/2020, 03:21:21,594
PLSG10001,Dark Paradigm,796,12/28/2020, 04:21:01,594
PLSG10001,Dark Paradigm,797,12/28/2020, 05:20:19,594
PLSG10001,Dark Paradigm,797,12/28/2020, 06:14:30,594
PLSG10001,Dark Paradigm,797,12/28/2020, 07:20:16,594
PLSG10001,Dark Paradigm,797,12/28/2020, 08:15:36,594
PLSG10001,Dark Paradigm,797,12/28/2020, 09:18:04,594
PLSG10001,Dark Paradigm,797,12/28/2020, 10:18:21,594
PLSG10001,Dark Paradigm,797,12/28/2020, 11:14:50,594
PLSG10001,Dark Paradigm,797,12/28/2020, 12:15:57,594
PLSG10001,Dark Paradigm,797,12/28/2020, 13:23:55,594
PLSG10001,Dark Paradigm,798,12/28/2020, 14:13:42,594
PLSG10001,Dark Paradigm,800,12/28/2020, 15:12:09,594
PLSG10001,Dark Paradigm,800,12/28/2020, 16:24:29,594
PLSG10001,Dark Paradigm,801,12/28/2020, 17:43:13,594
PLSG10001,Dark Paradigm,801,12/28/2020, 18:30:06,594
PLSG10001,Dark Paradigm,801,12/28/2020, 19:24:38,594
PLSG10001,Dark Paradigm,801,12/28/2020, 20:13:31,594
PLSG10001,Dark Paradigm,801,12/28/2020, 21:11:22,594
PLSG10001,Dark Paradigm,801,12/28/2020, 22:15:57,594
PLSG10001,Dark Paradigm,801,12/28/2020, 23:20:30,594
PLSG10001,Dark Paradigm,802,12/29/2020, 00:36:28,594
PLSG10001,Dark Paradigm,803,12/29/2020, 02:04:46,594
PLSG10001,Dark Paradigm,804,12/29/2020, 03:23:22,594
PLSG10001,Dark Paradigm,804,12/29/2020, 04:23:51,594
PLSG10001,Dark Paradigm,805,12/29/2020, 05:22:47,594
PLSG10001,Dark Paradigm,806,12/29/2020, 06:16:05,594
PLSG10001,Dark Paradigm,806,12/29/2020, 07:21:48,594
PLSG10001,Dark Paradigm,806,12/29/2020, 08:16:54,594
PLSG10001,Dark Paradigm,806,12/29/2020, 09:20:35,594
PLSG10001,Dark Paradigm,806,12/29/2020, 10:20:36,594
PLSG10001,Dark Paradigm,806,12/29/2020, 11:17:22,594
PLSG10001,Dark Paradigm,806,12/29/2020, 12:17:03,594
PLSG10001,Dark Paradigm,806,12/29/2020, 13:26:32,594
PLSG10001,Dark Paradigm,806,12/29/2020, 14:14:54,594
PLSG10001,Dark Paradigm,806,12/29/2020, 15:13:06,594
PLSG10001,Dark Paradigm,806,12/29/2020, 16:27:52,594
PLSG10001,Dark Paradigm,807,12/29/2020, 17:47:47,594
PLSG10001,Dark Paradigm,809,12/29/2020, 18:35:25,594
PLSG10001,Dark Paradigm,810,12/29/2020, 19:30:25,594
PLSG10001,Dark Paradigm,811,12/29/2020, 20:16:36,594
PLSG10001,Dark Paradigm,812,12/29/2020, 21:12:47,594
PLSG10001,Dark Paradigm,815,12/29/2020, 22:17:57,594
PLSG10001,Dark Paradigm,815,12/29/2020, 23:22:50,594
PLSG10001,Dark Paradigm,815,12/30/2020, 00:37:47,594
PLSG10001,Dark Paradigm,816,12/30/2020, 02:06:43,594
PLSG10001,Dark Paradigm,816,12/30/2020, 03:23:20,594
PLSG10001,Dark Paradigm,816,12/30/2020, 04:23:23,594
PLSG10001,Dark Paradigm,816,12/30/2020, 05:22:53,594
PLSG10001,Dark Paradigm,816,12/30/2020, 06:16:08,594
PLSG10001,Dark Paradigm,816,12/30/2020, 07:22:14,594
PLSG10001,Dark Paradigm,817,12/30/2020, 08:17:02,594
PLSG10001,Dark Paradigm,819,12/30/2020, 09:20:27,594
PLSG10001,Dark Paradigm,819,12/30/2020, 10:20:34,594
PLSG10001,Dark Paradigm,819,12/30/2020, 11:17:25,594
PLSG10001,Dark Paradigm,819,12/30/2020, 12:16:30,594
PLSG10001,Dark Paradigm,819,12/30/2020, 13:26:00,594
PLSG10001,Dark Paradigm,819,12/30/2020, 14:14:26,594
PLSG10001,Dark Paradigm,820,12/30/2020, 15:12:46,594
PLSG10001,Dark Paradigm,822,12/30/2020, 16:26:52,594
PLSG10001,Dark Paradigm,822,12/30/2020, 17:47:57,594
PLSG10001,Dark Paradigm,822,12/30/2020, 18:35:16,594
PLSG10001,Dark Paradigm,822,12/30/2020, 19:30:47,594
PLSG10001,Dark Paradigm,822,12/30/2020, 20:16:59,594
PLSG10001,Dark Paradigm,823,12/30/2020, 21:13:45,594
PLSG10001,Dark Paradigm,823,12/30/2020, 22:17:18,594
PLSG10001,Dark Paradigm,823,12/30/2020, 23:21:41,594
PLSG10001,Dark Paradigm,823,12/31/2020, 00:39:52,594
PLSG10001,Dark Paradigm,823,12/31/2020, 02:10:05,594
PLSG10001,Dark Paradigm,824,12/31/2020, 03:25:23,594
PLSG10001,Dark Paradigm,824,12/31/2020, 04:26:05,594
PLSG10001,Dark Paradigm,825,12/31/2020, 05:25:42,594
PLSG10001,Dark Paradigm,825,12/31/2020, 06:19:21,594
PLSG10001,Dark Paradigm,826,12/31/2020, 07:24:32,594
PLSG10001,Dark Paradigm,826,12/31/2020, 08:20:56,594
PLSG10001,Dark Paradigm,828,12/31/2020, 09:23:12,594
PLSG10001,Dark Paradigm,829,12/31/2020, 10:24:45,594
PLSG10001,Dark Paradigm,829,12/31/2020, 11:21:44,594
PLSG10001,Dark Paradigm,829,12/31/2020, 12:19:24,594
PLSG10001,Dark Paradigm,829,12/31/2020, 13:29:55,594
PLSG10001,Dark Paradigm,830,12/31/2020, 14:18:49,594
PLSG10001,Dark Paradigm,831,12/31/2020, 15:15:13,594
PLSG10001,Dark Paradigm,831,12/31/2020, 16:30:21,594
PLSG10001,Dark Paradigm,831,12/31/2020, 17:52:37,594
PLSG10001,Dark Paradigm,831,12/31/2020, 18:38:08,594
PLSG10001,Dark Paradigm,831,12/31/2020, 19:30:05,594
PLSG10001,Dark Paradigm,831,12/31/2020, 20:15:45,594
PLSG10001,Dark Paradigm,831,12/31/2020, 21:11:33,594
PLSG10001,Dark Paradigm,832,12/31/2020, 22:16:11,594
PLSG10001,Dark Paradigm,833,12/31/2020, 23:21:54,594
PLSG10001,Dark Paradigm,833,01/01/2021, 00:39:37,594
PLSG10001,Dark Paradigm,833,01/01/2021, 02:12:31,594
PLSG10001,Dark Paradigm,834,01/01/2021, 03:24:48,594
PLSG10001,Dark Paradigm,834,01/01/2021, 04:24:24,594
PLSG10001,Dark Paradigm,835,01/01/2021, 05:23:31,594
PLSG10001,Dark Paradigm,835,01/01/2021, 06:16:56,594
PLSG10001,Dark Paradigm,835,01/01/2021, 07:22:35,594
PLSG10001,Dark Paradigm,835,01/01/2021, 08:18:27,594
PLSG10001,Dark Paradigm,836,01/01/2021, 09:22:03,594
PLSG10001,Dark Paradigm,837,01/01/2021, 10:22:39,594
PLSG10001,Dark Paradigm,838,01/01/2021, 11:19:53,594
PLSG10001,Dark Paradigm,838,01/01/2021, 12:17:27,594
PLSG10001,Dark Paradigm,838,01/01/2021, 13:27:12,594
PLSG10001,Dark Paradigm,838,01/01/2021, 14:15:24,594
PLSG10001,Dark Paradigm,840,01/01/2021, 15:13:24,594
PLSG10001,Dark Paradigm,840,01/01/2021, 16:27:24,594
PLSG10001,Dark Paradigm,840,01/01/2021, 17:47:30,594
PLSG10001,Dark Paradigm,841,01/01/2021, 18:33:22,594
PLSG10001,Dark Paradigm,841,01/01/2021, 19:29:02,594
PLSG10001,Dark Paradigm,842,01/01/2021, 20:15:34,594
PLSG10001,Dark Paradigm,842,01/01/2021, 21:11:55,594
PLSG10001,Dark Paradigm,843,01/01/2021, 22:16:59,594
PLSG10001,Dark Paradigm,844,01/01/2021, 23:22:19,594
PLSG10001,Dark Paradigm,845,01/02/2021, 00:38:17,594
PLSG10001,Dark Paradigm,846,01/02/2021, 02:09:08,594
PLSG10001,Dark Paradigm,847,01/02/2021, 03:24:12,594
PLSG10001,Dark Paradigm,849,01/02/2021, 04:25:20,594
PLSG10001,Dark Paradigm,850,01/02/2021, 05:24:14,594
PLSG10001,Dark Paradigm,850,01/02/2021, 06:17:21,594
PLSG10001,Dark Paradigm,852,01/02/2021, 07:22:44,594
PLSG10001,Dark Paradigm,852,01/02/2021, 08:17:38,594
PLSG10001,Dark Paradigm,853,01/02/2021, 09:20:51,594
PLSG10001,Dark Paradigm,853,01/02/2021, 10:21:31,594
PLSG10001,Dark Paradigm,853,01/02/2021, 11:18:25,594
PLSG10001,Dark Paradigm,854,01/02/2021, 12:16:12,594
PLSG10001,Dark Paradigm,854,01/02/2021, 13:25:18,594
PLSG10001,Dark Paradigm,854,01/02/2021, 14:13:42,594
PLSG10001,Dark Paradigm,854,01/02/2021, 15:12:08,594
PLSG10001,Dark Paradigm,855,01/02/2021, 16:26:09,594
PLSG10001,Dark Paradigm,855,01/02/2021, 17:46:47,594
PLSG10001,Dark Paradigm,856,01/02/2021, 18:32:05,594
PLSG10001,Dark Paradigm,856,01/02/2021, 19:27:36,594
PLSG10001,Dark Paradigm,856,01/02/2021, 20:14:56,594
PLSG10001,Dark Paradigm,857,01/02/2021, 21:11:27,594
PLSG10001,Dark Paradigm,859,01/02/2021, 22:16:45,594
PLSG10001,Dark Paradigm,862,01/02/2021, 23:22:35,594
PLSG10001,Dark Paradigm,862,01/03/2021, 00:40:21,594
PLSG10001,Dark Paradigm,862,01/03/2021, 02:14:27,594
PLSG10001,Dark Paradigm,862,01/03/2021, 03:26:40,594
PLSG10001,Dark Paradigm,863,01/03/2021, 04:25:26,594
PLSG10001,Dark Paradigm,864,01/03/2021, 05:24:36,594
PLSG10001,Dark Paradigm,864,01/03/2021, 06:17:17,594
PLSG10001,Dark Paradigm,864,01/03/2021, 07:23:36,594
PLSG10001,Dark Paradigm,864,01/03/2021, 08:18:56,594
PLSG10001,Dark Paradigm,864,01/03/2021, 09:22:33,594
PLSG10001,Dark Paradigm,864,01/03/2021, 10:22:49,594
PLSG10001,Dark Paradigm,868,01/03/2021, 11:20:03,594
PLSG10001,Dark Paradigm,869,01/03/2021, 12:16:50,594
PLSG10001,Dark Paradigm,872,01/03/2021, 13:26:42,594
PLSG10001,Dark Paradigm,872,01/03/2021, 14:14:37,594
PLSG10001,Dark Paradigm,872,01/03/2021, 15:12:34,594
PLSG10001,Dark Paradigm,872,01/03/2021, 16:27:27,594
PLSG10001,Dark Paradigm,872,01/03/2021, 17:49:09,594
PLSG10001,Dark Paradigm,872,01/03/2021, 18:32:46,594
PLSG10001,Dark Paradigm,873,01/03/2021, 19:28:50,594
PLSG10001,Dark Paradigm,873,01/03/2021, 20:16:20,594
PLSG10001,Dark Paradigm,874,01/03/2021, 21:12:28,594
PLSG10001,Dark Paradigm,874,01/03/2021, 22:17:37,594
PLSG10001,Dark Paradigm,875,01/03/2021, 23:23:21,594
PLSG10001,Dark Paradigm,876,01/04/2021, 00:41:25,594
PLSG10001,Dark Paradigm,876,01/04/2021, 02:15:54,594
PLSG10001,Dark Paradigm,877,01/04/2021, 03:28:14,594
PLSG10001,Dark Paradigm,877,01/04/2021, 04:27:16,594
PLSG10001,Dark Paradigm,877,01/04/2021, 05:25:39,594
PLSG10001,Dark Paradigm,877,01/04/2021, 06:19:12,594
PLSG10001,Dark Paradigm,877,01/04/2021, 07:24:47,594
PLSG10001,Dark Paradigm,877,01/04/2021, 08:21:39,594
PLSG10001,Dark Paradigm,877,01/04/2021, 09:24:19,594
PLSG10001,Dark Paradigm,878,01/04/2021, 10:25:23,594
PLSG10001,Dark Paradigm,880,01/04/2021, 11:22:08,594
PLSG10001,Dark Paradigm,881,01/04/2021, 12:18:14,594
PLSG10001,Dark Paradigm,882,01/04/2021, 13:29:07,594
PLSG10001,Dark Paradigm,882,01/04/2021, 14:17:52,594
PLSG10001,Dark Paradigm,882,01/04/2021, 15:13:56,594
PLSG10001,Dark Paradigm,882,01/04/2021, 16:29:23,594
PLSG10001,Dark Paradigm,883,01/04/2021, 17:52:46,594
PLSG10001,Dark Paradigm,883,01/04/2021, 18:34:58,594
PLSG10001,Dark Paradigm,883,01/04/2021, 19:28:19,594
PLSG10001,Dark Paradigm,885,01/04/2021, 20:17:25,594
PLSG10001,Dark Paradigm,885,01/04/2021, 21:13:17,594
PLSG10001,Dark Paradigm,885,01/04/2021, 22:17:55,594
PLSG10001,Dark Paradigm,885,01/04/2021, 23:24:29,594
PLSG10001,Dark Paradigm,886,01/05/2021, 00:41:27,594
PLSG10001,Dark Paradigm,886,01/05/2021, 02:16:29,594
PLSG10001,Dark Paradigm,886,01/05/2021, 03:28:23,594
PLSG10001,Dark Paradigm,886,01/05/2021, 04:27:58,594
PLSG10001,Dark Paradigm,887,01/05/2021, 05:26:09,594
PLSG10001,Dark Paradigm,887,01/05/2021, 06:19:18,594
PLSG10001,Dark Paradigm,889,01/05/2021, 07:25:23,594
PLSG10001,Dark Paradigm,889,01/05/2021, 08:22:22,594
PLSG10001,Dark Paradigm,889,01/05/2021, 09:25:24,594
PLSG10001,Dark Paradigm,889,01/05/2021, 10:25:41,594
PLSG10001,Dark Paradigm,889,01/05/2021, 11:22:31,594
PLSG10001,Dark Paradigm,889,01/05/2021, 12:18:15,594
PLSG10001,Dark Paradigm,889,01/05/2021, 13:29:29,594
PLSG10001,Dark Paradigm,889,01/05/2021, 14:18:09,594
PLSG10001,Dark Paradigm,889,01/05/2021, 15:14:10,594
PLSG10001,Dark Paradigm,889,01/05/2021, 16:30:21,594
PLSG10001,Dark Paradigm,890,01/05/2021, 17:58:14,594
PLSG10001,Dark Paradigm,890,01/05/2021, 18:43:42,594
PLSG10001,Dark Paradigm,890,01/05/2021, 19:28:56,594
PLSG10001,Dark Paradigm,891,01/05/2021, 20:18:07,594
PLSG10001,Dark Paradigm,891,01/05/2021, 21:13:21,594
PLSG10001,Dark Paradigm,891,01/05/2021, 22:18:25,594
PLSG10001,Dark Paradigm,891,01/05/2021, 23:25:26,594
PLSG10001,Dark Paradigm,893,01/06/2021, 00:41:28,594
PLSG10001,Dark Paradigm,893,01/06/2021, 02:17:22,594
PLSG10001,Dark Paradigm,893,01/06/2021, 03:29:51,594
PLSG10001,Dark Paradigm,893,01/06/2021, 04:28:45,594
PLSG10001,Dark Paradigm,894,01/06/2021, 05:27:48,594
PLSG10001,Dark Paradigm,895,01/06/2021, 06:19:46,594
PLSG10001,Dark Paradigm,897,01/06/2021, 07:26:42,594
PLSG10001,Dark Paradigm,898,01/06/2021, 08:21:56,594
PLSG10001,Dark Paradigm,900,01/06/2021, 09:25:53,594
PLSG10001,Dark Paradigm,900,01/06/2021, 10:26:37,594
PLSG10001,Dark Paradigm,901,01/06/2021, 11:22:55,594
PLSG10001,Dark Paradigm,902,01/06/2021, 12:18:36,594
PLSG10001,Dark Paradigm,902,01/06/2021, 13:29:49,594
PLSG10001,Dark Paradigm,902,01/06/2021, 14:18:43,594
PLSG10001,Dark Paradigm,903,01/06/2021, 15:14:26,594
PLSG10001,Dark Paradigm,907,01/06/2021, 16:31:02,594
PLSG10001,Dark Paradigm,908,01/06/2021, 17:56:42,594
PLSG10001,Dark Paradigm,908,01/06/2021, 18:40:01,594
PLSG10001,Dark Paradigm,910,01/06/2021, 19:29:01,594
PLSG10001,Dark Paradigm,911,01/06/2021, 20:18:24,594
PLSG10001,Dark Paradigm,912,01/06/2021, 21:13:30,594
PLSG10001,Dark Paradigm,913,01/06/2021, 22:19:05,594
PLSG10001,Dark Paradigm,914,01/06/2021, 23:26:34,594
PLSG10001,Dark Paradigm,915,01/07/2021, 00:44:55,594
PLSG10001,Dark Paradigm,915,01/07/2021, 02:21:38,594
PLSG10001,Dark Paradigm,917,01/07/2021, 03:34:04,594
PLSG10001,Dark Paradigm,917,01/07/2021, 04:31:25,594
PLSG10001,Dark Paradigm,917,01/07/2021, 05:30:06,594
PLSG10001,Dark Paradigm,918,01/07/2021, 06:21:16,594
PLSG10001,Dark Paradigm,918,01/07/2021, 07:27:55,594
PLSG10001,Dark Paradigm,918,01/07/2021, 08:22:34,594
PLSG10001,Dark Paradigm,918,01/07/2021, 09:26:51,594
PLSG10001,Dark Paradigm,918,01/07/2021, 10:27:17,594
PLSG10001,Dark Paradigm,918,01/07/2021, 11:23:49,594
PLSG10001,Dark Paradigm,918,01/07/2021, 12:18:56,594
PLSG10001,Dark Paradigm,918,01/07/2021, 13:30:30,594
PLSG10001,Dark Paradigm,919,01/07/2021, 14:19:25,594
PLSG10001,Dark Paradigm,919,01/07/2021, 15:14:17,594
PLSG10001,Dark Paradigm,919,01/07/2021, 16:31:37,594
PLSG10001,Dark Paradigm,919,01/07/2021, 17:57:44,594
PLSG10001,Dark Paradigm,921,01/07/2021, 18:44:09,594
PLSG10001,Dark Paradigm,924,01/07/2021, 19:25:33,594
PLSG10001,Dark Paradigm,924,01/07/2021, 20:16:41,594
PLSG10001,Dark Paradigm,924,01/07/2021, 21:13:30,594
PLSG10001,Dark Paradigm,924,01/07/2021, 22:19:04,594
PLSG10001,Dark Paradigm,924,01/07/2021, 23:26:38,594
PLSG10001,Dark Paradigm,924,01/08/2021, 00:44:21,594
PLSG10001,Dark Paradigm,925,01/08/2021, 02:22:09,594
PLSG10001,Dark Paradigm,926,01/08/2021, 03:35:37,594
PLSG10001,Dark Paradigm,927,01/08/2021, 04:32:21,594
PLSG10001,Dark Paradigm,927,01/08/2021, 05:31:41,594
PLSG10001,Dark Paradigm,927,01/08/2021, 06:22:43,594
PLSG10001,Dark Paradigm,927,01/08/2021, 07:28:21,594
PLSG10001,Dark Paradigm,928,01/08/2021, 08:23:45,594
PLSG10001,Dark Paradigm,928,01/08/2021, 09:27:35,594
PLSG10001,Dark Paradigm,930,01/08/2021, 10:28:36,594
PLSG10001,Dark Paradigm,931,01/08/2021, 11:25:00,594
PLSG10001,Dark Paradigm,932,01/08/2021, 12:21:18,594
PLSG10001,Dark Paradigm,933,01/08/2021, 13:32:41,594
PLSG10001,Dark Paradigm,934,01/08/2021, 14:19:50,594
PLSG10001,Dark Paradigm,935,01/08/2021, 15:15:39,594
PLSG10001,Dark Paradigm,936,01/08/2021, 16:33:43,594
PLSG10001,Dark Paradigm,937,01/08/2021, 17:59:21,594
PLSG10001,Dark Paradigm,938,01/08/2021, 18:44:02,594
PLSG10001,Dark Paradigm,939,01/08/2021, 19:27:03,594
PLSG10001,Dark Paradigm,939,01/08/2021, 20:17:48,594
PLSG10001,Dark Paradigm,939,01/08/2021, 21:15:13,594
PLSG10001,Dark Paradigm,940,01/08/2021, 22:21:14,594
PLSG10001,Dark Paradigm,940,01/08/2021, 23:28:06,594
PLSG10001,Dark Paradigm,942,01/09/2021, 00:44:20,594
PLSG10001,Dark Paradigm,942,01/09/2021, 02:22:55,594
PLSG10001,Dark Paradigm,943,01/09/2021, 03:36:25,594
PLSG10001,Dark Paradigm,943,01/09/2021, 04:34:02,594
PLSG10001,Dark Paradigm,944,01/09/2021, 05:33:16,594
PLSG10001,Dark Paradigm,944,01/09/2021, 06:25:28,594
PLSG10001,Dark Paradigm,944,01/09/2021, 07:28:45,594
PLSG10001,Dark Paradigm,944,01/09/2021, 08:24:28,594
PLSG10001,Dark Paradigm,944,01/09/2021, 09:27:52,594
