RBTR00001,Reboot Shortcut,12638,06/18/2020, 12:35:47,71
RBTR00001,Reboot Shortcut,12638,06/18/2020, 13:04:35,71
RBTR00001,Reboot Shortcut,12638,06/18/2020, 14:06:21,71
RBTR00001,Reboot Shortcut,12638,06/18/2020, 15:04:55,71
RBTR00001,Reboot Shortcut,12639,06/18/2020, 16:05:12,71
RBTR00001,Reboot Shortcut,12639,06/18/2020, 17:05:41,71
RBTR00001,Reboot Shortcut,12640,06/18/2020, 18:05:02,71
RBTR00001,Reboot Shortcut,12640,06/18/2020, 19:04:27,71
RBTR00001,Reboot Shortcut,12640,06/18/2020, 20:05:19,71
RBTR00001,Reboot Shortcut,12641,06/18/2020, 21:05:10,71
RBTR00001,Reboot Shortcut,12641,06/18/2020, 22:04:46,71
RBTR00001,Reboot Shortcut,12641,06/18/2020, 23:05:11,71
RBTR00001,Reboot Shortcut,12641,06/19/2020, 00:13:11,71
RBTR00001,Reboot Shortcut,12641,06/19/2020, 01:06:05,71
RBTR00001,Reboot Shortcut,12641,06/19/2020, 02:04:57,71
RBTR00001,Reboot Shortcut,12641,06/19/2020, 03:04:46,71
RBTR00001,Reboot Shortcut,12641,06/19/2020, 04:05:13,71
RBTR00001,Reboot Shortcut,12641,06/19/2020, 05:06:07,71
RBTR00001,Reboot Shortcut,12642,06/19/2020, 06:06:05,71
RBTR00001,Reboot Shortcut,12642,06/19/2020, 07:05:04,71
RBTR00001,Reboot Shortcut,12642,06/19/2020, 08:06:41,71
RBTR00001,Reboot Shortcut,12642,06/19/2020, 09:04:55,71
RBTR00001,Reboot Shortcut,12642,06/19/2020, 10:04:43,71
RBTR00001,Reboot Shortcut,12642,06/19/2020, 11:04:34,71
RBTR00001,Reboot Shortcut,12642,06/19/2020, 12:06:20,71
RBTR00001,Reboot Shortcut,12642,06/19/2020, 13:04:42,71
RBTR00001,Reboot Shortcut,12642,06/19/2020, 14:05:08,71
RBTR00001,Reboot Shortcut,12642,06/19/2020, 15:04:58,71
RBTR00001,Reboot Shortcut,12642,06/19/2020, 16:05:19,71
RBTR00001,Reboot Shortcut,12643,06/19/2020, 17:04:50,71
RBTR00001,Reboot Shortcut,12643,06/19/2020, 18:05:08,71
RBTR00001,Reboot Shortcut,12644,06/19/2020, 19:04:30,71
RBTR00001,Reboot Shortcut,12645,06/19/2020, 20:05:26,71
RBTR00001,Reboot Shortcut,12645,06/19/2020, 21:04:53,71
RBTR00001,Reboot Shortcut,12645,06/19/2020, 22:04:36,71
RBTR00001,Reboot Shortcut,12645,06/19/2020, 23:04:21,71
RBTR00001,Reboot Shortcut,12645,06/20/2020, 00:12:44,71
RBTR00001,Reboot Shortcut,12647,06/20/2020, 01:05:16,71
RBTR00001,Reboot Shortcut,12647,06/20/2020, 02:05:48,71
RBTR00001,Reboot Shortcut,12647,06/20/2020, 03:05:55,71
RBTR00001,Reboot Shortcut,12647,06/20/2020, 04:06:13,71
RBTR00001,Reboot Shortcut,12647,06/20/2020, 05:05:00,71
RBTR00001,Reboot Shortcut,12648,06/20/2020, 06:05:56,71
RBTR00001,Reboot Shortcut,12648,06/20/2020, 07:06:07,71
RBTR00001,Reboot Shortcut,12649,06/20/2020, 08:05:12,71
RBTR00001,Reboot Shortcut,12649,06/20/2020, 09:05:33,71
RBTR00001,Reboot Shortcut,12649,06/20/2020, 10:05:49,71
RBTR00001,Reboot Shortcut,12649,06/20/2020, 11:05:49,71
RBTR00001,Reboot Shortcut,12649,06/20/2020, 12:06:20,71
RBTR00001,Reboot Shortcut,12649,06/20/2020, 13:05:02,71
RBTR00001,Reboot Shortcut,12650,06/20/2020, 14:05:52,71
RBTR00001,Reboot Shortcut,12650,06/20/2020, 15:04:41,71
RBTR00001,Reboot Shortcut,12650,06/20/2020, 16:05:09,71
RBTR00001,Reboot Shortcut,12650,06/20/2020, 17:05:16,71
RBTR00001,Reboot Shortcut,12652,06/20/2020, 18:05:07,71
RBTR00001,Reboot Shortcut,12652,06/20/2020, 19:05:51,71
RBTR00001,Reboot Shortcut,12653,06/20/2020, 20:05:20,71
RBTR00001,Reboot Shortcut,12653,06/20/2020, 21:05:02,71
RBTR00001,Reboot Shortcut,12653,06/20/2020, 22:04:21,71
RBTR00001,Reboot Shortcut,12653,06/20/2020, 23:06:32,71
RBTR00001,Reboot Shortcut,12655,06/21/2020, 00:13:56,71
RBTR00001,Reboot Shortcut,12656,06/21/2020, 01:05:05,71
RBTR00001,Reboot Shortcut,12656,06/21/2020, 02:09:09,71
RBTR00001,Reboot Shortcut,12656,06/21/2020, 03:05:06,71
RBTR00001,Reboot Shortcut,12656,06/21/2020, 04:06:08,71
RBTR00001,Reboot Shortcut,12656,06/21/2020, 05:04:41,71
RBTR00001,Reboot Shortcut,12656,06/21/2020, 06:06:03,71
RBTR00001,Reboot Shortcut,12656,06/21/2020, 07:04:56,71
RBTR00001,Reboot Shortcut,12656,06/21/2020, 08:05:14,71
RBTR00001,Reboot Shortcut,12656,06/21/2020, 09:05:00,71
RBTR00001,Reboot Shortcut,12656,06/21/2020, 10:06:08,71
RBTR00001,Reboot Shortcut,12657,06/21/2020, 11:05:57,71
RBTR00001,Reboot Shortcut,12657,06/21/2020, 12:06:15,71
RBTR00001,Reboot Shortcut,12657,06/21/2020, 13:04:49,71
RBTR00001,Reboot Shortcut,12657,06/21/2020, 14:05:51,71
RBTR00001,Reboot Shortcut,12657,06/21/2020, 15:05:39,71
RBTR00001,Reboot Shortcut,12658,06/21/2020, 16:04:51,71
RBTR00001,Reboot Shortcut,12658,06/21/2020, 17:04:40,71
RBTR00001,Reboot Shortcut,12659,06/21/2020, 18:05:32,71
RBTR00001,Reboot Shortcut,12660,06/21/2020, 19:06:02,71
RBTR00001,Reboot Shortcut,12660,06/21/2020, 20:05:29,71
RBTR00001,Reboot Shortcut,12662,06/21/2020, 21:04:52,71
RBTR00001,Reboot Shortcut,12662,06/21/2020, 22:04:51,71
RBTR00001,Reboot Shortcut,12662,06/21/2020, 23:04:58,71
RBTR00001,Reboot Shortcut,12662,06/22/2020, 00:13:04,71
RBTR00001,Reboot Shortcut,12662,06/22/2020, 01:05:16,71
RBTR00001,Reboot Shortcut,12662,06/22/2020, 02:05:28,71
RBTR00001,Reboot Shortcut,12662,06/22/2020, 03:05:02,71
RBTR00001,Reboot Shortcut,12662,06/22/2020, 04:05:20,71
RBTR00001,Reboot Shortcut,12662,06/22/2020, 05:05:04,71
RBTR00001,Reboot Shortcut,12663,06/22/2020, 06:06:04,71
RBTR00001,Reboot Shortcut,12663,06/22/2020, 07:04:51,71
RBTR00001,Reboot Shortcut,12663,06/22/2020, 08:05:46,71
RBTR00001,Reboot Shortcut,12663,06/22/2020, 09:04:58,71
RBTR00001,Reboot Shortcut,12663,06/22/2020, 10:05:33,71
RBTR00001,Reboot Shortcut,12663,06/22/2020, 11:05:04,71
RBTR00001,Reboot Shortcut,12663,06/22/2020, 12:06:42,71
RBTR00001,Reboot Shortcut,12663,06/22/2020, 13:05:14,71
RBTR00001,Reboot Shortcut,12663,06/22/2020, 14:05:02,71
RBTR00001,Reboot Shortcut,12663,06/22/2020, 15:05:30,71
RBTR00001,Reboot Shortcut,12663,06/22/2020, 16:05:01,71
RBTR00001,Reboot Shortcut,12663,06/22/2020, 17:04:47,71
RBTR00001,Reboot Shortcut,12663,06/22/2020, 18:05:12,71
RBTR00001,Reboot Shortcut,12663,06/22/2020, 19:04:33,71
RBTR00001,Reboot Shortcut,12663,06/22/2020, 20:05:48,71
RBTR00001,Reboot Shortcut,12664,06/22/2020, 21:04:48,71
RBTR00001,Reboot Shortcut,12664,06/22/2020, 22:04:35,71
RBTR00001,Reboot Shortcut,12664,06/22/2020, 23:04:24,71
RBTR00001,Reboot Shortcut,12664,06/23/2020, 00:12:58,71
RBTR00001,Reboot Shortcut,12666,06/23/2020, 01:05:16,71
RBTR00001,Reboot Shortcut,12666,06/23/2020, 02:05:57,71
RBTR00001,Reboot Shortcut,12666,06/23/2020, 03:04:56,71
RBTR00001,Reboot Shortcut,12666,06/23/2020, 04:05:17,71
RBTR00001,Reboot Shortcut,12667,06/23/2020, 05:06:06,71
RBTR00001,Reboot Shortcut,12668,06/23/2020, 06:05:36,71
RBTR00001,Reboot Shortcut,12668,06/23/2020, 07:05:05,71
RBTR00001,Reboot Shortcut,12668,06/23/2020, 08:06:03,71
RBTR00001,Reboot Shortcut,12668,06/23/2020, 09:04:48,71
RBTR00001,Reboot Shortcut,12668,06/23/2020, 10:04:48,71
RBTR00001,Reboot Shortcut,12668,06/23/2020, 11:04:37,71
RBTR00001,Reboot Shortcut,12668,06/23/2020, 12:06:26,71
RBTR00001,Reboot Shortcut,12669,06/23/2020, 13:04:46,71
RBTR00001,Reboot Shortcut,12669,06/23/2020, 14:31:49,71
RBTR00001,Reboot Shortcut,12669,06/23/2020, 15:05:00,71
RBTR00001,Reboot Shortcut,12669,06/23/2020, 16:05:01,71
RBTR00001,Reboot Shortcut,12669,06/23/2020, 17:04:46,71
RBTR00001,Reboot Shortcut,12669,06/23/2020, 18:05:13,71
RBTR00001,Reboot Shortcut,12670,06/23/2020, 19:04:32,71
RBTR00001,Reboot Shortcut,12670,06/23/2020, 20:05:30,71
RBTR00001,Reboot Shortcut,12671,06/23/2020, 21:04:46,71
RBTR00001,Reboot Shortcut,12671,06/23/2020, 22:04:35,71
RBTR00001,Reboot Shortcut,12671,06/23/2020, 23:04:23,71
RBTR00001,Reboot Shortcut,12673,06/24/2020, 00:12:39,71
RBTR00001,Reboot Shortcut,12673,06/24/2020, 01:05:34,71
RBTR00001,Reboot Shortcut,12673,06/24/2020, 02:06:20,71
RBTR00001,Reboot Shortcut,12673,06/24/2020, 03:04:45,71
RBTR00001,Reboot Shortcut,12674,06/24/2020, 04:06:00,71
RBTR00001,Reboot Shortcut,12674,06/24/2020, 05:04:54,71
RBTR00001,Reboot Shortcut,12674,06/24/2020, 06:05:16,71
RBTR00001,Reboot Shortcut,12674,06/24/2020, 07:05:18,71
RBTR00001,Reboot Shortcut,12674,06/24/2020, 08:05:48,71
RBTR00001,Reboot Shortcut,12675,06/24/2020, 09:04:55,71
RBTR00001,Reboot Shortcut,12675,06/24/2020, 10:04:47,71
RBTR00001,Reboot Shortcut,12675,06/24/2020, 11:04:57,71
RBTR00001,Reboot Shortcut,12675,06/24/2020, 12:06:27,71
RBTR00001,Reboot Shortcut,12676,06/24/2020, 13:05:08,71
RBTR00001,Reboot Shortcut,12676,06/24/2020, 14:05:04,71
RBTR00001,Reboot Shortcut,12676,06/24/2020, 15:06:28,71
RBTR00001,Reboot Shortcut,12677,06/24/2020, 16:05:09,71
RBTR00001,Reboot Shortcut,12677,06/24/2020, 17:05:41,71
RBTR00001,Reboot Shortcut,12677,06/24/2020, 18:04:53,71
RBTR00001,Reboot Shortcut,12677,06/24/2020, 19:04:45,71
RBTR00001,Reboot Shortcut,12678,06/24/2020, 20:05:14,71
RBTR00001,Reboot Shortcut,12678,06/24/2020, 21:06:44,71
RBTR00001,Reboot Shortcut,12678,06/24/2020, 22:04:52,71
RBTR00001,Reboot Shortcut,12679,06/24/2020, 23:04:55,71
RBTR00001,Reboot Shortcut,12679,06/25/2020, 00:13:08,71
RBTR00001,Reboot Shortcut,12679,06/25/2020, 01:05:36,71
RBTR00001,Reboot Shortcut,12679,06/25/2020, 02:06:05,71
RBTR00001,Reboot Shortcut,12680,06/25/2020, 03:04:48,71
RBTR00001,Reboot Shortcut,12680,06/25/2020, 04:07:10,71
RBTR00001,Reboot Shortcut,12680,06/25/2020, 05:05:45,71
RBTR00001,Reboot Shortcut,12680,06/25/2020, 06:13:28,71
RBTR00001,Reboot Shortcut,12681,06/25/2020, 07:05:45,71
RBTR00001,Reboot Shortcut,12681,06/25/2020, 08:05:40,71
RBTR00001,Reboot Shortcut,12681,06/25/2020, 09:05:13,71
RBTR00001,Reboot Shortcut,12681,06/25/2020, 10:04:59,71
RBTR00001,Reboot Shortcut,12681,06/25/2020, 11:04:54,71
RBTR00001,Reboot Shortcut,12681,06/25/2020, 12:06:33,71
RBTR00001,Reboot Shortcut,12681,06/25/2020, 13:04:48,71
RBTR00001,Reboot Shortcut,12681,06/25/2020, 14:04:58,71
RBTR00001,Reboot Shortcut,12681,06/25/2020, 15:04:55,71
RBTR00001,Reboot Shortcut,12682,06/25/2020, 16:05:03,71
RBTR00001,Reboot Shortcut,12682,06/25/2020, 17:05:42,71
RBTR00001,Reboot Shortcut,12682,06/25/2020, 18:07:17,71
RBTR00001,Reboot Shortcut,12682,06/25/2020, 19:04:48,71
RBTR00001,Reboot Shortcut,12683,06/25/2020, 20:06:34,71
RBTR00001,Reboot Shortcut,12683,06/25/2020, 21:04:48,71
RBTR00001,Reboot Shortcut,12684,06/25/2020, 22:06:40,71
RBTR00001,Reboot Shortcut,12684,06/25/2020, 23:04:37,71
RBTR00001,Reboot Shortcut,12685,06/26/2020, 00:13:15,71
RBTR00001,Reboot Shortcut,12685,06/26/2020, 01:05:22,71
RBTR00001,Reboot Shortcut,12685,06/26/2020, 02:05:42,71
RBTR00001,Reboot Shortcut,12685,06/26/2020, 03:05:08,71
RBTR00001,Reboot Shortcut,12685,06/26/2020, 04:05:16,71
RBTR00001,Reboot Shortcut,12685,06/26/2020, 05:05:03,71
RBTR00001,Reboot Shortcut,12685,06/26/2020, 06:06:20,71
RBTR00001,Reboot Shortcut,12686,06/26/2020, 07:04:51,71
RBTR00001,Reboot Shortcut,12686,06/26/2020, 08:05:48,71
RBTR00001,Reboot Shortcut,12686,06/26/2020, 09:05:07,71
RBTR00001,Reboot Shortcut,12686,06/26/2020, 10:04:59,71
RBTR00001,Reboot Shortcut,12686,06/26/2020, 11:04:49,71
RBTR00001,Reboot Shortcut,12686,06/26/2020, 12:06:56,71
RBTR00001,Reboot Shortcut,12686,06/26/2020, 13:05:06,71
RBTR00001,Reboot Shortcut,12686,06/26/2020, 14:04:54,71
RBTR00001,Reboot Shortcut,12686,06/26/2020, 15:04:49,71
RBTR00001,Reboot Shortcut,12686,06/26/2020, 16:05:04,71
RBTR00001,Reboot Shortcut,12686,06/26/2020, 17:05:23,71
RBTR00001,Reboot Shortcut,12686,06/26/2020, 18:05:21,71
RBTR00001,Reboot Shortcut,12686,06/26/2020, 19:04:42,71
RBTR00001,Reboot Shortcut,12686,06/26/2020, 20:05:47,71
RBTR00001,Reboot Shortcut,12686,06/26/2020, 21:04:56,71
RBTR00001,Reboot Shortcut,12686,06/26/2020, 22:04:48,71
RBTR00001,Reboot Shortcut,12686,06/26/2020, 23:04:38,71
RBTR00001,Reboot Shortcut,12686,06/27/2020, 00:13:15,71
RBTR00001,Reboot Shortcut,12686,06/27/2020, 01:05:35,71
RBTR00001,Reboot Shortcut,12686,06/27/2020, 02:07:18,71
RBTR00001,Reboot Shortcut,12686,06/27/2020, 03:04:48,71
RBTR00001,Reboot Shortcut,12686,06/27/2020, 04:07:48,71
RBTR00001,Reboot Shortcut,12687,06/27/2020, 05:08:45,71
RBTR00001,Reboot Shortcut,12687,06/27/2020, 06:05:58,71
RBTR00001,Reboot Shortcut,12687,06/27/2020, 07:07:04,71
RBTR00001,Reboot Shortcut,12687,06/27/2020, 08:06:57,71
RBTR00001,Reboot Shortcut,12687,06/27/2020, 09:07:06,71
RBTR00001,Reboot Shortcut,12687,06/27/2020, 10:06:55,71
RBTR00001,Reboot Shortcut,12687,06/27/2020, 11:04:45,71
RBTR00001,Reboot Shortcut,12687,06/27/2020, 12:06:05,71
RBTR00001,Reboot Shortcut,12687,06/27/2020, 13:05:10,71
RBTR00001,Reboot Shortcut,12687,06/27/2020, 14:05:46,71
RBTR00001,Reboot Shortcut,12688,06/27/2020, 15:04:47,71
RBTR00001,Reboot Shortcut,12688,06/27/2020, 16:05:12,71
RBTR00001,Reboot Shortcut,12688,06/27/2020, 17:05:34,71
RBTR00001,Reboot Shortcut,12689,06/27/2020, 18:05:25,71
RBTR00001,Reboot Shortcut,12689,06/27/2020, 19:04:56,71
RBTR00001,Reboot Shortcut,12690,06/27/2020, 20:05:37,71
RBTR00001,Reboot Shortcut,12690,06/27/2020, 21:05:53,71
RBTR00001,Reboot Shortcut,12690,06/27/2020, 22:05:04,71
RBTR00001,Reboot Shortcut,12690,06/27/2020, 23:05:44,71
RBTR00001,Reboot Shortcut,12691,06/28/2020, 00:14:12,71
RBTR00001,Reboot Shortcut,12691,06/28/2020, 01:05:24,71
RBTR00001,Reboot Shortcut,12692,06/28/2020, 02:06:01,71
RBTR00001,Reboot Shortcut,12692,06/28/2020, 03:05:18,71
RBTR00001,Reboot Shortcut,12692,06/28/2020, 04:06:19,71
RBTR00001,Reboot Shortcut,12692,06/28/2020, 05:04:44,71
RBTR00001,Reboot Shortcut,12692,06/28/2020, 06:06:43,71
RBTR00001,Reboot Shortcut,12692,06/28/2020, 07:05:12,71
RBTR00001,Reboot Shortcut,12692,06/28/2020, 08:05:32,71
RBTR00001,Reboot Shortcut,12692,06/28/2020, 09:05:34,71
RBTR00001,Reboot Shortcut,12692,06/28/2020, 10:05:06,71
RBTR00001,Reboot Shortcut,12692,06/28/2020, 11:05:07,71
RBTR00001,Reboot Shortcut,12692,06/28/2020, 12:06:10,71
RBTR00001,Reboot Shortcut,12692,06/28/2020, 13:04:55,71
RBTR00001,Reboot Shortcut,12692,06/28/2020, 14:07:57,71
RBTR00001,Reboot Shortcut,12693,06/28/2020, 15:10:33,71
RBTR00001,Reboot Shortcut,12693,06/28/2020, 16:05:02,71
RBTR00001,Reboot Shortcut,12693,06/28/2020, 17:04:46,71
RBTR00001,Reboot Shortcut,12693,06/28/2020, 18:05:06,71
RBTR00001,Reboot Shortcut,12693,06/28/2020, 19:07:04,71
RBTR00001,Reboot Shortcut,12693,06/28/2020, 20:05:15,71
RBTR00001,Reboot Shortcut,12693,06/28/2020, 21:08:13,71
RBTR00001,Reboot Shortcut,12693,06/28/2020, 22:07:08,71
RBTR00001,Reboot Shortcut,12693,06/28/2020, 23:04:41,71
RBTR00001,Reboot Shortcut,12693,06/29/2020, 00:13:46,71
RBTR00001,Reboot Shortcut,12693,06/29/2020, 01:05:18,71
RBTR00001,Reboot Shortcut,12693,06/29/2020, 02:05:51,71
RBTR00001,Reboot Shortcut,12693,06/29/2020, 03:05:05,71
RBTR00001,Reboot Shortcut,12693,06/29/2020, 04:05:13,71
RBTR00001,Reboot Shortcut,12693,06/29/2020, 05:05:08,71
RBTR00001,Reboot Shortcut,12693,06/29/2020, 06:05:33,71
RBTR00001,Reboot Shortcut,12693,06/29/2020, 07:05:16,71
RBTR00001,Reboot Shortcut,12693,06/29/2020, 08:05:45,71
RBTR00001,Reboot Shortcut,12693,06/29/2020, 09:06:33,71
RBTR00001,Reboot Shortcut,12693,06/29/2020, 11:05:30,71
RBTR00001,Reboot Shortcut,12693,06/29/2020, 12:06:37,71
RBTR00001,Reboot Shortcut,12694,06/29/2020, 13:04:58,71
RBTR00001,Reboot Shortcut,12694,06/29/2020, 14:05:21,71
RBTR00001,Reboot Shortcut,12695,06/29/2020, 15:04:50,71
RBTR00001,Reboot Shortcut,12695,06/29/2020, 16:09:13,71
RBTR00001,Reboot Shortcut,12697,06/29/2020, 17:05:23,71
RBTR00001,Reboot Shortcut,12697,06/29/2020, 18:05:27,71
RBTR00001,Reboot Shortcut,12697,06/29/2020, 19:04:50,71
RBTR00001,Reboot Shortcut,12699,06/29/2020, 20:05:41,71
RBTR00001,Reboot Shortcut,12700,06/29/2020, 21:05:10,71
RBTR00001,Reboot Shortcut,12700,06/29/2020, 22:04:55,71
RBTR00001,Reboot Shortcut,12700,06/29/2020, 23:04:56,71
RBTR00001,Reboot Shortcut,12701,06/30/2020, 00:13:24,71
RBTR00001,Reboot Shortcut,12701,06/30/2020, 01:05:14,71
RBTR00001,Reboot Shortcut,12701,06/30/2020, 02:05:48,71
RBTR00001,Reboot Shortcut,12701,06/30/2020, 03:04:54,71
RBTR00001,Reboot Shortcut,12701,06/30/2020, 04:05:57,71
RBTR00001,Reboot Shortcut,12702,06/30/2020, 05:05:05,71
RBTR00001,Reboot Shortcut,12702,06/30/2020, 06:05:25,71
RBTR00001,Reboot Shortcut,12703,06/30/2020, 07:05:08,71
RBTR00001,Reboot Shortcut,12703,06/30/2020, 08:05:56,71
RBTR00001,Reboot Shortcut,12703,06/30/2020, 09:05:08,71
RBTR00001,Reboot Shortcut,12703,06/30/2020, 10:05:06,71
RBTR00001,Reboot Shortcut,12703,06/30/2020, 11:04:51,71
RBTR00001,Reboot Shortcut,12703,06/30/2020, 12:06:27,71
RBTR00001,Reboot Shortcut,12703,06/30/2020, 13:04:51,71
RBTR00001,Reboot Shortcut,12703,06/30/2020, 14:31:49,71
RBTR00001,Reboot Shortcut,12703,06/30/2020, 15:05:08,71
RBTR00001,Reboot Shortcut,12704,06/30/2020, 16:05:36,71
RBTR00001,Reboot Shortcut,12704,06/30/2020, 17:04:50,71
RBTR00001,Reboot Shortcut,12705,06/30/2020, 18:05:28,71
RBTR00001,Reboot Shortcut,12706,06/30/2020, 19:04:44,71
RBTR00001,Reboot Shortcut,12706,06/30/2020, 20:06:49,71
RBTR00001,Reboot Shortcut,12706,06/30/2020, 21:05:21,71
RBTR00001,Reboot Shortcut,12707,06/30/2020, 22:05:55,71
RBTR00001,Reboot Shortcut,12707,06/30/2020, 23:05:36,71
RBTR00001,Reboot Shortcut,12707,07/01/2020, 00:16:39,71
RBTR00001,Reboot Shortcut,12707,07/01/2020, 01:06:32,71
RBTR00001,Reboot Shortcut,12707,07/01/2020, 02:06:28,71
RBTR00001,Reboot Shortcut,12707,07/01/2020, 03:06:11,71
RBTR00001,Reboot Shortcut,12707,07/01/2020, 04:06:17,71
RBTR00001,Reboot Shortcut,12707,07/01/2020, 05:05:51,71
RBTR00001,Reboot Shortcut,12707,07/01/2020, 06:06:43,71
RBTR00001,Reboot Shortcut,12707,07/01/2020, 07:07:33,71
RBTR00001,Reboot Shortcut,12707,07/01/2020, 08:06:39,71
RBTR00001,Reboot Shortcut,12708,07/01/2020, 09:06:12,71
RBTR00001,Reboot Shortcut,12708,07/01/2020, 10:06:10,71
RBTR00001,Reboot Shortcut,12708,07/01/2020, 11:05:30,71
RBTR00001,Reboot Shortcut,12708,07/01/2020, 12:07:52,71
RBTR00001,Reboot Shortcut,12708,07/01/2020, 13:04:53,71
RBTR00001,Reboot Shortcut,12708,07/01/2020, 14:05:37,71
RBTR00001,Reboot Shortcut,12708,07/01/2020, 15:05:58,71
RBTR00001,Reboot Shortcut,12708,07/01/2020, 16:06:26,71
RBTR00001,Reboot Shortcut,12708,07/01/2020, 17:06:02,71
RBTR00001,Reboot Shortcut,12708,07/01/2020, 18:06:16,71
RBTR00001,Reboot Shortcut,12709,07/01/2020, 19:05:42,71
