RETBUBMKR,Retroarch Bubble Builder,2,11/19/2021, 10:18:03,756
RETBUBMKR,Retroarch Bubble Builder,9,11/19/2021, 11:15:08,756
RETBUBMKR,Retroarch Bubble Builder,18,11/19/2021, 12:19:49,756
RETBUBMKR,Retroarch Bubble Builder,27,11/19/2021, 13:18:43,756
RETBUBMKR,Retroarch Bubble Builder,36,11/19/2021, 14:16:20,756
RETBUBMKR,Retroarch Bubble Builder,42,11/19/2021, 15:17:04,756
RETBUBMKR,Retroarch Bubble Builder,48,11/19/2021, 16:19:27,756
RETBUBMKR,Retroarch Bubble Builder,57,11/19/2021, 17:19:02,756
RETBUBMKR,Retroarch Bubble Builder,64,11/19/2021, 18:13:49,756
RETBUBMKR,Retroarch Bubble Builder,70,11/19/2021, 19:10:01,756
RETBUBMKR,Retroarch Bubble Builder,79,11/19/2021, 20:12:31,756
RETBUBMKR,Retroarch Bubble Builder,90,11/19/2021, 21:10:55,756
RETBUBMKR,Retroarch Bubble Builder,105,11/19/2021, 22:11:50,756
RETBUBMKR,Retroarch Bubble Builder,118,11/19/2021, 23:12:06,756
RETBUBMKR,Retroarch Bubble Builder,121,11/20/2021, 00:38:36,756
RETBUBMKR,Retroarch Bubble Builder,125,11/20/2021, 01:52:33,756
RETBUBMKR,Retroarch Bubble Builder,127,11/20/2021, 02:28:10,756
RETBUBMKR,Retroarch Bubble Builder,131,11/20/2021, 03:12:07,756
RETBUBMKR,Retroarch Bubble Builder,137,11/20/2021, 04:15:02,756
RETBUBMKR,Retroarch Bubble Builder,140,11/20/2021, 05:10:24,756
RETBUBMKR,Retroarch Bubble Builder,143,11/20/2021, 06:13:53,756
RETBUBMKR,Retroarch Bubble Builder,146,11/20/2021, 07:11:45,756
RETBUBMKR,Retroarch Bubble Builder,149,11/20/2021, 08:13:59,756
RETBUBMKR,Retroarch Bubble Builder,152,11/20/2021, 09:11:50,756
RETBUBMKR,Retroarch Bubble Builder,155,11/20/2021, 10:12:36,756
RETBUBMKR,Retroarch Bubble Builder,160,11/20/2021, 11:09:44,756
RETBUBMKR,Retroarch Bubble Builder,163,11/20/2021, 12:17:17,756
RETBUBMKR,Retroarch Bubble Builder,169,11/20/2021, 13:16:39,756
RETBUBMKR,Retroarch Bubble Builder,171,11/20/2021, 14:10:38,756
RETBUBMKR,Retroarch Bubble Builder,175,11/20/2021, 15:11:42,756
RETBUBMKR,Retroarch Bubble Builder,178,11/20/2021, 16:17:03,756
