RMSC00001,REminiscence,5,12/06/2020, 11:09:16,596
RMSC00001,REminiscence,13,12/06/2020, 12:12:32,596
RMSC00001,REminiscence,19,12/06/2020, 13:09:14,596
RMSC00001,REminiscence,24,12/06/2020, 14:10:36,596
RMSC00001,REminiscence,34,12/06/2020, 15:09:18,596
RMSC00001,REminiscence,42,12/06/2020, 16:14:11,596
RMSC00001,REminiscence,43,12/06/2020, 17:11:27,596
RMSC00001,REminiscence,45,12/06/2020, 18:10:11,596
RMSC00001,REminiscence,50,12/06/2020, 19:08:14,596
RMSC00001,REminiscence,57,12/06/2020, 20:09:30,596
RMSC00001,REminiscence,60,12/06/2020, 21:08:41,596
RMSC00001,REminiscence,69,12/06/2020, 22:11:31,596
RMSC00001,REminiscence,73,12/06/2020, 23:10:16,596
RMSC00001,REminiscence,80,12/07/2020, 00:26:14,596
RMSC00001,REminiscence,83,12/07/2020, 01:32:51,596
RMSC00001,REminiscence,86,12/07/2020, 02:14:18,596
RMSC00001,REminiscence,87,12/07/2020, 03:10:27,596
RMSC00001,REminiscence,89,12/07/2020, 04:12:39,596
RMSC00001,REminiscence,91,12/07/2020, 05:10:08,596
RMSC00001,REminiscence,91,12/07/2020, 06:11:57,596
RMSC00001,REminiscence,95,12/07/2020, 07:10:20,596
RMSC00001,REminiscence,97,12/07/2020, 08:11:52,596
RMSC00001,REminiscence,98,12/07/2020, 09:10:17,596
RMSC00001,REminiscence,99,12/07/2020, 10:10:57,596
RMSC00001,REminiscence,100,12/07/2020, 11:09:45,596
RMSC00001,REminiscence,101,12/07/2020, 12:13:16,596
RMSC00001,REminiscence,101,12/07/2020, 13:09:37,596
RMSC00001,REminiscence,102,12/07/2020, 14:11:05,596
RMSC00001,REminiscence,102,12/07/2020, 15:10:28,596
RMSC00001,REminiscence,106,12/07/2020, 16:14:54,596
RMSC00001,REminiscence,108,12/07/2020, 17:13:17,596
RMSC00001,REminiscence,108,12/07/2020, 18:10:24,596
RMSC00001,REminiscence,109,12/07/2020, 19:09:17,596
RMSC00001,REminiscence,110,12/07/2020, 20:09:40,596
RMSC00001,REminiscence,111,12/07/2020, 21:09:04,596
RMSC00001,REminiscence,113,12/07/2020, 22:11:41,596
RMSC00001,REminiscence,113,12/07/2020, 23:10:23,596
RMSC00001,REminiscence,115,12/08/2020, 00:25:54,596
RMSC00001,REminiscence,116,12/08/2020, 01:32:49,596
RMSC00001,REminiscence,118,12/08/2020, 02:14:53,596
RMSC00001,REminiscence,118,12/08/2020, 03:10:55,596
RMSC00001,REminiscence,120,12/08/2020, 04:12:20,596
RMSC00001,REminiscence,122,12/08/2020, 05:10:15,596
RMSC00001,REminiscence,124,12/08/2020, 06:11:56,596
RMSC00001,REminiscence,125,12/08/2020, 07:10:29,596
RMSC00001,REminiscence,125,12/08/2020, 08:12:10,596
RMSC00001,REminiscence,127,12/08/2020, 09:10:35,596
RMSC00001,REminiscence,127,12/08/2020, 10:11:07,596
RMSC00001,REminiscence,127,12/08/2020, 11:10:04,596
RMSC00001,REminiscence,127,12/08/2020, 12:13:30,596
RMSC00001,REminiscence,128,12/08/2020, 13:09:54,596
RMSC00001,REminiscence,128,12/08/2020, 14:11:21,596
RMSC00001,REminiscence,129,12/08/2020, 15:09:49,596
RMSC00001,REminiscence,130,12/08/2020, 16:15:01,596
RMSC00001,REminiscence,131,12/08/2020, 17:13:46,596
RMSC00001,REminiscence,132,12/08/2020, 18:10:25,596
RMSC00001,REminiscence,133,12/08/2020, 19:08:53,596
RMSC00001,REminiscence,133,12/08/2020, 20:09:41,596
RMSC00001,REminiscence,135,12/08/2020, 21:09:08,596
RMSC00001,REminiscence,135,12/08/2020, 22:11:57,596
RMSC00001,REminiscence,135,12/08/2020, 23:10:26,596
RMSC00001,REminiscence,135,12/09/2020, 00:26:22,596
RMSC00001,REminiscence,136,12/09/2020, 01:33:54,596
RMSC00001,REminiscence,136,12/09/2020, 02:15:43,596
RMSC00001,REminiscence,137,12/09/2020, 03:10:39,596
RMSC00001,REminiscence,137,12/09/2020, 04:12:34,596
RMSC00001,REminiscence,137,12/09/2020, 05:10:06,596
RMSC00001,REminiscence,138,12/09/2020, 06:11:55,596
RMSC00001,REminiscence,138,12/09/2020, 07:10:27,596
RMSC00001,REminiscence,138,12/09/2020, 08:11:59,596
RMSC00001,REminiscence,138,12/09/2020, 09:11:20,596
RMSC00001,REminiscence,138,12/09/2020, 10:11:16,596
RMSC00001,REminiscence,138,12/09/2020, 11:10:19,596
RMSC00001,REminiscence,139,12/09/2020, 12:13:28,596
RMSC00001,REminiscence,139,12/09/2020, 13:10:28,596
RMSC00001,REminiscence,139,12/09/2020, 14:11:22,596
RMSC00001,REminiscence,140,12/09/2020, 15:10:20,596
RMSC00001,REminiscence,141,12/09/2020, 16:14:44,596
RMSC00001,REminiscence,143,12/09/2020, 17:10:39,596
RMSC00001,REminiscence,145,12/09/2020, 18:10:28,596
RMSC00001,REminiscence,145,12/09/2020, 19:08:58,596
RMSC00001,REminiscence,146,12/09/2020, 20:09:58,596
RMSC00001,REminiscence,147,12/09/2020, 21:09:08,596
RMSC00001,REminiscence,149,12/09/2020, 22:11:49,596
RMSC00001,REminiscence,149,12/09/2020, 23:10:06,596
RMSC00001,REminiscence,151,12/10/2020, 00:26:33,596
RMSC00001,REminiscence,151,12/10/2020, 01:36:36,596
RMSC00001,REminiscence,153,12/10/2020, 02:18:31,596
RMSC00001,REminiscence,154,12/10/2020, 03:10:35,596
RMSC00001,REminiscence,154,12/10/2020, 04:12:32,596
RMSC00001,REminiscence,154,12/10/2020, 05:09:58,596
RMSC00001,REminiscence,155,12/10/2020, 06:11:58,596
RMSC00001,REminiscence,156,12/10/2020, 07:10:30,596
RMSC00001,REminiscence,157,12/10/2020, 08:11:45,596
RMSC00001,REminiscence,157,12/10/2020, 09:10:43,596
RMSC00001,REminiscence,158,12/10/2020, 10:11:36,596
RMSC00001,REminiscence,158,12/10/2020, 11:10:11,596
RMSC00001,REminiscence,158,12/10/2020, 12:13:39,596
RMSC00001,REminiscence,158,12/10/2020, 13:09:32,596
RMSC00001,REminiscence,159,12/10/2020, 14:11:25,596
RMSC00001,REminiscence,159,12/10/2020, 15:10:24,596
RMSC00001,REminiscence,159,12/10/2020, 16:14:40,596
RMSC00001,REminiscence,159,12/10/2020, 17:16:37,596
RMSC00001,REminiscence,162,12/10/2020, 18:10:23,596
RMSC00001,REminiscence,162,12/10/2020, 19:08:57,596
RMSC00001,REminiscence,163,12/10/2020, 20:10:08,596
RMSC00001,REminiscence,164,12/10/2020, 21:08:59,596
RMSC00001,REminiscence,164,12/10/2020, 22:12:31,596
RMSC00001,REminiscence,165,12/10/2020, 23:10:25,596
RMSC00001,REminiscence,166,12/11/2020, 00:26:50,596
RMSC00001,REminiscence,166,12/11/2020, 01:37:18,596
RMSC00001,REminiscence,167,12/11/2020, 02:18:36,596
RMSC00001,REminiscence,168,12/11/2020, 03:10:45,596
RMSC00001,REminiscence,168,12/11/2020, 04:12:37,596
RMSC00001,REminiscence,169,12/11/2020, 05:10:14,596
RMSC00001,REminiscence,169,12/11/2020, 06:11:41,596
RMSC00001,REminiscence,169,12/11/2020, 07:10:06,596
RMSC00001,REminiscence,172,12/11/2020, 08:12:47,596
RMSC00001,REminiscence,172,12/11/2020, 09:10:29,596
RMSC00001,REminiscence,172,12/11/2020, 10:11:55,596
RMSC00001,REminiscence,172,12/11/2020, 11:10:19,596
RMSC00001,REminiscence,172,12/11/2020, 12:13:40,596
RMSC00001,REminiscence,173,12/11/2020, 13:09:51,596
RMSC00001,REminiscence,174,12/11/2020, 14:11:36,596
RMSC00001,REminiscence,174,12/11/2020, 15:10:22,596
RMSC00001,REminiscence,175,12/11/2020, 16:14:48,596
RMSC00001,REminiscence,175,12/11/2020, 17:17:03,596
RMSC00001,REminiscence,175,12/11/2020, 18:10:23,596
RMSC00001,REminiscence,175,12/11/2020, 19:08:35,596
RMSC00001,REminiscence,175,12/11/2020, 20:10:23,596
RMSC00001,REminiscence,177,12/11/2020, 21:09:12,596
RMSC00001,REminiscence,179,12/11/2020, 22:11:44,596
RMSC00001,REminiscence,182,12/11/2020, 23:10:34,596
RMSC00001,REminiscence,182,12/12/2020, 00:26:46,596
RMSC00001,REminiscence,182,12/12/2020, 01:37:33,596
RMSC00001,REminiscence,183,12/12/2020, 02:18:23,596
RMSC00001,REminiscence,183,12/12/2020, 03:11:04,596
RMSC00001,REminiscence,184,12/12/2020, 04:12:53,596
RMSC00001,REminiscence,185,12/12/2020, 05:09:51,596
RMSC00001,REminiscence,185,12/12/2020, 06:11:54,596
RMSC00001,REminiscence,186,12/12/2020, 07:10:22,596
RMSC00001,REminiscence,186,12/12/2020, 08:12:11,596
RMSC00001,REminiscence,186,12/12/2020, 09:11:22,596
RMSC00001,REminiscence,186,12/12/2020, 10:11:42,596
RMSC00001,REminiscence,187,12/12/2020, 11:10:27,596
RMSC00001,REminiscence,188,12/12/2020, 12:13:19,596
RMSC00001,REminiscence,189,12/12/2020, 13:09:29,596
RMSC00001,REminiscence,190,12/12/2020, 14:11:09,596
RMSC00001,REminiscence,190,12/12/2020, 15:10:01,596
RMSC00001,REminiscence,190,12/12/2020, 16:15:01,596
RMSC00001,REminiscence,191,12/12/2020, 17:16:55,596
RMSC00001,REminiscence,191,12/12/2020, 18:10:34,596
RMSC00001,REminiscence,191,12/12/2020, 19:08:43,596
RMSC00001,REminiscence,192,12/12/2020, 20:10:09,596
RMSC00001,REminiscence,192,12/12/2020, 21:08:40,596
RMSC00001,REminiscence,193,12/12/2020, 22:11:55,596
RMSC00001,REminiscence,194,12/12/2020, 23:10:15,596
RMSC00001,REminiscence,195,12/13/2020, 00:28:14,596
RMSC00001,REminiscence,195,12/13/2020, 01:41:34,596
RMSC00001,REminiscence,195,12/13/2020, 02:18:53,596
RMSC00001,REminiscence,195,12/13/2020, 03:11:24,596
RMSC00001,REminiscence,195,12/13/2020, 04:12:35,596
RMSC00001,REminiscence,195,12/13/2020, 05:10:52,596
RMSC00001,REminiscence,195,12/13/2020, 06:11:54,596
RMSC00001,REminiscence,195,12/13/2020, 07:10:03,596
RMSC00001,REminiscence,196,12/13/2020, 08:12:04,596
RMSC00001,REminiscence,196,12/13/2020, 09:10:35,596
RMSC00001,REminiscence,196,12/13/2020, 10:11:45,596
RMSC00001,REminiscence,197,12/13/2020, 11:10:37,596
RMSC00001,REminiscence,199,12/13/2020, 12:13:22,596
RMSC00001,REminiscence,200,12/13/2020, 13:09:50,596
RMSC00001,REminiscence,200,12/13/2020, 14:11:26,596
RMSC00001,REminiscence,201,12/13/2020, 15:10:05,596
RMSC00001,REminiscence,201,12/13/2020, 16:15:02,596
RMSC00001,REminiscence,203,12/13/2020, 17:18:33,596
RMSC00001,REminiscence,203,12/13/2020, 18:10:15,596
RMSC00001,REminiscence,204,12/13/2020, 19:08:24,596
RMSC00001,REminiscence,208,12/13/2020, 20:10:07,596
RMSC00001,REminiscence,209,12/13/2020, 21:09:18,596
RMSC00001,REminiscence,210,12/13/2020, 22:11:40,596
RMSC00001,REminiscence,211,12/13/2020, 23:10:28,596
RMSC00001,REminiscence,213,12/14/2020, 00:27:29,596
RMSC00001,REminiscence,214,12/14/2020, 01:41:30,596
RMSC00001,REminiscence,214,12/14/2020, 02:20:19,596
RMSC00001,REminiscence,216,12/14/2020, 03:10:56,596
RMSC00001,REminiscence,218,12/14/2020, 04:12:49,596
RMSC00001,REminiscence,218,12/14/2020, 05:10:02,596
RMSC00001,REminiscence,218,12/14/2020, 06:12:18,596
RMSC00001,REminiscence,218,12/14/2020, 07:10:18,596
RMSC00001,REminiscence,218,12/14/2020, 08:12:59,596
RMSC00001,REminiscence,218,12/14/2020, 09:10:55,596
RMSC00001,REminiscence,218,12/14/2020, 10:12:02,596
RMSC00001,REminiscence,218,12/14/2020, 11:10:24,596
RMSC00001,REminiscence,219,12/14/2020, 12:14:07,596
RMSC00001,REminiscence,219,12/14/2020, 13:11:59,596
RMSC00001,REminiscence,219,12/14/2020, 14:11:56,596
RMSC00001,REminiscence,220,12/14/2020, 15:10:53,596
RMSC00001,REminiscence,220,12/14/2020, 16:12:48,596
RMSC00001,REminiscence,222,12/14/2020, 17:18:41,596
RMSC00001,REminiscence,223,12/14/2020, 18:09:18,596
RMSC00001,REminiscence,224,12/14/2020, 19:08:38,596
RMSC00001,REminiscence,224,12/14/2020, 20:10:26,596
RMSC00001,REminiscence,224,12/14/2020, 21:09:19,596
RMSC00001,REminiscence,224,12/14/2020, 22:12:03,596
RMSC00001,REminiscence,226,12/14/2020, 23:10:45,596
RMSC00001,REminiscence,231,12/15/2020, 09:11:04,596
RMSC00001,REminiscence,231,12/15/2020, 10:11:37,596
RMSC00001,REminiscence,232,12/15/2020, 11:10:21,596
RMSC00001,REminiscence,232,12/15/2020, 12:14:06,596
RMSC00001,REminiscence,232,12/15/2020, 13:11:58,596
RMSC00001,REminiscence,232,12/15/2020, 14:11:59,596
RMSC00001,REminiscence,233,12/15/2020, 15:10:52,596
RMSC00001,REminiscence,234,12/15/2020, 16:15:29,596
RMSC00001,REminiscence,234,12/15/2020, 17:22:03,596
RMSC00001,REminiscence,234,12/15/2020, 18:10:36,596
RMSC00001,REminiscence,234,12/15/2020, 19:08:33,596
RMSC00001,REminiscence,235,12/15/2020, 20:10:21,596
RMSC00001,REminiscence,235,12/15/2020, 21:09:27,596
RMSC00001,REminiscence,236,12/15/2020, 22:11:29,596
RMSC00001,REminiscence,236,12/15/2020, 23:10:47,596
RMSC00001,REminiscence,236,12/16/2020, 00:27:00,596
RMSC00001,REminiscence,237,12/16/2020, 01:42:14,596
RMSC00001,REminiscence,237,12/16/2020, 02:21:54,596
RMSC00001,REminiscence,237,12/16/2020, 03:10:42,596
RMSC00001,REminiscence,237,12/16/2020, 04:12:54,596
RMSC00001,REminiscence,237,12/16/2020, 05:10:11,596
RMSC00001,REminiscence,237,12/16/2020, 06:12:24,596
RMSC00001,REminiscence,237,12/16/2020, 07:10:38,596
RMSC00001,REminiscence,237,12/16/2020, 08:12:33,596
RMSC00001,REminiscence,237,12/16/2020, 09:10:49,596
RMSC00001,REminiscence,237,12/16/2020, 10:11:42,596
RMSC00001,REminiscence,237,12/16/2020, 11:10:24,596
RMSC00001,REminiscence,238,12/16/2020, 12:14:10,596
RMSC00001,REminiscence,238,12/16/2020, 13:12:25,596
RMSC00001,REminiscence,238,12/16/2020, 14:12:03,596
RMSC00001,REminiscence,238,12/16/2020, 15:10:56,596
RMSC00001,REminiscence,238,12/16/2020, 16:15:58,596
RMSC00001,REminiscence,238,12/16/2020, 17:32:49,596
RMSC00001,REminiscence,239,12/16/2020, 18:10:16,596
RMSC00001,REminiscence,240,12/16/2020, 19:09:14,596
RMSC00001,REminiscence,240,12/16/2020, 20:10:39,596
RMSC00001,REminiscence,240,12/16/2020, 21:09:58,596
RMSC00001,REminiscence,241,12/16/2020, 22:12:49,596
RMSC00001,REminiscence,242,12/16/2020, 23:12:18,596
RMSC00001,REminiscence,242,12/17/2020, 00:29:18,596
RMSC00001,REminiscence,242,12/17/2020, 01:44:25,596
RMSC00001,REminiscence,242,12/17/2020, 02:22:29,596
RMSC00001,REminiscence,242,12/17/2020, 03:10:46,596
RMSC00001,REminiscence,243,12/17/2020, 04:12:51,596
RMSC00001,REminiscence,243,12/17/2020, 05:10:15,596
RMSC00001,REminiscence,243,12/17/2020, 06:12:34,596
RMSC00001,REminiscence,244,12/17/2020, 07:11:31,596
RMSC00001,REminiscence,244,12/17/2020, 08:12:50,596
RMSC00001,REminiscence,244,12/17/2020, 09:10:52,596
RMSC00001,REminiscence,244,12/17/2020, 10:11:55,596
RMSC00001,REminiscence,244,12/17/2020, 11:10:25,596
RMSC00001,REminiscence,244,12/17/2020, 12:14:57,596
RMSC00001,REminiscence,244,12/17/2020, 13:14:19,596
RMSC00001,REminiscence,244,12/17/2020, 14:12:30,596
RMSC00001,REminiscence,244,12/17/2020, 15:10:57,596
RMSC00001,REminiscence,246,12/17/2020, 16:18:19,596
RMSC00001,REminiscence,248,12/17/2020, 17:27:37,596
RMSC00001,REminiscence,250,12/17/2020, 18:11:59,596
RMSC00001,REminiscence,250,12/17/2020, 19:09:55,596
RMSC00001,REminiscence,252,12/17/2020, 20:10:46,596
RMSC00001,REminiscence,252,12/17/2020, 21:10:03,596
RMSC00001,REminiscence,252,12/17/2020, 22:12:59,596
RMSC00001,REminiscence,252,12/17/2020, 23:11:58,596
RMSC00001,REminiscence,253,12/18/2020, 00:28:37,596
RMSC00001,REminiscence,253,12/18/2020, 01:46:25,596
RMSC00001,REminiscence,253,12/18/2020, 02:25:47,596
RMSC00001,REminiscence,254,12/18/2020, 03:13:41,596
RMSC00001,REminiscence,255,12/18/2020, 04:14:34,596
RMSC00001,REminiscence,255,12/18/2020, 05:14:01,596
RMSC00001,REminiscence,255,12/18/2020, 06:13:19,596
RMSC00001,REminiscence,255,12/18/2020, 07:14:07,596
RMSC00001,REminiscence,255,12/18/2020, 08:13:45,596
RMSC00001,REminiscence,255,12/18/2020, 09:13:22,596
RMSC00001,REminiscence,257,12/18/2020, 10:14:05,596
RMSC00001,REminiscence,257,12/18/2020, 11:12:25,596
RMSC00001,REminiscence,258,12/18/2020, 12:15:14,596
RMSC00001,REminiscence,258,12/18/2020, 13:18:05,596
RMSC00001,REminiscence,258,12/18/2020, 14:13:48,596
RMSC00001,REminiscence,258,12/18/2020, 15:12:31,596
RMSC00001,REminiscence,262,12/18/2020, 16:20:44,596
RMSC00001,REminiscence,263,12/18/2020, 17:31:52,596
RMSC00001,REminiscence,263,12/18/2020, 18:18:19,596
RMSC00001,REminiscence,263,12/18/2020, 19:15:07,596
RMSC00001,REminiscence,264,12/18/2020, 20:11:21,596
RMSC00001,REminiscence,265,12/18/2020, 21:09:52,596
RMSC00001,REminiscence,266,12/18/2020, 22:12:57,596
RMSC00001,REminiscence,266,12/18/2020, 23:12:00,596
RMSC00001,REminiscence,266,12/19/2020, 00:28:39,596
RMSC00001,REminiscence,266,12/19/2020, 01:45:51,596
RMSC00001,REminiscence,266,12/19/2020, 02:25:12,596
RMSC00001,REminiscence,267,12/19/2020, 03:13:15,596
RMSC00001,REminiscence,267,12/19/2020, 04:14:00,596
RMSC00001,REminiscence,267,12/19/2020, 05:13:10,596
RMSC00001,REminiscence,267,12/19/2020, 06:13:08,596
RMSC00001,REminiscence,267,12/19/2020, 07:13:45,596
RMSC00001,REminiscence,268,12/19/2020, 08:13:08,596
RMSC00001,REminiscence,268,12/19/2020, 09:12:18,596
RMSC00001,REminiscence,268,12/19/2020, 10:13:33,596
RMSC00001,REminiscence,269,12/19/2020, 11:11:41,596
RMSC00001,REminiscence,269,12/19/2020, 12:14:47,596
RMSC00001,REminiscence,269,12/19/2020, 13:16:26,596
RMSC00001,REminiscence,269,12/19/2020, 14:12:43,596
RMSC00001,REminiscence,270,12/19/2020, 15:11:03,596
RMSC00001,REminiscence,270,12/19/2020, 16:20:02,596
RMSC00001,REminiscence,270,12/19/2020, 17:30:32,596
RMSC00001,REminiscence,270,12/19/2020, 18:14:52,596
RMSC00001,REminiscence,271,12/19/2020, 19:10:41,596
RMSC00001,REminiscence,271,12/19/2020, 20:11:27,596
RMSC00001,REminiscence,271,12/19/2020, 21:09:26,596
RMSC00001,REminiscence,271,12/19/2020, 22:12:45,596
RMSC00001,REminiscence,273,12/19/2020, 23:10:28,596
RMSC00001,REminiscence,274,12/20/2020, 00:28:52,596
RMSC00001,REminiscence,275,12/20/2020, 01:47:26,596
RMSC00001,REminiscence,277,12/20/2020, 02:24:43,596
RMSC00001,REminiscence,277,12/20/2020, 03:11:43,596
RMSC00001,REminiscence,277,12/20/2020, 04:12:48,596
RMSC00001,REminiscence,277,12/20/2020, 05:10:29,596
RMSC00001,REminiscence,278,12/20/2020, 06:12:46,596
RMSC00001,REminiscence,278,12/20/2020, 07:11:29,596
RMSC00001,REminiscence,279,12/20/2020, 08:13:11,596
RMSC00001,REminiscence,280,12/20/2020, 09:11:13,596
RMSC00001,REminiscence,281,12/20/2020, 10:12:11,596
RMSC00001,REminiscence,282,12/20/2020, 11:10:56,596
RMSC00001,REminiscence,282,12/20/2020, 12:15:03,596
RMSC00001,REminiscence,283,12/20/2020, 13:15:36,596
RMSC00001,REminiscence,284,12/20/2020, 14:12:24,596
RMSC00001,REminiscence,285,12/20/2020, 15:10:46,596
RMSC00001,REminiscence,287,12/20/2020, 16:19:12,596
RMSC00001,REminiscence,287,12/20/2020, 17:30:12,596
RMSC00001,REminiscence,288,12/20/2020, 18:15:13,596
RMSC00001,REminiscence,290,12/20/2020, 19:12:13,596
RMSC00001,REminiscence,290,12/20/2020, 20:11:27,596
RMSC00001,REminiscence,293,12/20/2020, 21:10:08,596
RMSC00001,REminiscence,294,12/20/2020, 22:13:26,596
RMSC00001,REminiscence,296,12/20/2020, 23:14:12,596
RMSC00001,REminiscence,296,12/21/2020, 00:31:01,596
RMSC00001,REminiscence,297,12/21/2020, 01:51:35,596
RMSC00001,REminiscence,297,12/21/2020, 02:30:21,596
RMSC00001,REminiscence,297,12/21/2020, 03:16:49,596
RMSC00001,REminiscence,297,12/21/2020, 04:16:09,596
RMSC00001,REminiscence,297,12/21/2020, 05:14:49,596
RMSC00001,REminiscence,297,12/21/2020, 06:13:21,596
RMSC00001,REminiscence,297,12/21/2020, 07:15:33,596
RMSC00001,REminiscence,297,12/21/2020, 08:14:10,596
RMSC00001,REminiscence,297,12/21/2020, 09:14:51,596
RMSC00001,REminiscence,297,12/21/2020, 10:14:35,596
RMSC00001,REminiscence,297,12/21/2020, 11:12:46,596
RMSC00001,REminiscence,297,12/21/2020, 12:15:28,596
RMSC00001,REminiscence,298,12/21/2020, 13:19:57,596
RMSC00001,REminiscence,298,12/21/2020, 14:13:26,596
RMSC00001,REminiscence,298,12/21/2020, 15:12:17,596
RMSC00001,REminiscence,298,12/21/2020, 16:20:44,596
RMSC00001,REminiscence,298,12/21/2020, 17:33:45,596
RMSC00001,REminiscence,298,12/21/2020, 18:18:52,596
RMSC00001,REminiscence,299,12/21/2020, 19:15:53,596
RMSC00001,REminiscence,300,12/21/2020, 20:11:57,596
RMSC00001,REminiscence,300,12/21/2020, 21:11:18,596
RMSC00001,REminiscence,301,12/21/2020, 22:15:16,596
RMSC00001,REminiscence,301,12/21/2020, 23:17:27,596
RMSC00001,REminiscence,302,12/22/2020, 00:32:20,596
RMSC00001,REminiscence,302,12/22/2020, 01:54:09,596
RMSC00001,REminiscence,302,12/22/2020, 02:34:27,596
RMSC00001,REminiscence,302,12/22/2020, 03:20:05,596
RMSC00001,REminiscence,303,12/22/2020, 04:19:38,596
RMSC00001,REminiscence,303,12/22/2020, 05:18:09,596
RMSC00001,REminiscence,303,12/22/2020, 06:15:27,596
RMSC00001,REminiscence,303,12/22/2020, 07:20:18,596
RMSC00001,REminiscence,303,12/22/2020, 08:16:17,596
RMSC00001,REminiscence,303,12/22/2020, 09:18:39,596
RMSC00001,REminiscence,303,12/22/2020, 10:18:21,596
RMSC00001,REminiscence,303,12/22/2020, 11:15:39,596
RMSC00001,REminiscence,303,12/22/2020, 12:17:59,596
RMSC00001,REminiscence,304,12/22/2020, 13:25:11,596
RMSC00001,REminiscence,304,12/22/2020, 14:15:22,596
RMSC00001,REminiscence,304,12/22/2020, 15:13:56,596
RMSC00001,REminiscence,305,12/22/2020, 16:25:08,596
RMSC00001,REminiscence,305,12/22/2020, 17:38:19,596
RMSC00001,REminiscence,305,12/22/2020, 18:23:14,596
RMSC00001,REminiscence,305,12/22/2020, 19:19:27,596
RMSC00001,REminiscence,305,12/22/2020, 20:12:55,596
RMSC00001,REminiscence,306,12/22/2020, 21:12:09,596
RMSC00001,REminiscence,308,12/22/2020, 22:16:33,596
RMSC00001,REminiscence,308,12/22/2020, 23:18:59,596
RMSC00001,REminiscence,309,12/23/2020, 00:34:09,596
RMSC00001,REminiscence,309,12/23/2020, 01:57:55,596
RMSC00001,REminiscence,309,12/23/2020, 02:44:22,596
RMSC00001,REminiscence,309,12/23/2020, 03:21:24,596
RMSC00001,REminiscence,309,12/23/2020, 04:21:07,596
RMSC00001,REminiscence,309,12/23/2020, 05:20:48,596
RMSC00001,REminiscence,309,12/23/2020, 06:15:31,596
RMSC00001,REminiscence,310,12/23/2020, 07:22:04,596
RMSC00001,REminiscence,310,12/23/2020, 08:17:01,596
RMSC00001,REminiscence,310,12/23/2020, 09:19:36,596
RMSC00001,REminiscence,310,12/23/2020, 10:19:30,596
RMSC00001,REminiscence,310,12/23/2020, 11:16:06,596
RMSC00001,REminiscence,311,12/23/2020, 12:17:46,596
RMSC00001,REminiscence,311,12/23/2020, 13:25:29,596
RMSC00001,REminiscence,311,12/23/2020, 14:15:18,596
RMSC00001,REminiscence,312,12/23/2020, 15:14:17,596
RMSC00001,REminiscence,313,12/23/2020, 16:26:38,596
RMSC00001,REminiscence,313,12/23/2020, 17:41:39,596
RMSC00001,REminiscence,313,12/23/2020, 18:28:29,596
RMSC00001,REminiscence,313,12/23/2020, 19:23:40,596
RMSC00001,REminiscence,313,12/23/2020, 20:13:49,596
RMSC00001,REminiscence,313,12/23/2020, 21:12:42,596
RMSC00001,REminiscence,313,12/23/2020, 22:17:16,596
RMSC00001,REminiscence,313,12/23/2020, 23:20:11,596
RMSC00001,REminiscence,313,12/24/2020, 00:37:06,596
RMSC00001,REminiscence,314,12/24/2020, 02:02:31,596
RMSC00001,REminiscence,316,12/24/2020, 03:23:39,596
RMSC00001,REminiscence,316,12/24/2020, 04:23:16,596
RMSC00001,REminiscence,316,12/24/2020, 05:22:21,596
RMSC00001,REminiscence,316,12/24/2020, 06:16:50,596
RMSC00001,REminiscence,316,12/24/2020, 07:22:35,596
RMSC00001,REminiscence,316,12/24/2020, 08:17:25,596
RMSC00001,REminiscence,316,12/24/2020, 09:20:00,596
RMSC00001,REminiscence,316,12/24/2020, 10:19:55,596
RMSC00001,REminiscence,317,12/24/2020, 11:16:36,596
RMSC00001,REminiscence,317,12/24/2020, 12:17:45,596
RMSC00001,REminiscence,317,12/24/2020, 13:25:48,596
RMSC00001,REminiscence,317,12/24/2020, 14:15:23,596
RMSC00001,REminiscence,317,12/24/2020, 15:14:12,596
RMSC00001,REminiscence,317,12/24/2020, 16:27:12,596
RMSC00001,REminiscence,318,12/24/2020, 17:43:06,596
RMSC00001,REminiscence,319,12/24/2020, 18:29:39,596
RMSC00001,REminiscence,319,12/24/2020, 19:25:12,596
RMSC00001,REminiscence,319,12/24/2020, 20:14:01,596
RMSC00001,REminiscence,320,12/24/2020, 21:12:33,596
RMSC00001,REminiscence,320,12/24/2020, 22:15:54,596
RMSC00001,REminiscence,320,12/24/2020, 23:18:43,596
RMSC00001,REminiscence,320,12/25/2020, 00:34:27,596
RMSC00001,REminiscence,320,12/25/2020, 01:58:59,596
RMSC00001,REminiscence,320,12/25/2020, 02:44:31,596
RMSC00001,REminiscence,320,12/25/2020, 03:19:49,596
RMSC00001,REminiscence,320,12/25/2020, 04:18:34,596
RMSC00001,REminiscence,320,12/25/2020, 05:18:00,596
RMSC00001,REminiscence,320,12/25/2020, 06:13:32,596
RMSC00001,REminiscence,320,12/25/2020, 07:17:59,596
RMSC00001,REminiscence,320,12/25/2020, 08:14:37,596
RMSC00001,REminiscence,320,12/25/2020, 09:16:49,596
RMSC00001,REminiscence,321,12/25/2020, 10:16:32,596
RMSC00001,REminiscence,321,12/25/2020, 11:13:19,596
RMSC00001,REminiscence,322,12/25/2020, 12:15:36,596
RMSC00001,REminiscence,323,12/25/2020, 13:21:47,596
RMSC00001,REminiscence,323,12/25/2020, 14:12:35,596
RMSC00001,REminiscence,323,12/25/2020, 15:11:44,596
RMSC00001,REminiscence,323,12/25/2020, 16:22:31,596
RMSC00001,REminiscence,325,12/25/2020, 17:39:07,596
RMSC00001,REminiscence,325,12/25/2020, 18:24:15,596
RMSC00001,REminiscence,326,12/25/2020, 19:20:20,596
RMSC00001,REminiscence,326,12/25/2020, 20:11:13,596
RMSC00001,REminiscence,328,12/25/2020, 21:10:19,596
RMSC00001,REminiscence,328,12/25/2020, 22:14:44,596
RMSC00001,REminiscence,329,12/25/2020, 23:17:53,596
RMSC00001,REminiscence,329,12/26/2020, 00:33:18,596
RMSC00001,REminiscence,329,12/26/2020, 01:57:56,596
RMSC00001,REminiscence,329,12/26/2020, 02:43:07,596
RMSC00001,REminiscence,330,12/26/2020, 03:19:41,596
RMSC00001,REminiscence,330,12/26/2020, 04:18:43,596
RMSC00001,REminiscence,330,12/26/2020, 05:18:12,596
RMSC00001,REminiscence,330,12/26/2020, 06:13:24,596
RMSC00001,REminiscence,330,12/26/2020, 07:18:13,596
RMSC00001,REminiscence,330,12/26/2020, 08:14:08,596
RMSC00001,REminiscence,330,12/26/2020, 09:16:32,596
RMSC00001,REminiscence,331,12/26/2020, 10:16:23,596
RMSC00001,REminiscence,331,12/26/2020, 11:13:23,596
RMSC00001,REminiscence,332,12/26/2020, 12:15:31,596
RMSC00001,REminiscence,332,12/26/2020, 13:21:26,596
RMSC00001,REminiscence,332,12/26/2020, 14:12:20,596
RMSC00001,REminiscence,332,12/26/2020, 15:11:01,596
RMSC00001,REminiscence,332,12/26/2020, 16:21:50,596
RMSC00001,REminiscence,333,12/26/2020, 17:39:25,596
RMSC00001,REminiscence,333,12/26/2020, 18:24:32,596
RMSC00001,REminiscence,333,12/26/2020, 19:20:18,596
RMSC00001,REminiscence,333,12/26/2020, 20:10:55,596
RMSC00001,REminiscence,333,12/26/2020, 21:10:15,596
RMSC00001,REminiscence,333,12/26/2020, 22:14:47,596
RMSC00001,REminiscence,334,12/26/2020, 23:18:08,596
RMSC00001,REminiscence,334,12/27/2020, 00:35:18,596
RMSC00001,REminiscence,334,12/27/2020, 02:03:18,596
RMSC00001,REminiscence,334,12/27/2020, 03:20:31,596
RMSC00001,REminiscence,334,12/27/2020, 04:19:46,596
RMSC00001,REminiscence,334,12/27/2020, 05:19:01,596
RMSC00001,REminiscence,334,12/27/2020, 06:13:16,596
RMSC00001,REminiscence,334,12/27/2020, 07:18:38,596
RMSC00001,REminiscence,334,12/27/2020, 08:14:32,596
RMSC00001,REminiscence,334,12/27/2020, 09:16:56,596
RMSC00001,REminiscence,336,12/27/2020, 10:16:55,596
RMSC00001,REminiscence,338,12/27/2020, 11:13:46,596
RMSC00001,REminiscence,342,12/27/2020, 12:15:28,596
RMSC00001,REminiscence,342,12/27/2020, 13:21:45,596
RMSC00001,REminiscence,342,12/27/2020, 14:12:25,596
RMSC00001,REminiscence,343,12/27/2020, 15:11:19,596
RMSC00001,REminiscence,344,12/27/2020, 16:22:09,596
RMSC00001,REminiscence,345,12/27/2020, 17:40:20,596
RMSC00001,REminiscence,345,12/27/2020, 18:25:59,596
RMSC00001,REminiscence,345,12/27/2020, 19:21:02,596
RMSC00001,REminiscence,346,12/27/2020, 20:11:19,596
RMSC00001,REminiscence,346,12/27/2020, 21:10:23,596
RMSC00001,REminiscence,348,12/27/2020, 22:15:07,596
RMSC00001,REminiscence,348,12/27/2020, 23:18:41,596
RMSC00001,REminiscence,348,12/28/2020, 00:35:32,596
RMSC00001,REminiscence,348,12/28/2020, 02:03:13,596
RMSC00001,REminiscence,348,12/28/2020, 03:21:21,596
RMSC00001,REminiscence,348,12/28/2020, 04:21:01,596
RMSC00001,REminiscence,348,12/28/2020, 05:20:19,596
RMSC00001,REminiscence,348,12/28/2020, 06:14:30,596
RMSC00001,REminiscence,348,12/28/2020, 07:20:16,596
RMSC00001,REminiscence,348,12/28/2020, 08:15:36,596
RMSC00001,REminiscence,348,12/28/2020, 09:18:04,596
RMSC00001,REminiscence,348,12/28/2020, 10:18:21,596
RMSC00001,REminiscence,348,12/28/2020, 11:14:50,596
RMSC00001,REminiscence,348,12/28/2020, 12:15:57,596
RMSC00001,REminiscence,349,12/28/2020, 13:23:55,596
RMSC00001,REminiscence,349,12/28/2020, 14:13:42,596
RMSC00001,REminiscence,351,12/28/2020, 15:12:09,596
RMSC00001,REminiscence,352,12/28/2020, 16:24:29,596
RMSC00001,REminiscence,352,12/28/2020, 17:43:13,596
RMSC00001,REminiscence,353,12/28/2020, 18:30:06,596
RMSC00001,REminiscence,355,12/28/2020, 19:24:38,596
RMSC00001,REminiscence,355,12/28/2020, 20:13:31,596
RMSC00001,REminiscence,357,12/28/2020, 21:11:22,596
RMSC00001,REminiscence,358,12/28/2020, 22:15:57,596
RMSC00001,REminiscence,359,12/28/2020, 23:20:30,596
RMSC00001,REminiscence,359,12/29/2020, 00:36:28,596
RMSC00001,REminiscence,361,12/29/2020, 02:04:46,596
RMSC00001,REminiscence,361,12/29/2020, 03:23:22,596
RMSC00001,REminiscence,361,12/29/2020, 04:23:51,596
RMSC00001,REminiscence,361,12/29/2020, 05:22:47,596
RMSC00001,REminiscence,361,12/29/2020, 06:16:05,596
RMSC00001,REminiscence,361,12/29/2020, 07:21:48,596
RMSC00001,REminiscence,361,12/29/2020, 08:16:54,596
RMSC00001,REminiscence,361,12/29/2020, 09:20:35,596
RMSC00001,REminiscence,361,12/29/2020, 10:20:36,596
RMSC00001,REminiscence,361,12/29/2020, 11:17:22,596
RMSC00001,REminiscence,361,12/29/2020, 12:17:03,596
RMSC00001,REminiscence,361,12/29/2020, 13:26:32,596
RMSC00001,REminiscence,361,12/29/2020, 14:14:54,596
RMSC00001,REminiscence,361,12/29/2020, 15:13:06,596
RMSC00001,REminiscence,361,12/29/2020, 16:27:52,596
RMSC00001,REminiscence,361,12/29/2020, 17:47:47,596
RMSC00001,REminiscence,362,12/29/2020, 18:35:25,596
RMSC00001,REminiscence,363,12/29/2020, 19:30:25,596
RMSC00001,REminiscence,363,12/29/2020, 20:16:36,596
RMSC00001,REminiscence,363,12/29/2020, 21:12:47,596
RMSC00001,REminiscence,363,12/29/2020, 22:17:57,596
RMSC00001,REminiscence,363,12/29/2020, 23:22:50,596
RMSC00001,REminiscence,365,12/30/2020, 00:37:47,596
RMSC00001,REminiscence,365,12/30/2020, 02:06:43,596
RMSC00001,REminiscence,365,12/30/2020, 03:23:20,596
RMSC00001,REminiscence,365,12/30/2020, 04:23:23,596
RMSC00001,REminiscence,365,12/30/2020, 05:22:53,596
RMSC00001,REminiscence,365,12/30/2020, 06:16:08,596
RMSC00001,REminiscence,365,12/30/2020, 07:22:14,596
RMSC00001,REminiscence,365,12/30/2020, 08:17:02,596
RMSC00001,REminiscence,365,12/30/2020, 09:20:27,596
RMSC00001,REminiscence,365,12/30/2020, 10:20:34,596
RMSC00001,REminiscence,365,12/30/2020, 11:17:25,596
RMSC00001,REminiscence,366,12/30/2020, 12:16:30,596
RMSC00001,REminiscence,368,12/30/2020, 13:26:00,596
RMSC00001,REminiscence,370,12/30/2020, 14:14:26,596
RMSC00001,REminiscence,370,12/30/2020, 15:12:46,596
RMSC00001,REminiscence,370,12/30/2020, 16:26:52,596
RMSC00001,REminiscence,371,12/30/2020, 17:47:57,596
RMSC00001,REminiscence,371,12/30/2020, 18:35:16,596
RMSC00001,REminiscence,371,12/30/2020, 19:30:47,596
RMSC00001,REminiscence,371,12/30/2020, 20:16:59,596
RMSC00001,REminiscence,372,12/30/2020, 21:13:45,596
RMSC00001,REminiscence,372,12/30/2020, 22:17:18,596
RMSC00001,REminiscence,373,12/30/2020, 23:21:41,596
RMSC00001,REminiscence,373,12/31/2020, 00:39:52,596
RMSC00001,REminiscence,373,12/31/2020, 02:10:05,596
RMSC00001,REminiscence,374,12/31/2020, 03:25:23,596
RMSC00001,REminiscence,374,12/31/2020, 04:26:05,596
RMSC00001,REminiscence,374,12/31/2020, 05:25:42,596
RMSC00001,REminiscence,374,12/31/2020, 06:19:21,596
RMSC00001,REminiscence,375,12/31/2020, 07:24:32,596
RMSC00001,REminiscence,375,12/31/2020, 08:20:56,596
RMSC00001,REminiscence,375,12/31/2020, 09:23:12,596
RMSC00001,REminiscence,376,12/31/2020, 10:24:45,596
RMSC00001,REminiscence,376,12/31/2020, 11:21:44,596
RMSC00001,REminiscence,376,12/31/2020, 12:19:24,596
RMSC00001,REminiscence,376,12/31/2020, 13:29:55,596
RMSC00001,REminiscence,376,12/31/2020, 14:18:49,596
RMSC00001,REminiscence,376,12/31/2020, 15:15:13,596
RMSC00001,REminiscence,376,12/31/2020, 16:30:21,596
RMSC00001,REminiscence,376,12/31/2020, 17:52:37,596
RMSC00001,REminiscence,376,12/31/2020, 18:38:08,596
RMSC00001,REminiscence,376,12/31/2020, 19:30:05,596
RMSC00001,REminiscence,376,12/31/2020, 20:15:45,596
RMSC00001,REminiscence,377,12/31/2020, 21:11:33,596
RMSC00001,REminiscence,377,12/31/2020, 22:16:11,596
RMSC00001,REminiscence,378,12/31/2020, 23:21:54,596
RMSC00001,REminiscence,378,01/01/2021, 00:39:37,596
RMSC00001,REminiscence,379,01/01/2021, 02:12:31,596
RMSC00001,REminiscence,379,01/01/2021, 03:24:48,596
RMSC00001,REminiscence,379,01/01/2021, 04:24:24,596
RMSC00001,REminiscence,379,01/01/2021, 05:23:31,596
RMSC00001,REminiscence,379,01/01/2021, 06:16:56,596
RMSC00001,REminiscence,379,01/01/2021, 07:22:35,596
RMSC00001,REminiscence,379,01/01/2021, 08:18:27,596
RMSC00001,REminiscence,379,01/01/2021, 09:22:03,596
RMSC00001,REminiscence,379,01/01/2021, 10:22:39,596
RMSC00001,REminiscence,379,01/01/2021, 11:19:53,596
RMSC00001,REminiscence,379,01/01/2021, 12:17:27,596
RMSC00001,REminiscence,379,01/01/2021, 13:27:12,596
RMSC00001,REminiscence,379,01/01/2021, 14:15:24,596
RMSC00001,REminiscence,379,01/01/2021, 15:13:24,596
RMSC00001,REminiscence,379,01/01/2021, 16:27:24,596
RMSC00001,REminiscence,380,01/01/2021, 17:47:30,596
RMSC00001,REminiscence,380,01/01/2021, 18:33:22,596
RMSC00001,REminiscence,381,01/01/2021, 19:29:02,596
RMSC00001,REminiscence,381,01/01/2021, 20:15:34,596
RMSC00001,REminiscence,381,01/01/2021, 21:11:55,596
RMSC00001,REminiscence,382,01/01/2021, 22:16:59,596
RMSC00001,REminiscence,386,01/01/2021, 23:22:19,596
RMSC00001,REminiscence,387,01/02/2021, 00:38:17,596
RMSC00001,REminiscence,388,01/02/2021, 02:09:08,596
RMSC00001,REminiscence,389,01/02/2021, 03:24:12,596
RMSC00001,REminiscence,389,01/02/2021, 04:25:20,596
RMSC00001,REminiscence,390,01/02/2021, 05:24:14,596
RMSC00001,REminiscence,390,01/02/2021, 06:17:21,596
RMSC00001,REminiscence,390,01/02/2021, 07:22:44,596
RMSC00001,REminiscence,390,01/02/2021, 08:17:38,596
RMSC00001,REminiscence,390,01/02/2021, 09:20:51,596
RMSC00001,REminiscence,390,01/02/2021, 10:21:31,596
RMSC00001,REminiscence,390,01/02/2021, 11:18:25,596
RMSC00001,REminiscence,390,01/02/2021, 12:16:12,596
RMSC00001,REminiscence,390,01/02/2021, 13:25:18,596
RMSC00001,REminiscence,390,01/02/2021, 14:13:42,596
RMSC00001,REminiscence,390,01/02/2021, 15:12:08,596
RMSC00001,REminiscence,390,01/02/2021, 16:26:09,596
RMSC00001,REminiscence,390,01/02/2021, 17:46:47,596
RMSC00001,REminiscence,390,01/02/2021, 18:32:05,596
RMSC00001,REminiscence,391,01/02/2021, 19:27:36,596
RMSC00001,REminiscence,392,01/02/2021, 20:14:56,596
RMSC00001,REminiscence,392,01/02/2021, 21:11:27,596
RMSC00001,REminiscence,394,01/02/2021, 22:16:45,596
RMSC00001,REminiscence,394,01/02/2021, 23:22:35,596
RMSC00001,REminiscence,394,01/03/2021, 00:40:21,596
RMSC00001,REminiscence,395,01/03/2021, 02:14:27,596
RMSC00001,REminiscence,395,01/03/2021, 03:26:40,596
RMSC00001,REminiscence,395,01/03/2021, 04:25:26,596
RMSC00001,REminiscence,396,01/03/2021, 05:24:36,596
RMSC00001,REminiscence,396,01/03/2021, 06:17:17,596
RMSC00001,REminiscence,397,01/03/2021, 07:23:36,596
RMSC00001,REminiscence,397,01/03/2021, 08:18:56,596
RMSC00001,REminiscence,397,01/03/2021, 09:22:33,596
RMSC00001,REminiscence,397,01/03/2021, 10:22:49,596
RMSC00001,REminiscence,399,01/03/2021, 11:20:03,596
RMSC00001,REminiscence,399,01/03/2021, 12:16:50,596
RMSC00001,REminiscence,400,01/03/2021, 13:26:42,596
RMSC00001,REminiscence,400,01/03/2021, 14:14:37,596
RMSC00001,REminiscence,400,01/03/2021, 15:12:34,596
RMSC00001,REminiscence,400,01/03/2021, 16:27:27,596
RMSC00001,REminiscence,401,01/03/2021, 17:49:09,596
RMSC00001,REminiscence,401,01/03/2021, 18:32:46,596
RMSC00001,REminiscence,401,01/03/2021, 19:28:50,596
