RNPYSSIII,Sakura Succubus III Vita,1,04/07/2022, 10:18:17,812
RNPYSSIII,Sakura Succubus III Vita,1,04/07/2022, 11:12:19,812
RNPYSSIII,Sakura Succubus III Vita,6,04/07/2022, 12:23:55,812
RNPYSSIII,Sakura Succubus III Vita,12,04/07/2022, 13:28:38,812
RNPYSSIII,Sakura Succubus III Vita,16,04/07/2022, 14:14:56,812
RNPYSSIII,Sakura Succubus III Vita,19,04/07/2022, 15:13:09,812
RNPYSSIII,Sakura Succubus III Vita,23,04/07/2022, 16:18:12,812
RNPYSSIII,Sakura Succubus III Vita,27,04/07/2022, 17:17:19,812
RNPYSSIII,Sakura Succubus III Vita,28,04/07/2022, 18:15:42,812
RNPYSSIII,Sakura Succubus III Vita,29,04/07/2022, 19:11:16,812
RNPYSSIII,Sakura Succubus III Vita,32,04/07/2022, 20:14:23,812
RNPYSSIII,Sakura Succubus III Vita,38,04/07/2022, 21:12:23,812
RNPYSSIII,Sakura Succubus III Vita,42,04/07/2022, 22:13:22,812
RNPYSSIII,Sakura Succubus III Vita,48,04/07/2022, 23:13:34,812
RNPYSSIII,Sakura Succubus III Vita,53,04/08/2022, 00:57:46,812
RNPYSSIII,Sakura Succubus III Vita,58,04/08/2022, 02:42:31,812
RNPYSSIII,Sakura Succubus III Vita,63,04/08/2022, 03:32:40,812
RNPYSSIII,Sakura Succubus III Vita,65,04/08/2022, 04:16:19,812
RNPYSSIII,Sakura Succubus III Vita,67,04/08/2022, 05:12:23,812
RNPYSSIII,Sakura Succubus III Vita,70,04/08/2022, 06:16:44,812
RNPYSSIII,Sakura Succubus III Vita,73,04/08/2022, 07:13:56,812
RNPYSSIII,Sakura Succubus III Vita,74,04/08/2022, 08:21:15,812
RNPYSSIII,Sakura Succubus III Vita,76,04/08/2022, 09:18:03,812
RNPYSSIII,Sakura Succubus III Vita,77,04/08/2022, 10:18:22,812
RNPYSSIII,Sakura Succubus III Vita,78,04/08/2022, 11:12:35,812
RNPYSSIII,Sakura Succubus III Vita,80,04/08/2022, 12:24:09,812
RNPYSSIII,Sakura Succubus III Vita,80,04/08/2022, 13:32:17,812
RNPYSSIII,Sakura Succubus III Vita,81,04/08/2022, 14:17:43,812
RNPYSSIII,Sakura Succubus III Vita,82,04/08/2022, 15:19:17,812
RNPYSSIII,Sakura Succubus III Vita,86,04/08/2022, 16:23:21,812
RNPYSSIII,Sakura Succubus III Vita,89,04/08/2022, 17:19:44,812
RNPYSSIII,Sakura Succubus III Vita,90,04/08/2022, 18:20:00,812
RNPYSSIII,Sakura Succubus III Vita,92,04/08/2022, 19:11:55,812
RNPYSSIII,Sakura Succubus III Vita,94,04/08/2022, 20:14:22,812
RNPYSSIII,Sakura Succubus III Vita,97,04/08/2022, 21:17:31,812
RNPYSSIII,Sakura Succubus III Vita,100,04/08/2022, 22:13:40,812
RNPYSSIII,Sakura Succubus III Vita,102,04/08/2022, 23:13:17,812
RNPYSSIII,Sakura Succubus III Vita,102,04/09/2022, 00:56:30,812
RNPYSSIII,Sakura Succubus III Vita,104,04/09/2022, 02:22:49,812
RNPYSSIII,Sakura Succubus III Vita,109,04/09/2022, 03:21:47,812
RNPYSSIII,Sakura Succubus III Vita,111,04/09/2022, 04:16:24,812
RNPYSSIII,Sakura Succubus III Vita,113,04/09/2022, 05:11:56,812
RNPYSSIII,Sakura Succubus III Vita,114,04/09/2022, 06:16:09,812
RNPYSSIII,Sakura Succubus III Vita,118,04/09/2022, 07:12:52,812
RNPYSSIII,Sakura Succubus III Vita,118,04/09/2022, 08:15:25,812
RNPYSSIII,Sakura Succubus III Vita,118,04/09/2022, 09:12:39,812
RNPYSSIII,Sakura Succubus III Vita,120,04/09/2022, 10:13:47,812
RNPYSSIII,Sakura Succubus III Vita,121,04/09/2022, 11:11:20,812
RNPYSSIII,Sakura Succubus III Vita,123,04/09/2022, 12:20:41,812
RNPYSSIII,Sakura Succubus III Vita,124,04/09/2022, 13:19:27,812
RNPYSSIII,Sakura Succubus III Vita,124,04/09/2022, 14:12:10,812
RNPYSSIII,Sakura Succubus III Vita,124,04/09/2022, 15:13:30,812
RNPYSSIII,Sakura Succubus III Vita,126,04/09/2022, 16:17:07,812
RNPYSSIII,Sakura Succubus III Vita,130,04/09/2022, 17:13:57,812
RNPYSSIII,Sakura Succubus III Vita,132,04/09/2022, 18:15:01,812
RNPYSSIII,Sakura Succubus III Vita,132,04/09/2022, 19:10:39,812
RNPYSSIII,Sakura Succubus III Vita,132,04/09/2022, 20:14:05,812
RNPYSSIII,Sakura Succubus III Vita,133,04/09/2022, 21:11:29,812
RNPYSSIII,Sakura Succubus III Vita,133,04/09/2022, 22:13:30,812
RNPYSSIII,Sakura Succubus III Vita,135,04/09/2022, 23:12:52,812
RNPYSSIII,Sakura Succubus III Vita,136,04/10/2022, 00:59:39,812
RNPYSSIII,Sakura Succubus III Vita,138,04/10/2022, 02:37:59,812
RNPYSSIII,Sakura Succubus III Vita,138,04/10/2022, 03:26:51,812
RNPYSSIII,Sakura Succubus III Vita,138,04/10/2022, 04:16:04,812
RNPYSSIII,Sakura Succubus III Vita,138,04/10/2022, 05:12:12,812
RNPYSSIII,Sakura Succubus III Vita,140,04/10/2022, 06:16:07,812
RNPYSSIII,Sakura Succubus III Vita,143,04/10/2022, 07:12:53,812
RNPYSSIII,Sakura Succubus III Vita,143,04/10/2022, 08:15:27,812
RNPYSSIII,Sakura Succubus III Vita,143,04/10/2022, 09:12:52,812
RNPYSSIII,Sakura Succubus III Vita,145,04/10/2022, 10:13:58,812
RNPYSSIII,Sakura Succubus III Vita,146,04/10/2022, 11:11:51,812
RNPYSSIII,Sakura Succubus III Vita,149,04/10/2022, 12:20:52,812
RNPYSSIII,Sakura Succubus III Vita,149,04/10/2022, 13:19:44,812
RNPYSSIII,Sakura Succubus III Vita,151,04/10/2022, 14:11:43,812
RNPYSSIII,Sakura Succubus III Vita,152,04/10/2022, 15:13:29,812
RNPYSSIII,Sakura Succubus III Vita,156,04/10/2022, 16:17:09,812
RNPYSSIII,Sakura Succubus III Vita,156,04/10/2022, 17:14:08,812
RNPYSSIII,Sakura Succubus III Vita,160,04/10/2022, 18:15:40,812
RNPYSSIII,Sakura Succubus III Vita,160,04/10/2022, 19:10:51,812
RNPYSSIII,Sakura Succubus III Vita,160,04/10/2022, 20:13:17,812
RNPYSSIII,Sakura Succubus III Vita,163,04/10/2022, 21:11:27,812
RNPYSSIII,Sakura Succubus III Vita,164,04/10/2022, 22:13:33,812
RNPYSSIII,Sakura Succubus III Vita,164,04/10/2022, 23:12:56,812
RNPYSSIII,Sakura Succubus III Vita,167,04/11/2022, 00:58:12,812
RNPYSSIII,Sakura Succubus III Vita,170,04/11/2022, 02:49:11,812
RNPYSSIII,Sakura Succubus III Vita,171,04/11/2022, 03:40:27,812
RNPYSSIII,Sakura Succubus III Vita,172,04/11/2022, 04:17:46,812
RNPYSSIII,Sakura Succubus III Vita,172,04/11/2022, 05:12:35,812
RNPYSSIII,Sakura Succubus III Vita,173,04/11/2022, 06:17:22,812
RNPYSSIII,Sakura Succubus III Vita,173,04/11/2022, 07:18:07,812
RNPYSSIII,Sakura Succubus III Vita,173,04/11/2022, 08:21:31,812
RNPYSSIII,Sakura Succubus III Vita,174,04/11/2022, 09:13:55,812
RNPYSSIII,Sakura Succubus III Vita,174,04/11/2022, 10:18:38,812
RNPYSSIII,Sakura Succubus III Vita,175,04/11/2022, 11:16:25,812
RNPYSSIII,Sakura Succubus III Vita,175,04/11/2022, 12:28:31,812
RNPYSSIII,Sakura Succubus III Vita,176,04/11/2022, 13:25:40,812
RNPYSSIII,Sakura Succubus III Vita,177,04/11/2022, 14:17:37,812
RNPYSSIII,Sakura Succubus III Vita,178,04/11/2022, 15:19:32,812
RNPYSSIII,Sakura Succubus III Vita,180,04/11/2022, 16:19:18,812
RNPYSSIII,Sakura Succubus III Vita,181,04/11/2022, 17:18:46,812
RNPYSSIII,Sakura Succubus III Vita,182,04/11/2022, 18:17:13,812
RNPYSSIII,Sakura Succubus III Vita,183,04/11/2022, 19:11:19,812
RNPYSSIII,Sakura Succubus III Vita,187,04/11/2022, 20:15:45,812
RNPYSSIII,Sakura Succubus III Vita,190,04/11/2022, 21:12:26,812
RNPYSSIII,Sakura Succubus III Vita,190,04/11/2022, 22:13:23,812
RNPYSSIII,Sakura Succubus III Vita,194,04/11/2022, 23:14:30,812
RNPYSSIII,Sakura Succubus III Vita,195,04/12/2022, 00:57:10,812
RNPYSSIII,Sakura Succubus III Vita,199,04/12/2022, 02:40:22,812
RNPYSSIII,Sakura Succubus III Vita,200,04/12/2022, 03:31:42,812
RNPYSSIII,Sakura Succubus III Vita,203,04/12/2022, 04:16:12,812
RNPYSSIII,Sakura Succubus III Vita,205,04/12/2022, 05:12:31,812
RNPYSSIII,Sakura Succubus III Vita,205,04/12/2022, 06:16:47,812
RNPYSSIII,Sakura Succubus III Vita,206,04/12/2022, 07:13:43,812
RNPYSSIII,Sakura Succubus III Vita,207,04/12/2022, 08:21:56,812
RNPYSSIII,Sakura Succubus III Vita,207,04/12/2022, 09:13:34,812
RNPYSSIII,Sakura Succubus III Vita,207,04/12/2022, 10:20:18,812
RNPYSSIII,Sakura Succubus III Vita,207,04/12/2022, 11:16:16,812
RNPYSSIII,Sakura Succubus III Vita,209,04/12/2022, 12:27:14,812
RNPYSSIII,Sakura Succubus III Vita,209,04/12/2022, 13:28:20,812
RNPYSSIII,Sakura Succubus III Vita,209,04/12/2022, 14:12:56,812
RNPYSSIII,Sakura Succubus III Vita,210,04/12/2022, 15:14:57,812
RNPYSSIII,Sakura Succubus III Vita,211,04/12/2022, 16:22:14,812
RNPYSSIII,Sakura Succubus III Vita,211,04/12/2022, 17:16:43,812
RNPYSSIII,Sakura Succubus III Vita,211,04/12/2022, 18:16:09,812
RNPYSSIII,Sakura Succubus III Vita,211,04/12/2022, 19:11:27,812
RNPYSSIII,Sakura Succubus III Vita,213,04/12/2022, 20:14:10,812
RNPYSSIII,Sakura Succubus III Vita,215,04/12/2022, 21:12:03,812
RNPYSSIII,Sakura Succubus III Vita,216,04/12/2022, 22:13:00,812
RNPYSSIII,Sakura Succubus III Vita,217,04/12/2022, 23:13:35,812
RNPYSSIII,Sakura Succubus III Vita,219,04/13/2022, 01:03:22,812
RNPYSSIII,Sakura Succubus III Vita,221,04/13/2022, 03:00:46,812
RNPYSSIII,Sakura Succubus III Vita,221,04/13/2022, 03:39:49,812
RNPYSSIII,Sakura Succubus III Vita,221,04/13/2022, 04:17:30,812
RNPYSSIII,Sakura Succubus III Vita,221,04/13/2022, 05:12:48,812
RNPYSSIII,Sakura Succubus III Vita,222,04/13/2022, 06:17:12,812
RNPYSSIII,Sakura Succubus III Vita,222,04/13/2022, 07:14:02,812
RNPYSSIII,Sakura Succubus III Vita,223,04/13/2022, 08:17:38,812
RNPYSSIII,Sakura Succubus III Vita,225,04/13/2022, 09:13:33,812
RNPYSSIII,Sakura Succubus III Vita,225,04/13/2022, 10:19:22,812
RNPYSSIII,Sakura Succubus III Vita,226,04/13/2022, 11:14:04,812
RNPYSSIII,Sakura Succubus III Vita,227,04/13/2022, 12:24:56,812
RNPYSSIII,Sakura Succubus III Vita,227,04/13/2022, 13:28:06,812
RNPYSSIII,Sakura Succubus III Vita,228,04/13/2022, 14:20:06,812
RNPYSSIII,Sakura Succubus III Vita,229,04/13/2022, 15:18:38,812
RNPYSSIII,Sakura Succubus III Vita,230,04/13/2022, 16:18:51,812
RNPYSSIII,Sakura Succubus III Vita,234,04/13/2022, 17:22:18,812
RNPYSSIII,Sakura Succubus III Vita,237,04/13/2022, 18:15:36,812
RNPYSSIII,Sakura Succubus III Vita,238,04/13/2022, 19:12:31,812
RNPYSSIII,Sakura Succubus III Vita,242,04/13/2022, 20:17:52,812
RNPYSSIII,Sakura Succubus III Vita,243,04/13/2022, 21:12:30,812
RNPYSSIII,Sakura Succubus III Vita,246,04/13/2022, 22:13:04,812
RNPYSSIII,Sakura Succubus III Vita,248,04/13/2022, 23:13:00,812
RNPYSSIII,Sakura Succubus III Vita,248,04/14/2022, 01:05:26,812
RNPYSSIII,Sakura Succubus III Vita,249,04/14/2022, 03:02:22,812
RNPYSSIII,Sakura Succubus III Vita,250,04/14/2022, 04:16:12,812
RNPYSSIII,Sakura Succubus III Vita,252,04/14/2022, 05:12:56,812
RNPYSSIII,Sakura Succubus III Vita,252,04/14/2022, 06:17:17,812
RNPYSSIII,Sakura Succubus III Vita,253,04/14/2022, 07:13:54,812
RNPYSSIII,Sakura Succubus III Vita,254,04/14/2022, 08:21:45,812
RNPYSSIII,Sakura Succubus III Vita,256,04/14/2022, 09:18:12,812
RNPYSSIII,Sakura Succubus III Vita,257,04/14/2022, 10:14:53,812
RNPYSSIII,Sakura Succubus III Vita,258,04/14/2022, 11:16:18,812
RNPYSSIII,Sakura Succubus III Vita,259,04/14/2022, 12:28:46,812
RNPYSSIII,Sakura Succubus III Vita,261,04/14/2022, 13:27:47,812
RNPYSSIII,Sakura Succubus III Vita,262,04/14/2022, 14:17:17,812
RNPYSSIII,Sakura Succubus III Vita,262,04/14/2022, 15:18:31,812
RNPYSSIII,Sakura Succubus III Vita,266,04/14/2022, 16:19:39,812
RNPYSSIII,Sakura Succubus III Vita,266,04/14/2022, 17:18:17,812
RNPYSSIII,Sakura Succubus III Vita,267,04/14/2022, 18:16:15,812
RNPYSSIII,Sakura Succubus III Vita,267,04/14/2022, 19:12:42,812
RNPYSSIII,Sakura Succubus III Vita,268,04/14/2022, 20:14:57,812
RNPYSSIII,Sakura Succubus III Vita,269,04/14/2022, 21:12:20,812
RNPYSSIII,Sakura Succubus III Vita,270,04/14/2022, 22:14:59,812
RNPYSSIII,Sakura Succubus III Vita,271,04/14/2022, 23:13:34,812
RNPYSSIII,Sakura Succubus III Vita,273,04/15/2022, 01:00:15,812
RNPYSSIII,Sakura Succubus III Vita,275,04/15/2022, 03:06:29,812
RNPYSSIII,Sakura Succubus III Vita,276,04/15/2022, 04:32:05,812
RNPYSSIII,Sakura Succubus III Vita,276,04/15/2022, 05:18:59,812
RNPYSSIII,Sakura Succubus III Vita,278,04/15/2022, 06:16:50,812
RNPYSSIII,Sakura Succubus III Vita,279,04/15/2022, 07:13:37,812
RNPYSSIII,Sakura Succubus III Vita,280,04/15/2022, 08:17:05,812
RNPYSSIII,Sakura Succubus III Vita,280,04/15/2022, 09:13:21,812
RNPYSSIII,Sakura Succubus III Vita,281,04/15/2022, 10:14:49,812
RNPYSSIII,Sakura Succubus III Vita,281,04/15/2022, 11:11:39,812
RNPYSSIII,Sakura Succubus III Vita,281,04/15/2022, 12:21:54,812
RNPYSSIII,Sakura Succubus III Vita,281,04/15/2022, 13:22:49,812
RNPYSSIII,Sakura Succubus III Vita,282,04/15/2022, 14:12:45,812
RNPYSSIII,Sakura Succubus III Vita,282,04/15/2022, 15:14:01,812
RNPYSSIII,Sakura Succubus III Vita,284,04/15/2022, 16:18:18,812
RNPYSSIII,Sakura Succubus III Vita,284,04/15/2022, 17:18:00,812
RNPYSSIII,Sakura Succubus III Vita,286,04/15/2022, 18:16:10,812
RNPYSSIII,Sakura Succubus III Vita,289,04/15/2022, 19:12:11,812
RNPYSSIII,Sakura Succubus III Vita,291,04/15/2022, 20:14:22,812
RNPYSSIII,Sakura Succubus III Vita,294,04/15/2022, 21:12:12,812
RNPYSSIII,Sakura Succubus III Vita,297,04/15/2022, 22:13:16,812
RNPYSSIII,Sakura Succubus III Vita,299,04/15/2022, 23:14:03,812
RNPYSSIII,Sakura Succubus III Vita,300,04/16/2022, 00:58:03,812
RNPYSSIII,Sakura Succubus III Vita,300,04/16/2022, 02:26:02,812
RNPYSSIII,Sakura Succubus III Vita,300,04/16/2022, 03:24:18,812
RNPYSSIII,Sakura Succubus III Vita,301,04/16/2022, 04:16:43,812
RNPYSSIII,Sakura Succubus III Vita,301,04/16/2022, 05:12:08,812
RNPYSSIII,Sakura Succubus III Vita,301,04/16/2022, 06:16:03,812
RNPYSSIII,Sakura Succubus III Vita,302,04/16/2022, 07:12:55,812
RNPYSSIII,Sakura Succubus III Vita,303,04/16/2022, 08:16:06,812
RNPYSSIII,Sakura Succubus III Vita,304,04/16/2022, 09:12:46,812
RNPYSSIII,Sakura Succubus III Vita,304,04/16/2022, 10:15:11,812
RNPYSSIII,Sakura Succubus III Vita,304,04/16/2022, 11:11:45,812
RNPYSSIII,Sakura Succubus III Vita,304,04/16/2022, 12:21:25,812
RNPYSSIII,Sakura Succubus III Vita,304,04/16/2022, 13:20:46,812
RNPYSSIII,Sakura Succubus III Vita,304,04/16/2022, 14:12:13,812
RNPYSSIII,Sakura Succubus III Vita,306,04/16/2022, 15:13:18,812
RNPYSSIII,Sakura Succubus III Vita,307,04/16/2022, 16:17:34,812
RNPYSSIII,Sakura Succubus III Vita,308,04/16/2022, 17:14:33,812
RNPYSSIII,Sakura Succubus III Vita,310,04/16/2022, 18:15:39,812
RNPYSSIII,Sakura Succubus III Vita,310,04/16/2022, 19:10:55,812
RNPYSSIII,Sakura Succubus III Vita,310,04/16/2022, 20:13:20,812
RNPYSSIII,Sakura Succubus III Vita,312,04/16/2022, 21:11:39,812
RNPYSSIII,Sakura Succubus III Vita,314,04/16/2022, 22:12:36,812
RNPYSSIII,Sakura Succubus III Vita,316,04/16/2022, 23:13:07,812
RNPYSSIII,Sakura Succubus III Vita,317,04/17/2022, 01:01:08,812
RNPYSSIII,Sakura Succubus III Vita,318,04/17/2022, 02:52:44,812
RNPYSSIII,Sakura Succubus III Vita,320,04/17/2022, 03:27:09,812
RNPYSSIII,Sakura Succubus III Vita,320,04/17/2022, 04:16:18,812
RNPYSSIII,Sakura Succubus III Vita,321,04/17/2022, 05:12:13,812
RNPYSSIII,Sakura Succubus III Vita,321,04/17/2022, 06:16:10,812
RNPYSSIII,Sakura Succubus III Vita,321,04/17/2022, 07:13:10,812
RNPYSSIII,Sakura Succubus III Vita,323,04/17/2022, 08:16:16,812
RNPYSSIII,Sakura Succubus III Vita,323,04/17/2022, 09:13:16,812
RNPYSSIII,Sakura Succubus III Vita,323,04/17/2022, 10:14:01,812
RNPYSSIII,Sakura Succubus III Vita,323,04/17/2022, 11:11:24,812
RNPYSSIII,Sakura Succubus III Vita,324,04/17/2022, 12:21:15,812
RNPYSSIII,Sakura Succubus III Vita,324,04/17/2022, 13:20:38,812
RNPYSSIII,Sakura Succubus III Vita,325,04/17/2022, 14:12:17,812
RNPYSSIII,Sakura Succubus III Vita,325,04/17/2022, 15:13:25,812
RNPYSSIII,Sakura Succubus III Vita,325,04/17/2022, 16:17:24,812
RNPYSSIII,Sakura Succubus III Vita,325,04/17/2022, 17:14:31,812
RNPYSSIII,Sakura Succubus III Vita,326,04/17/2022, 18:15:34,812
RNPYSSIII,Sakura Succubus III Vita,326,04/17/2022, 19:11:08,812
RNPYSSIII,Sakura Succubus III Vita,327,04/17/2022, 20:13:36,812
RNPYSSIII,Sakura Succubus III Vita,329,04/17/2022, 21:11:39,812
RNPYSSIII,Sakura Succubus III Vita,331,04/17/2022, 22:13:01,812
RNPYSSIII,Sakura Succubus III Vita,331,04/17/2022, 23:13:53,812
RNPYSSIII,Sakura Succubus III Vita,334,04/18/2022, 01:06:43,812
RNPYSSIII,Sakura Succubus III Vita,337,04/18/2022, 03:11:43,812
RNPYSSIII,Sakura Succubus III Vita,339,04/18/2022, 04:20:36,812
RNPYSSIII,Sakura Succubus III Vita,340,04/18/2022, 05:13:57,812
RNPYSSIII,Sakura Succubus III Vita,341,04/18/2022, 06:17:30,812
RNPYSSIII,Sakura Succubus III Vita,341,04/18/2022, 07:13:47,812
RNPYSSIII,Sakura Succubus III Vita,341,04/18/2022, 08:17:15,812
RNPYSSIII,Sakura Succubus III Vita,341,04/18/2022, 09:13:46,812
RNPYSSIII,Sakura Succubus III Vita,341,04/18/2022, 10:15:46,812
RNPYSSIII,Sakura Succubus III Vita,341,04/18/2022, 11:11:53,812
RNPYSSIII,Sakura Succubus III Vita,341,04/18/2022, 12:23:47,812
RNPYSSIII,Sakura Succubus III Vita,341,04/18/2022, 13:25:55,812
RNPYSSIII,Sakura Succubus III Vita,342,04/18/2022, 14:12:53,812
RNPYSSIII,Sakura Succubus III Vita,342,04/18/2022, 15:13:34,812
RNPYSSIII,Sakura Succubus III Vita,343,04/18/2022, 16:19:38,812
RNPYSSIII,Sakura Succubus III Vita,344,04/18/2022, 17:19:43,812
RNPYSSIII,Sakura Succubus III Vita,344,04/18/2022, 18:17:40,812
RNPYSSIII,Sakura Succubus III Vita,346,04/18/2022, 19:11:05,812
RNPYSSIII,Sakura Succubus III Vita,346,04/18/2022, 20:14:40,812
RNPYSSIII,Sakura Succubus III Vita,348,04/18/2022, 21:12:14,812
RNPYSSIII,Sakura Succubus III Vita,349,04/18/2022, 22:14:25,812
RNPYSSIII,Sakura Succubus III Vita,351,04/18/2022, 23:11:13,812
RNPYSSIII,Sakura Succubus III Vita,355,04/19/2022, 01:10:09,812
RNPYSSIII,Sakura Succubus III Vita,356,04/19/2022, 03:20:48,812
RNPYSSIII,Sakura Succubus III Vita,357,04/19/2022, 04:29:34,812
RNPYSSIII,Sakura Succubus III Vita,358,04/19/2022, 05:20:57,812
RNPYSSIII,Sakura Succubus III Vita,359,04/19/2022, 06:17:30,812
RNPYSSIII,Sakura Succubus III Vita,359,04/19/2022, 07:13:37,812
RNPYSSIII,Sakura Succubus III Vita,359,04/19/2022, 08:22:18,812
RNPYSSIII,Sakura Succubus III Vita,359,04/19/2022, 09:13:48,812
RNPYSSIII,Sakura Succubus III Vita,361,04/19/2022, 10:19:28,812
RNPYSSIII,Sakura Succubus III Vita,361,04/19/2022, 11:12:42,812
RNPYSSIII,Sakura Succubus III Vita,361,04/19/2022, 12:32:12,812
RNPYSSIII,Sakura Succubus III Vita,362,04/19/2022, 13:33:13,812
RNPYSSIII,Sakura Succubus III Vita,362,04/19/2022, 14:13:15,812
RNPYSSIII,Sakura Succubus III Vita,363,04/19/2022, 15:14:35,812
RNPYSSIII,Sakura Succubus III Vita,367,04/19/2022, 16:19:29,812
RNPYSSIII,Sakura Succubus III Vita,367,04/19/2022, 17:22:54,812
RNPYSSIII,Sakura Succubus III Vita,367,04/19/2022, 18:17:40,812
RNPYSSIII,Sakura Succubus III Vita,367,04/19/2022, 19:11:37,812
RNPYSSIII,Sakura Succubus III Vita,370,04/19/2022, 20:15:36,812
RNPYSSIII,Sakura Succubus III Vita,374,04/19/2022, 21:12:27,812
RNPYSSIII,Sakura Succubus III Vita,376,04/19/2022, 22:14:45,812
RNPYSSIII,Sakura Succubus III Vita,376,04/19/2022, 23:12:13,812
RNPYSSIII,Sakura Succubus III Vita,376,04/20/2022, 01:16:14,812
RNPYSSIII,Sakura Succubus III Vita,377,04/20/2022, 03:37:16,812
RNPYSSIII,Sakura Succubus III Vita,378,04/20/2022, 04:41:53,812
RNPYSSIII,Sakura Succubus III Vita,378,04/20/2022, 05:31:47,812
RNPYSSIII,Sakura Succubus III Vita,380,04/20/2022, 06:17:38,812
RNPYSSIII,Sakura Succubus III Vita,381,04/20/2022, 07:13:52,812
RNPYSSIII,Sakura Succubus III Vita,381,04/20/2022, 08:24:25,812
RNPYSSIII,Sakura Succubus III Vita,382,04/20/2022, 09:18:18,812
RNPYSSIII,Sakura Succubus III Vita,382,04/20/2022, 10:19:13,812
RNPYSSIII,Sakura Succubus III Vita,384,04/20/2022, 11:16:25,812
RNPYSSIII,Sakura Succubus III Vita,384,04/20/2022, 12:28:08,812
RNPYSSIII,Sakura Succubus III Vita,384,04/20/2022, 13:32:22,812
RNPYSSIII,Sakura Succubus III Vita,384,04/20/2022, 14:13:19,812
RNPYSSIII,Sakura Succubus III Vita,385,04/20/2022, 15:15:47,812
RNPYSSIII,Sakura Succubus III Vita,389,04/20/2022, 16:19:28,812
RNPYSSIII,Sakura Succubus III Vita,389,04/20/2022, 17:24:07,812
RNPYSSIII,Sakura Succubus III Vita,389,04/20/2022, 18:15:54,812
RNPYSSIII,Sakura Succubus III Vita,389,04/20/2022, 19:11:44,812
RNPYSSIII,Sakura Succubus III Vita,389,04/20/2022, 20:15:48,812
RNPYSSIII,Sakura Succubus III Vita,390,04/20/2022, 21:12:00,812
RNPYSSIII,Sakura Succubus III Vita,392,04/20/2022, 22:13:49,812
RNPYSSIII,Sakura Succubus III Vita,394,04/20/2022, 23:15:22,812
RNPYSSIII,Sakura Succubus III Vita,398,04/21/2022, 01:05:29,812
RNPYSSIII,Sakura Succubus III Vita,398,04/21/2022, 03:23:38,812
RNPYSSIII,Sakura Succubus III Vita,401,04/21/2022, 04:39:21,812
RNPYSSIII,Sakura Succubus III Vita,401,04/21/2022, 05:33:29,812
RNPYSSIII,Sakura Succubus III Vita,401,04/21/2022, 06:16:50,812
RNPYSSIII,Sakura Succubus III Vita,402,04/21/2022, 07:13:09,812
RNPYSSIII,Sakura Succubus III Vita,403,04/21/2022, 08:23:14,812
RNPYSSIII,Sakura Succubus III Vita,403,04/21/2022, 09:19:28,812
RNPYSSIII,Sakura Succubus III Vita,403,04/21/2022, 10:20:21,812
RNPYSSIII,Sakura Succubus III Vita,403,04/21/2022, 11:17:22,812
RNPYSSIII,Sakura Succubus III Vita,403,04/21/2022, 12:25:04,812
RNPYSSIII,Sakura Succubus III Vita,404,04/21/2022, 13:32:39,812
RNPYSSIII,Sakura Succubus III Vita,406,04/21/2022, 14:13:46,812
RNPYSSIII,Sakura Succubus III Vita,408,04/21/2022, 15:17:41,812
RNPYSSIII,Sakura Succubus III Vita,408,04/21/2022, 16:22:44,812
RNPYSSIII,Sakura Succubus III Vita,410,04/21/2022, 17:22:57,812
RNPYSSIII,Sakura Succubus III Vita,410,04/21/2022, 18:18:11,812
RNPYSSIII,Sakura Succubus III Vita,410,04/21/2022, 19:10:16,812
RNPYSSIII,Sakura Succubus III Vita,410,04/21/2022, 20:15:53,812
RNPYSSIII,Sakura Succubus III Vita,411,04/21/2022, 21:12:34,812
RNPYSSIII,Sakura Succubus III Vita,411,04/21/2022, 22:13:32,812
RNPYSSIII,Sakura Succubus III Vita,412,04/21/2022, 23:13:40,812
RNPYSSIII,Sakura Succubus III Vita,412,04/22/2022, 01:05:54,812
RNPYSSIII,Sakura Succubus III Vita,413,04/22/2022, 03:41:17,812
RNPYSSIII,Sakura Succubus III Vita,413,04/22/2022, 04:41:56,812
RNPYSSIII,Sakura Succubus III Vita,413,04/22/2022, 05:33:03,812
RNPYSSIII,Sakura Succubus III Vita,415,04/22/2022, 06:17:16,812
RNPYSSIII,Sakura Succubus III Vita,415,04/22/2022, 07:13:34,812
RNPYSSIII,Sakura Succubus III Vita,417,04/22/2022, 08:18:51,812
RNPYSSIII,Sakura Succubus III Vita,418,04/22/2022, 09:19:17,812
RNPYSSIII,Sakura Succubus III Vita,418,04/22/2022, 10:18:08,812
RNPYSSIII,Sakura Succubus III Vita,419,04/22/2022, 11:12:09,812
RNPYSSIII,Sakura Succubus III Vita,422,04/22/2022, 12:30:13,812
RNPYSSIII,Sakura Succubus III Vita,423,04/22/2022, 13:32:51,812
RNPYSSIII,Sakura Succubus III Vita,423,04/22/2022, 14:18:11,812
RNPYSSIII,Sakura Succubus III Vita,424,04/22/2022, 15:14:37,812
RNPYSSIII,Sakura Succubus III Vita,425,04/22/2022, 16:19:57,812
RNPYSSIII,Sakura Succubus III Vita,425,04/22/2022, 17:21:55,812
RNPYSSIII,Sakura Succubus III Vita,425,04/22/2022, 18:16:28,812
RNPYSSIII,Sakura Succubus III Vita,426,04/22/2022, 19:11:44,812
RNPYSSIII,Sakura Succubus III Vita,427,04/22/2022, 20:14:35,812
RNPYSSIII,Sakura Succubus III Vita,427,04/22/2022, 21:12:30,812
RNPYSSIII,Sakura Succubus III Vita,428,04/22/2022, 22:14:18,812
RNPYSSIII,Sakura Succubus III Vita,430,04/22/2022, 23:13:49,812
RNPYSSIII,Sakura Succubus III Vita,430,04/23/2022, 01:00:07,812
RNPYSSIII,Sakura Succubus III Vita,430,04/23/2022, 02:40:49,812
RNPYSSIII,Sakura Succubus III Vita,431,04/23/2022, 03:31:45,812
RNPYSSIII,Sakura Succubus III Vita,431,04/23/2022, 04:16:05,812
RNPYSSIII,Sakura Succubus III Vita,432,04/23/2022, 05:12:06,812
RNPYSSIII,Sakura Succubus III Vita,433,04/23/2022, 06:16:08,812
RNPYSSIII,Sakura Succubus III Vita,434,04/23/2022, 07:13:28,812
RNPYSSIII,Sakura Succubus III Vita,435,04/23/2022, 08:15:45,812
RNPYSSIII,Sakura Succubus III Vita,435,04/23/2022, 09:12:58,812
RNPYSSIII,Sakura Succubus III Vita,435,04/23/2022, 10:14:39,812
RNPYSSIII,Sakura Succubus III Vita,435,04/23/2022, 11:11:20,812
RNPYSSIII,Sakura Succubus III Vita,435,04/23/2022, 12:21:40,812
RNPYSSIII,Sakura Succubus III Vita,436,04/23/2022, 13:21:39,812
RNPYSSIII,Sakura Succubus III Vita,436,04/23/2022, 14:12:41,812
RNPYSSIII,Sakura Succubus III Vita,436,04/23/2022, 15:14:12,812
RNPYSSIII,Sakura Succubus III Vita,436,04/23/2022, 16:18:03,812
RNPYSSIII,Sakura Succubus III Vita,436,04/23/2022, 17:15:27,812
RNPYSSIII,Sakura Succubus III Vita,438,04/23/2022, 18:15:23,812
RNPYSSIII,Sakura Succubus III Vita,441,04/23/2022, 19:11:08,812
RNPYSSIII,Sakura Succubus III Vita,441,04/23/2022, 20:14:13,812
RNPYSSIII,Sakura Succubus III Vita,443,04/23/2022, 21:11:55,812
RNPYSSIII,Sakura Succubus III Vita,445,04/23/2022, 22:13:11,812
RNPYSSIII,Sakura Succubus III Vita,448,04/23/2022, 23:13:36,812
RNPYSSIII,Sakura Succubus III Vita,450,04/24/2022, 00:58:36,812
RNPYSSIII,Sakura Succubus III Vita,453,04/24/2022, 02:36:28,812
RNPYSSIII,Sakura Succubus III Vita,453,04/24/2022, 03:25:20,812
RNPYSSIII,Sakura Succubus III Vita,454,04/24/2022, 04:16:39,812
RNPYSSIII,Sakura Succubus III Vita,454,04/24/2022, 05:12:46,812
RNPYSSIII,Sakura Succubus III Vita,455,04/24/2022, 06:16:39,812
RNPYSSIII,Sakura Succubus III Vita,455,04/24/2022, 07:13:14,812
RNPYSSIII,Sakura Succubus III Vita,456,04/24/2022, 08:16:31,812
RNPYSSIII,Sakura Succubus III Vita,460,04/24/2022, 09:13:31,812
RNPYSSIII,Sakura Succubus III Vita,460,04/24/2022, 10:14:06,812
RNPYSSIII,Sakura Succubus III Vita,460,04/24/2022, 11:11:33,812
RNPYSSIII,Sakura Succubus III Vita,461,04/24/2022, 12:21:26,812
RNPYSSIII,Sakura Succubus III Vita,462,04/24/2022, 13:22:23,812
RNPYSSIII,Sakura Succubus III Vita,462,04/24/2022, 14:12:34,812
RNPYSSIII,Sakura Succubus III Vita,463,04/24/2022, 15:13:43,812
RNPYSSIII,Sakura Succubus III Vita,465,04/24/2022, 16:17:40,812
RNPYSSIII,Sakura Succubus III Vita,466,04/24/2022, 17:15:33,812
RNPYSSIII,Sakura Succubus III Vita,466,04/24/2022, 18:15:34,812
RNPYSSIII,Sakura Succubus III Vita,467,04/24/2022, 19:11:08,812
RNPYSSIII,Sakura Succubus III Vita,469,04/24/2022, 20:14:40,812
RNPYSSIII,Sakura Succubus III Vita,470,04/24/2022, 21:11:52,812
RNPYSSIII,Sakura Succubus III Vita,470,04/24/2022, 22:13:06,812
RNPYSSIII,Sakura Succubus III Vita,471,04/24/2022, 23:13:30,812
RNPYSSIII,Sakura Succubus III Vita,472,04/25/2022, 00:57:52,812
RNPYSSIII,Sakura Succubus III Vita,473,04/25/2022, 02:53:54,812
RNPYSSIII,Sakura Succubus III Vita,475,04/25/2022, 03:42:51,812
RNPYSSIII,Sakura Succubus III Vita,475,04/25/2022, 04:20:59,812
RNPYSSIII,Sakura Succubus III Vita,475,04/25/2022, 05:14:15,812
RNPYSSIII,Sakura Succubus III Vita,477,04/25/2022, 06:18:55,812
RNPYSSIII,Sakura Succubus III Vita,477,04/25/2022, 07:13:48,812
RNPYSSIII,Sakura Succubus III Vita,477,04/25/2022, 08:20:51,812
RNPYSSIII,Sakura Succubus III Vita,477,04/25/2022, 09:14:40,812
RNPYSSIII,Sakura Succubus III Vita,477,04/25/2022, 10:20:14,812
RNPYSSIII,Sakura Succubus III Vita,477,04/25/2022, 11:17:22,812
RNPYSSIII,Sakura Succubus III Vita,480,04/25/2022, 12:29:20,812
RNPYSSIII,Sakura Succubus III Vita,480,04/25/2022, 13:34:18,812
RNPYSSIII,Sakura Succubus III Vita,480,04/25/2022, 14:18:26,812
RNPYSSIII,Sakura Succubus III Vita,481,04/25/2022, 15:20:26,812
RNPYSSIII,Sakura Succubus III Vita,482,04/25/2022, 16:23:13,812
RNPYSSIII,Sakura Succubus III Vita,483,04/25/2022, 17:23:39,812
RNPYSSIII,Sakura Succubus III Vita,484,04/25/2022, 18:23:20,812
RNPYSSIII,Sakura Succubus III Vita,485,04/25/2022, 19:16:21,812
RNPYSSIII,Sakura Succubus III Vita,485,04/25/2022, 20:19:12,812
RNPYSSIII,Sakura Succubus III Vita,485,04/25/2022, 21:12:57,812
RNPYSSIII,Sakura Succubus III Vita,485,04/25/2022, 22:13:53,812
RNPYSSIII,Sakura Succubus III Vita,485,04/25/2022, 23:14:14,812
RNPYSSIII,Sakura Succubus III Vita,487,04/26/2022, 01:04:58,812
RNPYSSIII,Sakura Succubus III Vita,489,04/26/2022, 03:19:19,812
RNPYSSIII,Sakura Succubus III Vita,490,04/26/2022, 04:25:34,812
RNPYSSIII,Sakura Succubus III Vita,491,04/26/2022, 05:16:36,812
RNPYSSIII,Sakura Succubus III Vita,492,04/26/2022, 06:17:07,812
RNPYSSIII,Sakura Succubus III Vita,492,04/26/2022, 07:18:17,812
RNPYSSIII,Sakura Succubus III Vita,492,04/26/2022, 08:22:08,812
RNPYSSIII,Sakura Succubus III Vita,492,04/26/2022, 09:14:40,812
RNPYSSIII,Sakura Succubus III Vita,492,04/26/2022, 10:16:28,812
RNPYSSIII,Sakura Succubus III Vita,492,04/26/2022, 11:17:20,812
RNPYSSIII,Sakura Succubus III Vita,493,04/26/2022, 12:31:29,812
RNPYSSIII,Sakura Succubus III Vita,493,04/26/2022, 13:34:37,812
RNPYSSIII,Sakura Succubus III Vita,493,04/26/2022, 14:13:47,812
RNPYSSIII,Sakura Succubus III Vita,494,04/26/2022, 15:19:29,812
RNPYSSIII,Sakura Succubus III Vita,494,04/26/2022, 16:22:36,812
RNPYSSIII,Sakura Succubus III Vita,494,04/26/2022, 17:24:06,812
RNPYSSIII,Sakura Succubus III Vita,495,04/26/2022, 18:21:11,812
RNPYSSIII,Sakura Succubus III Vita,496,04/26/2022, 19:16:15,812
RNPYSSIII,Sakura Succubus III Vita,498,04/26/2022, 20:18:36,812
RNPYSSIII,Sakura Succubus III Vita,499,04/26/2022, 21:17:36,812
RNPYSSIII,Sakura Succubus III Vita,500,04/26/2022, 22:13:39,812
RNPYSSIII,Sakura Succubus III Vita,500,04/26/2022, 23:14:21,812
RNPYSSIII,Sakura Succubus III Vita,502,04/27/2022, 01:13:37,812
RNPYSSIII,Sakura Succubus III Vita,505,04/27/2022, 03:39:43,812
RNPYSSIII,Sakura Succubus III Vita,505,04/27/2022, 04:39:22,812
RNPYSSIII,Sakura Succubus III Vita,506,04/27/2022, 05:25:24,812
RNPYSSIII,Sakura Succubus III Vita,506,04/27/2022, 06:17:27,812
RNPYSSIII,Sakura Succubus III Vita,507,04/27/2022, 07:18:21,812
RNPYSSIII,Sakura Succubus III Vita,507,04/27/2022, 08:22:32,812
RNPYSSIII,Sakura Succubus III Vita,507,04/27/2022, 09:19:20,812
RNPYSSIII,Sakura Succubus III Vita,507,04/27/2022, 10:20:24,812
RNPYSSIII,Sakura Succubus III Vita,507,04/27/2022, 11:17:25,812
RNPYSSIII,Sakura Succubus III Vita,507,04/27/2022, 12:29:17,812
RNPYSSIII,Sakura Succubus III Vita,507,04/27/2022, 13:31:52,812
RNPYSSIII,Sakura Succubus III Vita,508,04/27/2022, 14:18:41,812
RNPYSSIII,Sakura Succubus III Vita,508,04/27/2022, 15:20:22,812
RNPYSSIII,Sakura Succubus III Vita,508,04/27/2022, 16:19:26,812
RNPYSSIII,Sakura Succubus III Vita,508,04/27/2022, 17:22:46,812
RNPYSSIII,Sakura Succubus III Vita,509,04/27/2022, 18:20:53,812
RNPYSSIII,Sakura Succubus III Vita,509,04/27/2022, 19:16:17,812
RNPYSSIII,Sakura Succubus III Vita,510,04/27/2022, 20:16:11,812
RNPYSSIII,Sakura Succubus III Vita,511,04/27/2022, 21:18:00,812
RNPYSSIII,Sakura Succubus III Vita,511,04/27/2022, 22:14:02,812
RNPYSSIII,Sakura Succubus III Vita,511,04/27/2022, 23:15:26,812
RNPYSSIII,Sakura Succubus III Vita,512,04/28/2022, 01:25:10,812
RNPYSSIII,Sakura Succubus III Vita,513,04/28/2022, 04:07:23,812
RNPYSSIII,Sakura Succubus III Vita,513,04/28/2022, 05:37:33,812
RNPYSSIII,Sakura Succubus III Vita,513,04/28/2022, 06:19:49,812
RNPYSSIII,Sakura Succubus III Vita,513,04/28/2022, 07:17:22,812
RNPYSSIII,Sakura Succubus III Vita,514,04/28/2022, 08:22:17,812
RNPYSSIII,Sakura Succubus III Vita,514,04/28/2022, 09:20:21,812
RNPYSSIII,Sakura Succubus III Vita,514,04/28/2022, 10:15:19,812
RNPYSSIII,Sakura Succubus III Vita,515,04/28/2022, 11:17:40,812
RNPYSSIII,Sakura Succubus III Vita,515,04/28/2022, 12:31:30,812
RNPYSSIII,Sakura Succubus III Vita,516,04/28/2022, 13:38:17,812
RNPYSSIII,Sakura Succubus III Vita,516,04/28/2022, 14:15:50,812
RNPYSSIII,Sakura Succubus III Vita,517,04/28/2022, 15:15:27,812
RNPYSSIII,Sakura Succubus III Vita,518,04/28/2022, 16:21:00,812
RNPYSSIII,Sakura Succubus III Vita,518,04/28/2022, 17:18:38,812
RNPYSSIII,Sakura Succubus III Vita,519,04/28/2022, 18:23:22,812
RNPYSSIII,Sakura Succubus III Vita,519,04/28/2022, 19:11:49,812
RNPYSSIII,Sakura Succubus III Vita,520,04/28/2022, 20:17:38,812
RNPYSSIII,Sakura Succubus III Vita,520,04/28/2022, 21:12:57,812
RNPYSSIII,Sakura Succubus III Vita,522,04/28/2022, 22:13:49,812
RNPYSSIII,Sakura Succubus III Vita,522,04/28/2022, 23:14:08,812
RNPYSSIII,Sakura Succubus III Vita,525,04/29/2022, 01:03:06,812
RNPYSSIII,Sakura Succubus III Vita,530,04/29/2022, 03:22:52,812
RNPYSSIII,Sakura Succubus III Vita,530,04/29/2022, 04:27:17,812
RNPYSSIII,Sakura Succubus III Vita,530,04/29/2022, 05:17:03,812
RNPYSSIII,Sakura Succubus III Vita,530,04/29/2022, 06:17:34,812
RNPYSSIII,Sakura Succubus III Vita,531,04/29/2022, 07:13:40,812
RNPYSSIII,Sakura Succubus III Vita,531,04/29/2022, 08:23:18,812
RNPYSSIII,Sakura Succubus III Vita,531,04/29/2022, 09:19:19,812
RNPYSSIII,Sakura Succubus III Vita,531,04/29/2022, 10:18:30,812
RNPYSSIII,Sakura Succubus III Vita,531,04/29/2022, 11:17:21,812
RNPYSSIII,Sakura Succubus III Vita,532,04/29/2022, 12:30:22,812
RNPYSSIII,Sakura Succubus III Vita,532,04/29/2022, 13:39:10,812
RNPYSSIII,Sakura Succubus III Vita,532,04/29/2022, 14:17:14,812
RNPYSSIII,Sakura Succubus III Vita,532,04/29/2022, 15:14:37,812
RNPYSSIII,Sakura Succubus III Vita,533,04/29/2022, 16:20:55,812
RNPYSSIII,Sakura Succubus III Vita,535,04/29/2022, 17:18:45,812
RNPYSSIII,Sakura Succubus III Vita,535,04/29/2022, 18:16:41,812
RNPYSSIII,Sakura Succubus III Vita,535,04/29/2022, 19:11:24,812
RNPYSSIII,Sakura Succubus III Vita,535,04/29/2022, 20:15:10,812
RNPYSSIII,Sakura Succubus III Vita,537,04/29/2022, 21:13:08,812
RNPYSSIII,Sakura Succubus III Vita,537,04/29/2022, 22:14:21,812
RNPYSSIII,Sakura Succubus III Vita,538,04/29/2022, 23:14:03,812
RNPYSSIII,Sakura Succubus III Vita,538,04/30/2022, 01:10:56,812
RNPYSSIII,Sakura Succubus III Vita,539,04/30/2022, 03:14:10,812
RNPYSSIII,Sakura Succubus III Vita,539,04/30/2022, 04:19:44,812
RNPYSSIII,Sakura Succubus III Vita,539,04/30/2022, 05:13:03,812
RNPYSSIII,Sakura Succubus III Vita,539,04/30/2022, 06:16:50,812
RNPYSSIII,Sakura Succubus III Vita,539,04/30/2022, 07:13:22,812
RNPYSSIII,Sakura Succubus III Vita,539,04/30/2022, 08:16:20,812
RNPYSSIII,Sakura Succubus III Vita,540,04/30/2022, 09:13:05,812
RNPYSSIII,Sakura Succubus III Vita,540,04/30/2022, 10:14:10,812
RNPYSSIII,Sakura Succubus III Vita,540,04/30/2022, 11:11:34,812
RNPYSSIII,Sakura Succubus III Vita,540,04/30/2022, 12:21:58,812
RNPYSSIII,Sakura Succubus III Vita,541,04/30/2022, 13:22:11,812
RNPYSSIII,Sakura Succubus III Vita,541,04/30/2022, 14:12:52,812
RNPYSSIII,Sakura Succubus III Vita,542,04/30/2022, 15:13:59,812
RNPYSSIII,Sakura Succubus III Vita,545,04/30/2022, 16:17:44,812
RNPYSSIII,Sakura Succubus III Vita,545,04/30/2022, 17:15:33,812
RNPYSSIII,Sakura Succubus III Vita,546,04/30/2022, 18:16:02,812
RNPYSSIII,Sakura Succubus III Vita,546,04/30/2022, 19:11:19,812
RNPYSSIII,Sakura Succubus III Vita,546,04/30/2022, 20:14:00,812
RNPYSSIII,Sakura Succubus III Vita,546,04/30/2022, 21:12:33,812
RNPYSSIII,Sakura Succubus III Vita,546,04/30/2022, 22:13:29,812
RNPYSSIII,Sakura Succubus III Vita,547,04/30/2022, 23:13:21,812
RNPYSSIII,Sakura Succubus III Vita,547,05/01/2022, 01:20:51,812
RNPYSSIII,Sakura Succubus III Vita,548,05/01/2022, 03:39:09,812
RNPYSSIII,Sakura Succubus III Vita,548,05/01/2022, 04:32:25,812
RNPYSSIII,Sakura Succubus III Vita,549,05/01/2022, 05:19:12,812
RNPYSSIII,Sakura Succubus III Vita,549,05/01/2022, 06:16:47,812
RNPYSSIII,Sakura Succubus III Vita,549,05/01/2022, 07:13:30,812
RNPYSSIII,Sakura Succubus III Vita,549,05/01/2022, 08:16:37,812
RNPYSSIII,Sakura Succubus III Vita,549,05/01/2022, 09:13:34,812
RNPYSSIII,Sakura Succubus III Vita,549,05/01/2022, 10:15:07,812
RNPYSSIII,Sakura Succubus III Vita,550,05/01/2022, 11:11:53,812
RNPYSSIII,Sakura Succubus III Vita,550,05/01/2022, 12:23:05,812
RNPYSSIII,Sakura Succubus III Vita,550,05/01/2022, 13:23:27,812
RNPYSSIII,Sakura Succubus III Vita,552,05/01/2022, 14:12:44,812
RNPYSSIII,Sakura Succubus III Vita,552,05/01/2022, 15:14:34,812
RNPYSSIII,Sakura Succubus III Vita,553,05/01/2022, 16:18:34,812
RNPYSSIII,Sakura Succubus III Vita,555,05/01/2022, 17:16:25,812
RNPYSSIII,Sakura Succubus III Vita,555,05/01/2022, 18:15:38,812
RNPYSSIII,Sakura Succubus III Vita,556,05/01/2022, 19:12:20,812
RNPYSSIII,Sakura Succubus III Vita,559,05/01/2022, 20:14:20,812
RNPYSSIII,Sakura Succubus III Vita,559,05/01/2022, 21:12:50,812
RNPYSSIII,Sakura Succubus III Vita,561,05/01/2022, 22:13:19,812
RNPYSSIII,Sakura Succubus III Vita,562,05/01/2022, 23:13:41,812
RNPYSSIII,Sakura Succubus III Vita,564,05/02/2022, 01:04:48,812
RNPYSSIII,Sakura Succubus III Vita,568,05/02/2022, 03:51:28,812
RNPYSSIII,Sakura Succubus III Vita,568,05/02/2022, 04:48:07,812
RNPYSSIII,Sakura Succubus III Vita,568,05/02/2022, 05:27:51,812
RNPYSSIII,Sakura Succubus III Vita,569,05/02/2022, 06:17:37,812
RNPYSSIII,Sakura Succubus III Vita,570,05/02/2022, 07:13:54,812
RNPYSSIII,Sakura Succubus III Vita,571,05/02/2022, 08:18:56,812
RNPYSSIII,Sakura Succubus III Vita,571,05/02/2022, 09:14:34,812
RNPYSSIII,Sakura Succubus III Vita,571,05/02/2022, 10:16:50,812
RNPYSSIII,Sakura Succubus III Vita,571,05/02/2022, 11:12:44,812
RNPYSSIII,Sakura Succubus III Vita,572,05/02/2022, 12:27:07,812
RNPYSSIII,Sakura Succubus III Vita,572,05/02/2022, 13:36:33,812
RNPYSSIII,Sakura Succubus III Vita,572,05/02/2022, 14:18:46,812
RNPYSSIII,Sakura Succubus III Vita,572,05/02/2022, 15:19:21,812
RNPYSSIII,Sakura Succubus III Vita,573,05/02/2022, 16:25:20,812
RNPYSSIII,Sakura Succubus III Vita,573,05/02/2022, 17:25:23,812
RNPYSSIII,Sakura Succubus III Vita,574,05/02/2022, 18:21:20,812
RNPYSSIII,Sakura Succubus III Vita,574,05/02/2022, 19:16:17,812
RNPYSSIII,Sakura Succubus III Vita,574,05/02/2022, 20:17:47,812
RNPYSSIII,Sakura Succubus III Vita,574,05/02/2022, 21:15:22,812
RNPYSSIII,Sakura Succubus III Vita,575,05/02/2022, 22:14:10,812
RNPYSSIII,Sakura Succubus III Vita,575,05/02/2022, 23:14:36,812
RNPYSSIII,Sakura Succubus III Vita,575,05/03/2022, 01:09:04,812
RNPYSSIII,Sakura Succubus III Vita,575,05/03/2022, 03:21:19,812
RNPYSSIII,Sakura Succubus III Vita,575,05/03/2022, 04:28:06,812
RNPYSSIII,Sakura Succubus III Vita,575,05/03/2022, 05:18:18,812
RNPYSSIII,Sakura Succubus III Vita,578,05/03/2022, 06:17:26,812
RNPYSSIII,Sakura Succubus III Vita,578,05/03/2022, 07:13:50,812
RNPYSSIII,Sakura Succubus III Vita,579,05/03/2022, 08:22:19,812
RNPYSSIII,Sakura Succubus III Vita,579,05/03/2022, 09:13:56,812
RNPYSSIII,Sakura Succubus III Vita,579,05/03/2022, 10:21:10,812
RNPYSSIII,Sakura Succubus III Vita,579,05/03/2022, 11:16:47,812
RNPYSSIII,Sakura Succubus III Vita,579,05/03/2022, 12:33:33,812
RNPYSSIII,Sakura Succubus III Vita,579,05/03/2022, 13:35:14,812
RNPYSSIII,Sakura Succubus III Vita,582,05/03/2022, 14:16:05,812
RNPYSSIII,Sakura Succubus III Vita,582,05/03/2022, 15:19:33,812
RNPYSSIII,Sakura Succubus III Vita,583,05/03/2022, 16:20:39,812
RNPYSSIII,Sakura Succubus III Vita,584,05/03/2022, 17:25:49,812
RNPYSSIII,Sakura Succubus III Vita,584,05/03/2022, 18:21:18,812
RNPYSSIII,Sakura Succubus III Vita,584,05/03/2022, 19:16:16,812
RNPYSSIII,Sakura Succubus III Vita,585,05/03/2022, 20:19:11,812
RNPYSSIII,Sakura Succubus III Vita,585,05/03/2022, 21:18:19,812
RNPYSSIII,Sakura Succubus III Vita,585,05/03/2022, 22:14:16,812
RNPYSSIII,Sakura Succubus III Vita,586,05/03/2022, 23:12:50,812
RNPYSSIII,Sakura Succubus III Vita,588,05/04/2022, 01:06:47,812
RNPYSSIII,Sakura Succubus III Vita,590,05/04/2022, 03:22:20,812
RNPYSSIII,Sakura Succubus III Vita,590,05/04/2022, 04:27:01,812
RNPYSSIII,Sakura Succubus III Vita,591,05/04/2022, 05:17:19,812
RNPYSSIII,Sakura Succubus III Vita,593,05/04/2022, 06:18:47,812
RNPYSSIII,Sakura Succubus III Vita,594,05/04/2022, 07:13:30,812
RNPYSSIII,Sakura Succubus III Vita,594,05/04/2022, 08:18:25,812
RNPYSSIII,Sakura Succubus III Vita,596,05/04/2022, 09:16:27,812
RNPYSSIII,Sakura Succubus III Vita,596,05/04/2022, 10:15:39,812
RNPYSSIII,Sakura Succubus III Vita,596,05/04/2022, 11:12:47,812
RNPYSSIII,Sakura Succubus III Vita,597,05/04/2022, 12:33:13,812
RNPYSSIII,Sakura Succubus III Vita,597,05/04/2022, 13:34:49,812
RNPYSSIII,Sakura Succubus III Vita,597,05/04/2022, 14:17:27,812
RNPYSSIII,Sakura Succubus III Vita,597,05/04/2022, 15:15:26,812
RNPYSSIII,Sakura Succubus III Vita,598,05/04/2022, 16:26:25,812
RNPYSSIII,Sakura Succubus III Vita,598,05/04/2022, 17:23:58,812
RNPYSSIII,Sakura Succubus III Vita,598,05/04/2022, 18:20:15,812
RNPYSSIII,Sakura Succubus III Vita,598,05/04/2022, 19:12:00,812
RNPYSSIII,Sakura Succubus III Vita,598,05/04/2022, 20:15:32,812
RNPYSSIII,Sakura Succubus III Vita,599,05/04/2022, 21:13:55,812
RNPYSSIII,Sakura Succubus III Vita,599,05/04/2022, 22:13:55,812
RNPYSSIII,Sakura Succubus III Vita,599,05/04/2022, 23:14:21,812
RNPYSSIII,Sakura Succubus III Vita,600,05/05/2022, 01:08:02,812
RNPYSSIII,Sakura Succubus III Vita,605,05/05/2022, 03:19:16,812
RNPYSSIII,Sakura Succubus III Vita,606,05/05/2022, 04:30:26,812
RNPYSSIII,Sakura Succubus III Vita,608,05/05/2022, 05:19:27,812
RNPYSSIII,Sakura Succubus III Vita,608,05/05/2022, 06:18:12,812
RNPYSSIII,Sakura Succubus III Vita,609,05/05/2022, 07:14:15,812
RNPYSSIII,Sakura Succubus III Vita,610,05/05/2022, 08:18:53,812
RNPYSSIII,Sakura Succubus III Vita,610,05/05/2022, 09:19:19,812
RNPYSSIII,Sakura Succubus III Vita,610,05/05/2022, 10:19:53,812
RNPYSSIII,Sakura Succubus III Vita,610,05/05/2022, 11:13:23,812
RNPYSSIII,Sakura Succubus III Vita,610,05/05/2022, 12:31:37,812
RNPYSSIII,Sakura Succubus III Vita,611,05/05/2022, 13:33:30,812
RNPYSSIII,Sakura Succubus III Vita,611,05/05/2022, 14:13:32,812
RNPYSSIII,Sakura Succubus III Vita,611,05/05/2022, 15:13:59,812
RNPYSSIII,Sakura Succubus III Vita,614,05/05/2022, 16:20:03,812
RNPYSSIII,Sakura Succubus III Vita,614,05/05/2022, 17:23:32,812
RNPYSSIII,Sakura Succubus III Vita,614,05/05/2022, 18:16:27,812
RNPYSSIII,Sakura Succubus III Vita,616,05/05/2022, 19:11:47,812
RNPYSSIII,Sakura Succubus III Vita,617,05/05/2022, 20:14:51,812
RNPYSSIII,Sakura Succubus III Vita,619,05/05/2022, 21:13:11,812
RNPYSSIII,Sakura Succubus III Vita,620,05/05/2022, 22:14:46,812
RNPYSSIII,Sakura Succubus III Vita,620,05/05/2022, 23:14:23,812
RNPYSSIII,Sakura Succubus III Vita,621,05/06/2022, 00:59:49,812
RNPYSSIII,Sakura Succubus III Vita,621,05/06/2022, 02:46:58,812
RNPYSSIII,Sakura Succubus III Vita,621,05/06/2022, 03:37:34,812
RNPYSSIII,Sakura Succubus III Vita,621,05/06/2022, 04:17:50,812
RNPYSSIII,Sakura Succubus III Vita,622,05/06/2022, 05:14:00,812
RNPYSSIII,Sakura Succubus III Vita,623,05/06/2022, 06:19:13,812
RNPYSSIII,Sakura Succubus III Vita,623,05/06/2022, 07:13:21,812
RNPYSSIII,Sakura Succubus III Vita,623,05/06/2022, 08:18:05,812
RNPYSSIII,Sakura Succubus III Vita,623,05/06/2022, 09:14:39,812
RNPYSSIII,Sakura Succubus III Vita,624,05/06/2022, 10:15:31,812
RNPYSSIII,Sakura Succubus III Vita,624,05/06/2022, 11:12:13,812
RNPYSSIII,Sakura Succubus III Vita,624,05/06/2022, 12:25:41,812
RNPYSSIII,Sakura Succubus III Vita,624,05/06/2022, 13:31:00,812
RNPYSSIII,Sakura Succubus III Vita,624,05/06/2022, 14:13:49,812
RNPYSSIII,Sakura Succubus III Vita,624,05/06/2022, 15:14:40,812
RNPYSSIII,Sakura Succubus III Vita,625,05/06/2022, 16:19:48,812
RNPYSSIII,Sakura Succubus III Vita,625,05/06/2022, 17:21:27,812
RNPYSSIII,Sakura Succubus III Vita,625,05/06/2022, 18:17:16,812
RNPYSSIII,Sakura Succubus III Vita,626,05/06/2022, 19:11:50,812
RNPYSSIII,Sakura Succubus III Vita,628,05/06/2022, 20:15:12,812
RNPYSSIII,Sakura Succubus III Vita,628,05/06/2022, 21:12:44,812
RNPYSSIII,Sakura Succubus III Vita,628,05/06/2022, 22:13:28,812
RNPYSSIII,Sakura Succubus III Vita,628,05/06/2022, 23:13:55,812
RNPYSSIII,Sakura Succubus III Vita,628,05/07/2022, 00:59:40,812
RNPYSSIII,Sakura Succubus III Vita,628,05/07/2022, 02:39:24,812
RNPYSSIII,Sakura Succubus III Vita,629,05/07/2022, 03:32:23,812
RNPYSSIII,Sakura Succubus III Vita,629,05/07/2022, 04:16:31,812
RNPYSSIII,Sakura Succubus III Vita,629,05/07/2022, 05:12:10,812
RNPYSSIII,Sakura Succubus III Vita,630,05/07/2022, 06:17:07,812
RNPYSSIII,Sakura Succubus III Vita,631,05/07/2022, 07:13:16,812
RNPYSSIII,Sakura Succubus III Vita,631,05/07/2022, 08:17:12,812
RNPYSSIII,Sakura Succubus III Vita,632,05/07/2022, 09:13:14,812
RNPYSSIII,Sakura Succubus III Vita,634,05/07/2022, 10:14:54,812
RNPYSSIII,Sakura Succubus III Vita,634,05/07/2022, 11:11:59,812
RNPYSSIII,Sakura Succubus III Vita,634,05/07/2022, 12:22:45,812
RNPYSSIII,Sakura Succubus III Vita,634,05/07/2022, 13:23:06,812
RNPYSSIII,Sakura Succubus III Vita,634,05/07/2022, 14:12:26,812
RNPYSSIII,Sakura Succubus III Vita,636,05/07/2022, 15:14:15,812
RNPYSSIII,Sakura Succubus III Vita,636,05/07/2022, 16:17:50,812
RNPYSSIII,Sakura Succubus III Vita,636,05/07/2022, 17:15:48,812
RNPYSSIII,Sakura Succubus III Vita,637,05/07/2022, 18:15:40,812
RNPYSSIII,Sakura Succubus III Vita,637,05/07/2022, 19:13:08,812
RNPYSSIII,Sakura Succubus III Vita,637,05/07/2022, 20:14:27,812
RNPYSSIII,Sakura Succubus III Vita,637,05/07/2022, 21:12:45,812
RNPYSSIII,Sakura Succubus III Vita,638,05/07/2022, 22:13:04,812
RNPYSSIII,Sakura Succubus III Vita,638,05/07/2022, 23:13:46,812
RNPYSSIII,Sakura Succubus III Vita,638,05/08/2022, 01:01:14,812
RNPYSSIII,Sakura Succubus III Vita,640,05/08/2022, 03:11:09,812
RNPYSSIII,Sakura Succubus III Vita,640,05/08/2022, 04:19:16,812
RNPYSSIII,Sakura Succubus III Vita,640,05/08/2022, 05:13:21,812
RNPYSSIII,Sakura Succubus III Vita,643,05/08/2022, 06:17:20,812
RNPYSSIII,Sakura Succubus III Vita,644,05/08/2022, 07:13:34,812
RNPYSSIII,Sakura Succubus III Vita,646,05/08/2022, 08:16:59,812
RNPYSSIII,Sakura Succubus III Vita,646,05/08/2022, 09:13:39,812
RNPYSSIII,Sakura Succubus III Vita,647,05/08/2022, 10:15:18,812
RNPYSSIII,Sakura Succubus III Vita,647,05/08/2022, 11:11:57,812
RNPYSSIII,Sakura Succubus III Vita,648,05/08/2022, 12:22:30,812
RNPYSSIII,Sakura Succubus III Vita,648,05/08/2022, 13:24:26,812
RNPYSSIII,Sakura Succubus III Vita,648,05/08/2022, 14:12:47,812
RNPYSSIII,Sakura Succubus III Vita,650,05/08/2022, 15:13:58,812
RNPYSSIII,Sakura Succubus III Vita,654,05/08/2022, 16:17:47,812
RNPYSSIII,Sakura Succubus III Vita,656,05/08/2022, 17:15:56,812
RNPYSSIII,Sakura Succubus III Vita,656,05/08/2022, 18:15:38,812
RNPYSSIII,Sakura Succubus III Vita,657,05/08/2022, 19:11:35,812
RNPYSSIII,Sakura Succubus III Vita,659,05/08/2022, 20:14:19,812
RNPYSSIII,Sakura Succubus III Vita,660,05/08/2022, 21:12:13,812
RNPYSSIII,Sakura Succubus III Vita,662,05/08/2022, 22:14:26,812
RNPYSSIII,Sakura Succubus III Vita,664,05/08/2022, 23:13:39,812
RNPYSSIII,Sakura Succubus III Vita,665,05/09/2022, 01:04:32,812
RNPYSSIII,Sakura Succubus III Vita,666,05/09/2022, 03:17:50,812
RNPYSSIII,Sakura Succubus III Vita,666,05/09/2022, 04:27:07,812
RNPYSSIII,Sakura Succubus III Vita,666,05/09/2022, 05:18:00,812
RNPYSSIII,Sakura Succubus III Vita,666,05/09/2022, 06:18:16,812
RNPYSSIII,Sakura Succubus III Vita,666,05/09/2022, 07:13:59,812
RNPYSSIII,Sakura Succubus III Vita,667,05/09/2022, 08:18:00,812
RNPYSSIII,Sakura Succubus III Vita,667,05/09/2022, 09:14:53,812
RNPYSSIII,Sakura Succubus III Vita,667,05/09/2022, 10:15:44,812
RNPYSSIII,Sakura Succubus III Vita,667,05/09/2022, 11:12:54,812
RNPYSSIII,Sakura Succubus III Vita,667,05/09/2022, 12:27:47,812
RNPYSSIII,Sakura Succubus III Vita,667,05/09/2022, 13:35:21,812
RNPYSSIII,Sakura Succubus III Vita,670,05/09/2022, 14:12:42,812
RNPYSSIII,Sakura Succubus III Vita,670,05/09/2022, 15:15:07,812
RNPYSSIII,Sakura Succubus III Vita,671,05/09/2022, 16:26:25,812
RNPYSSIII,Sakura Succubus III Vita,671,05/09/2022, 17:27:20,812
RNPYSSIII,Sakura Succubus III Vita,671,05/09/2022, 18:21:35,812
RNPYSSIII,Sakura Succubus III Vita,672,05/09/2022, 19:15:25,812
RNPYSSIII,Sakura Succubus III Vita,674,05/09/2022, 20:18:08,812
RNPYSSIII,Sakura Succubus III Vita,674,05/09/2022, 21:13:16,812
RNPYSSIII,Sakura Succubus III Vita,674,05/09/2022, 22:13:58,812
RNPYSSIII,Sakura Succubus III Vita,675,05/09/2022, 23:14:03,812
RNPYSSIII,Sakura Succubus III Vita,677,05/10/2022, 01:00:10,812
RNPYSSIII,Sakura Succubus III Vita,677,05/10/2022, 02:24:51,812
RNPYSSIII,Sakura Succubus III Vita,677,05/10/2022, 03:23:34,812
RNPYSSIII,Sakura Succubus III Vita,678,05/10/2022, 04:17:39,812
RNPYSSIII,Sakura Succubus III Vita,678,05/10/2022, 05:13:53,812
RNPYSSIII,Sakura Succubus III Vita,678,05/10/2022, 06:17:27,812
RNPYSSIII,Sakura Succubus III Vita,678,05/10/2022, 07:14:02,812
RNPYSSIII,Sakura Succubus III Vita,679,05/10/2022, 08:19:19,812
RNPYSSIII,Sakura Succubus III Vita,679,05/10/2022, 09:19:43,812
RNPYSSIII,Sakura Succubus III Vita,679,05/10/2022, 10:15:23,812
RNPYSSIII,Sakura Succubus III Vita,679,05/10/2022, 11:13:20,812
RNPYSSIII,Sakura Succubus III Vita,679,05/10/2022, 12:33:36,812
RNPYSSIII,Sakura Succubus III Vita,680,05/10/2022, 13:43:48,812
RNPYSSIII,Sakura Succubus III Vita,680,05/10/2022, 14:22:30,812
RNPYSSIII,Sakura Succubus III Vita,680,05/10/2022, 15:19:21,812
RNPYSSIII,Sakura Succubus III Vita,680,05/10/2022, 16:22:12,812
RNPYSSIII,Sakura Succubus III Vita,681,05/10/2022, 17:24:33,812
RNPYSSIII,Sakura Succubus III Vita,681,05/10/2022, 18:22:22,812
RNPYSSIII,Sakura Succubus III Vita,682,05/10/2022, 19:16:13,812
RNPYSSIII,Sakura Succubus III Vita,683,05/10/2022, 20:21:13,812
RNPYSSIII,Sakura Succubus III Vita,684,05/10/2022, 21:17:17,812
RNPYSSIII,Sakura Succubus III Vita,684,05/10/2022, 22:13:52,812
RNPYSSIII,Sakura Succubus III Vita,684,05/10/2022, 23:14:37,812
RNPYSSIII,Sakura Succubus III Vita,684,05/11/2022, 01:12:21,812
RNPYSSIII,Sakura Succubus III Vita,686,05/11/2022, 03:18:13,812
RNPYSSIII,Sakura Succubus III Vita,687,05/11/2022, 04:32:39,812
RNPYSSIII,Sakura Succubus III Vita,687,05/11/2022, 05:23:51,812
RNPYSSIII,Sakura Succubus III Vita,687,05/11/2022, 06:20:51,812
RNPYSSIII,Sakura Succubus III Vita,687,05/11/2022, 07:19:16,812
RNPYSSIII,Sakura Succubus III Vita,687,05/11/2022, 08:24:14,812
RNPYSSIII,Sakura Succubus III Vita,688,05/11/2022, 09:18:18,812
RNPYSSIII,Sakura Succubus III Vita,690,05/11/2022, 10:20:24,812
RNPYSSIII,Sakura Succubus III Vita,690,05/11/2022, 11:14:21,812
RNPYSSIII,Sakura Succubus III Vita,692,05/11/2022, 12:34:20,812
RNPYSSIII,Sakura Succubus III Vita,692,05/11/2022, 13:36:43,812
RNPYSSIII,Sakura Succubus III Vita,692,05/11/2022, 14:14:09,812
RNPYSSIII,Sakura Succubus III Vita,692,05/11/2022, 15:15:56,812
RNPYSSIII,Sakura Succubus III Vita,693,05/11/2022, 16:25:46,812
RNPYSSIII,Sakura Succubus III Vita,693,05/11/2022, 17:31:26,812
RNPYSSIII,Sakura Succubus III Vita,693,05/11/2022, 18:21:19,812
RNPYSSIII,Sakura Succubus III Vita,694,05/11/2022, 19:12:44,812
RNPYSSIII,Sakura Succubus III Vita,695,05/11/2022, 20:19:37,812
RNPYSSIII,Sakura Succubus III Vita,695,05/11/2022, 21:12:31,812
RNPYSSIII,Sakura Succubus III Vita,696,05/11/2022, 22:13:59,812
RNPYSSIII,Sakura Succubus III Vita,696,05/11/2022, 23:14:49,812
RNPYSSIII,Sakura Succubus III Vita,697,05/12/2022, 01:08:53,812
RNPYSSIII,Sakura Succubus III Vita,700,05/12/2022, 03:11:40,812
RNPYSSIII,Sakura Succubus III Vita,701,05/12/2022, 04:24:54,812
RNPYSSIII,Sakura Succubus III Vita,702,05/12/2022, 05:20:48,812
RNPYSSIII,Sakura Succubus III Vita,702,05/12/2022, 06:19:20,812
RNPYSSIII,Sakura Succubus III Vita,702,05/12/2022, 07:14:17,812
RNPYSSIII,Sakura Succubus III Vita,703,05/12/2022, 08:22:22,812
RNPYSSIII,Sakura Succubus III Vita,703,05/12/2022, 09:20:00,812
RNPYSSIII,Sakura Succubus III Vita,703,05/12/2022, 10:17:36,812
RNPYSSIII,Sakura Succubus III Vita,703,05/12/2022, 11:17:15,812
RNPYSSIII,Sakura Succubus III Vita,707,05/12/2022, 12:32:28,812
RNPYSSIII,Sakura Succubus III Vita,708,05/12/2022, 13:40:35,812
RNPYSSIII,Sakura Succubus III Vita,710,05/12/2022, 14:17:53,812
RNPYSSIII,Sakura Succubus III Vita,712,05/12/2022, 15:15:21,812
RNPYSSIII,Sakura Succubus III Vita,712,05/12/2022, 16:25:36,812
RNPYSSIII,Sakura Succubus III Vita,713,05/12/2022, 17:26:10,812
RNPYSSIII,Sakura Succubus III Vita,714,05/12/2022, 19:11:21,812
RNPYSSIII,Sakura Succubus III Vita,714,05/12/2022, 20:15:27,812
RNPYSSIII,Sakura Succubus III Vita,714,05/12/2022, 21:11:42,812
RNPYSSIII,Sakura Succubus III Vita,714,05/12/2022, 22:15:42,812
RNPYSSIII,Sakura Succubus III Vita,715,05/12/2022, 23:15:08,812
RNPYSSIII,Sakura Succubus III Vita,718,05/13/2022, 01:15:46,812
RNPYSSIII,Sakura Succubus III Vita,719,05/13/2022, 03:46:49,812
RNPYSSIII,Sakura Succubus III Vita,722,05/13/2022, 04:50:05,812
RNPYSSIII,Sakura Succubus III Vita,722,05/13/2022, 05:38:15,812
RNPYSSIII,Sakura Succubus III Vita,722,05/13/2022, 06:21:02,812
RNPYSSIII,Sakura Succubus III Vita,722,05/13/2022, 07:14:55,812
RNPYSSIII,Sakura Succubus III Vita,723,05/13/2022, 08:21:23,812
RNPYSSIII,Sakura Succubus III Vita,724,05/13/2022, 09:19:18,812
RNPYSSIII,Sakura Succubus III Vita,724,05/13/2022, 10:21:24,812
RNPYSSIII,Sakura Succubus III Vita,725,05/13/2022, 11:13:05,812
RNPYSSIII,Sakura Succubus III Vita,725,05/13/2022, 12:38:19,812
RNPYSSIII,Sakura Succubus III Vita,725,05/13/2022, 13:47:25,812
RNPYSSIII,Sakura Succubus III Vita,725,05/13/2022, 14:21:11,812
RNPYSSIII,Sakura Succubus III Vita,726,05/13/2022, 15:18:13,812
RNPYSSIII,Sakura Succubus III Vita,726,05/13/2022, 16:25:25,812
RNPYSSIII,Sakura Succubus III Vita,726,05/13/2022, 17:23:28,812
RNPYSSIII,Sakura Succubus III Vita,726,05/13/2022, 18:18:25,812
RNPYSSIII,Sakura Succubus III Vita,726,05/13/2022, 19:12:26,812
RNPYSSIII,Sakura Succubus III Vita,727,05/13/2022, 20:16:27,812
RNPYSSIII,Sakura Succubus III Vita,727,05/13/2022, 21:12:55,812
RNPYSSIII,Sakura Succubus III Vita,729,05/13/2022, 22:14:03,812
RNPYSSIII,Sakura Succubus III Vita,730,05/13/2022, 23:15:22,812
RNPYSSIII,Sakura Succubus III Vita,731,05/14/2022, 01:18:01,812
RNPYSSIII,Sakura Succubus III Vita,732,05/14/2022, 03:59:48,812
RNPYSSIII,Sakura Succubus III Vita,732,05/14/2022, 05:25:55,812
RNPYSSIII,Sakura Succubus III Vita,733,05/14/2022, 06:34:20,812
RNPYSSIII,Sakura Succubus III Vita,733,05/14/2022, 07:19:24,812
RNPYSSIII,Sakura Succubus III Vita,733,05/14/2022, 08:17:12,812
RNPYSSIII,Sakura Succubus III Vita,733,05/14/2022, 09:13:46,812
RNPYSSIII,Sakura Succubus III Vita,733,05/14/2022, 10:15:31,812
RNPYSSIII,Sakura Succubus III Vita,734,05/14/2022, 11:11:56,812
RNPYSSIII,Sakura Succubus III Vita,734,05/14/2022, 12:26:55,812
RNPYSSIII,Sakura Succubus III Vita,734,05/14/2022, 13:33:30,812
RNPYSSIII,Sakura Succubus III Vita,734,05/14/2022, 14:13:03,812
RNPYSSIII,Sakura Succubus III Vita,735,05/14/2022, 15:14:20,812
RNPYSSIII,Sakura Succubus III Vita,735,05/14/2022, 16:18:01,812
RNPYSSIII,Sakura Succubus III Vita,736,05/14/2022, 17:18:06,812
RNPYSSIII,Sakura Succubus III Vita,736,05/14/2022, 18:16:48,812
RNPYSSIII,Sakura Succubus III Vita,736,05/14/2022, 19:11:38,812
RNPYSSIII,Sakura Succubus III Vita,736,05/14/2022, 20:13:54,812
RNPYSSIII,Sakura Succubus III Vita,737,05/14/2022, 21:12:35,812
RNPYSSIII,Sakura Succubus III Vita,740,05/14/2022, 22:14:25,812
RNPYSSIII,Sakura Succubus III Vita,742,05/14/2022, 23:14:16,812
RNPYSSIII,Sakura Succubus III Vita,742,05/15/2022, 01:16:56,812
RNPYSSIII,Sakura Succubus III Vita,743,05/15/2022, 03:13:04,812
RNPYSSIII,Sakura Succubus III Vita,743,05/15/2022, 04:21:13,812
RNPYSSIII,Sakura Succubus III Vita,743,05/15/2022, 05:16:47,812
RNPYSSIII,Sakura Succubus III Vita,743,05/15/2022, 06:17:28,812
RNPYSSIII,Sakura Succubus III Vita,743,05/15/2022, 07:13:15,812
RNPYSSIII,Sakura Succubus III Vita,743,05/15/2022, 08:16:59,812
RNPYSSIII,Sakura Succubus III Vita,743,05/15/2022, 09:14:22,812
RNPYSSIII,Sakura Succubus III Vita,744,05/15/2022, 10:16:04,812
RNPYSSIII,Sakura Succubus III Vita,744,05/15/2022, 11:12:15,812
RNPYSSIII,Sakura Succubus III Vita,744,05/15/2022, 12:25:42,812
RNPYSSIII,Sakura Succubus III Vita,744,05/15/2022, 13:29:16,812
RNPYSSIII,Sakura Succubus III Vita,745,05/15/2022, 14:12:53,812
RNPYSSIII,Sakura Succubus III Vita,745,05/15/2022, 15:14:03,812
RNPYSSIII,Sakura Succubus III Vita,745,05/15/2022, 16:18:53,812
RNPYSSIII,Sakura Succubus III Vita,747,05/15/2022, 17:19:16,812
RNPYSSIII,Sakura Succubus III Vita,750,05/15/2022, 18:26:56,812
RNPYSSIII,Sakura Succubus III Vita,750,05/15/2022, 19:11:47,812
RNPYSSIII,Sakura Succubus III Vita,751,05/15/2022, 20:15:00,812
RNPYSSIII,Sakura Succubus III Vita,751,05/15/2022, 21:12:23,812
RNPYSSIII,Sakura Succubus III Vita,753,05/15/2022, 22:13:18,812
RNPYSSIII,Sakura Succubus III Vita,754,05/15/2022, 23:14:03,812
RNPYSSIII,Sakura Succubus III Vita,755,05/16/2022, 01:08:15,812
RNPYSSIII,Sakura Succubus III Vita,755,05/16/2022, 02:58:37,812
RNPYSSIII,Sakura Succubus III Vita,755,05/16/2022, 03:38:14,812
RNPYSSIII,Sakura Succubus III Vita,756,05/16/2022, 04:21:09,812
RNPYSSIII,Sakura Succubus III Vita,756,05/16/2022, 05:19:08,812
RNPYSSIII,Sakura Succubus III Vita,756,05/16/2022, 06:20:09,812
RNPYSSIII,Sakura Succubus III Vita,756,05/16/2022, 07:17:00,812
RNPYSSIII,Sakura Succubus III Vita,756,05/16/2022, 08:18:55,812
RNPYSSIII,Sakura Succubus III Vita,756,05/16/2022, 09:14:31,812
RNPYSSIII,Sakura Succubus III Vita,756,05/16/2022, 10:17:12,812
RNPYSSIII,Sakura Succubus III Vita,756,05/16/2022, 11:12:36,812
RNPYSSIII,Sakura Succubus III Vita,758,05/16/2022, 12:29:07,812
RNPYSSIII,Sakura Succubus III Vita,760,05/16/2022, 13:38:07,812
RNPYSSIII,Sakura Succubus III Vita,760,05/16/2022, 14:14:51,812
RNPYSSIII,Sakura Succubus III Vita,760,05/16/2022, 15:16:15,812
RNPYSSIII,Sakura Succubus III Vita,762,05/16/2022, 16:22:16,812
RNPYSSIII,Sakura Succubus III Vita,763,05/16/2022, 17:20:07,812
RNPYSSIII,Sakura Succubus III Vita,763,05/16/2022, 18:18:47,812
RNPYSSIII,Sakura Succubus III Vita,763,05/16/2022, 19:11:39,812
RNPYSSIII,Sakura Succubus III Vita,765,05/16/2022, 20:15:47,812
RNPYSSIII,Sakura Succubus III Vita,766,05/16/2022, 21:13:16,812
RNPYSSIII,Sakura Succubus III Vita,770,05/16/2022, 22:14:06,812
RNPYSSIII,Sakura Succubus III Vita,771,05/16/2022, 23:14:38,812
RNPYSSIII,Sakura Succubus III Vita,773,05/17/2022, 01:05:46,812
RNPYSSIII,Sakura Succubus III Vita,773,05/17/2022, 03:22:28,812
RNPYSSIII,Sakura Succubus III Vita,773,05/17/2022, 04:29:27,812
RNPYSSIII,Sakura Succubus III Vita,774,05/17/2022, 05:18:49,812
RNPYSSIII,Sakura Succubus III Vita,774,05/17/2022, 06:18:22,812
RNPYSSIII,Sakura Succubus III Vita,774,05/17/2022, 07:13:35,812
RNPYSSIII,Sakura Succubus III Vita,774,05/17/2022, 08:18:55,812
RNPYSSIII,Sakura Succubus III Vita,774,05/17/2022, 09:14:20,812
RNPYSSIII,Sakura Succubus III Vita,774,05/17/2022, 10:15:35,812
RNPYSSIII,Sakura Succubus III Vita,774,05/17/2022, 11:12:19,812
RNPYSSIII,Sakura Succubus III Vita,774,05/17/2022, 12:28:52,812
RNPYSSIII,Sakura Succubus III Vita,774,05/17/2022, 13:32:57,812
RNPYSSIII,Sakura Succubus III Vita,774,05/17/2022, 14:12:17,812
RNPYSSIII,Sakura Succubus III Vita,774,05/17/2022, 15:15:07,812
RNPYSSIII,Sakura Succubus III Vita,775,05/17/2022, 16:20:54,812
RNPYSSIII,Sakura Succubus III Vita,778,05/17/2022, 17:21:13,812
RNPYSSIII,Sakura Succubus III Vita,779,05/17/2022, 18:17:48,812
RNPYSSIII,Sakura Succubus III Vita,780,05/17/2022, 19:10:11,812
RNPYSSIII,Sakura Succubus III Vita,780,05/17/2022, 20:15:04,812
RNPYSSIII,Sakura Succubus III Vita,780,05/17/2022, 21:10:55,812
RNPYSSIII,Sakura Succubus III Vita,782,05/17/2022, 22:14:51,812
RNPYSSIII,Sakura Succubus III Vita,783,05/17/2022, 23:14:20,812
RNPYSSIII,Sakura Succubus III Vita,783,05/18/2022, 00:55:41,812
RNPYSSIII,Sakura Succubus III Vita,783,05/18/2022, 02:53:42,812
RNPYSSIII,Sakura Succubus III Vita,783,05/18/2022, 03:51:43,812
RNPYSSIII,Sakura Succubus III Vita,784,05/18/2022, 04:26:52,812
RNPYSSIII,Sakura Succubus III Vita,784,05/18/2022, 05:18:44,812
RNPYSSIII,Sakura Succubus III Vita,784,05/18/2022, 06:18:25,812
RNPYSSIII,Sakura Succubus III Vita,784,05/18/2022, 07:13:34,812
RNPYSSIII,Sakura Succubus III Vita,784,05/18/2022, 08:17:27,812
RNPYSSIII,Sakura Succubus III Vita,784,05/18/2022, 09:17:27,812
RNPYSSIII,Sakura Succubus III Vita,784,05/18/2022, 10:15:41,812
RNPYSSIII,Sakura Succubus III Vita,784,05/18/2022, 11:12:20,812
RNPYSSIII,Sakura Succubus III Vita,784,05/18/2022, 12:27:38,812
RNPYSSIII,Sakura Succubus III Vita,784,05/18/2022, 13:37:20,812
RNPYSSIII,Sakura Succubus III Vita,784,05/18/2022, 14:16:12,812
RNPYSSIII,Sakura Succubus III Vita,784,05/18/2022, 15:15:12,812
RNPYSSIII,Sakura Succubus III Vita,784,05/18/2022, 16:19:36,812
RNPYSSIII,Sakura Succubus III Vita,784,05/18/2022, 17:21:31,812
RNPYSSIII,Sakura Succubus III Vita,785,05/18/2022, 18:19:12,812
RNPYSSIII,Sakura Succubus III Vita,786,05/18/2022, 19:12:09,812
RNPYSSIII,Sakura Succubus III Vita,786,05/18/2022, 20:15:19,812
RNPYSSIII,Sakura Succubus III Vita,786,05/18/2022, 21:13:28,812
RNPYSSIII,Sakura Succubus III Vita,787,05/18/2022, 22:14:05,812
RNPYSSIII,Sakura Succubus III Vita,787,05/18/2022, 23:14:12,812
RNPYSSIII,Sakura Succubus III Vita,789,05/19/2022, 01:16:46,812
RNPYSSIII,Sakura Succubus III Vita,790,05/19/2022, 03:23:06,812
RNPYSSIII,Sakura Succubus III Vita,790,05/19/2022, 04:29:14,812
RNPYSSIII,Sakura Succubus III Vita,790,05/19/2022, 05:18:59,812
RNPYSSIII,Sakura Succubus III Vita,790,05/19/2022, 06:18:07,812
RNPYSSIII,Sakura Succubus III Vita,790,05/19/2022, 07:13:57,812
RNPYSSIII,Sakura Succubus III Vita,790,05/19/2022, 08:18:29,812
RNPYSSIII,Sakura Succubus III Vita,791,05/19/2022, 09:14:52,812
RNPYSSIII,Sakura Succubus III Vita,792,05/19/2022, 10:16:34,812
RNPYSSIII,Sakura Succubus III Vita,793,05/19/2022, 11:12:37,812
RNPYSSIII,Sakura Succubus III Vita,794,05/19/2022, 12:27:11,812
RNPYSSIII,Sakura Succubus III Vita,796,05/19/2022, 13:37:12,812
RNPYSSIII,Sakura Succubus III Vita,796,05/19/2022, 14:13:22,812
RNPYSSIII,Sakura Succubus III Vita,796,05/19/2022, 15:20:42,812
RNPYSSIII,Sakura Succubus III Vita,797,05/19/2022, 16:38:12,812
RNPYSSIII,Sakura Succubus III Vita,797,05/19/2022, 17:42:35,812
RNPYSSIII,Sakura Succubus III Vita,797,05/19/2022, 18:25:16,812
RNPYSSIII,Sakura Succubus III Vita,797,05/19/2022, 19:12:39,812
RNPYSSIII,Sakura Succubus III Vita,799,05/19/2022, 20:15:17,812
RNPYSSIII,Sakura Succubus III Vita,799,05/19/2022, 21:13:06,812
RNPYSSIII,Sakura Succubus III Vita,801,05/19/2022, 22:13:31,812
RNPYSSIII,Sakura Succubus III Vita,801,05/19/2022, 23:14:24,812
RNPYSSIII,Sakura Succubus III Vita,803,05/20/2022, 01:08:26,812
RNPYSSIII,Sakura Succubus III Vita,803,05/20/2022, 03:12:26,812
RNPYSSIII,Sakura Succubus III Vita,804,05/20/2022, 04:23:31,812
RNPYSSIII,Sakura Succubus III Vita,804,05/20/2022, 05:16:07,812
RNPYSSIII,Sakura Succubus III Vita,804,05/20/2022, 06:18:02,812
RNPYSSIII,Sakura Succubus III Vita,804,05/20/2022, 07:13:42,812
RNPYSSIII,Sakura Succubus III Vita,804,05/20/2022, 08:17:56,812
RNPYSSIII,Sakura Succubus III Vita,806,05/20/2022, 09:18:24,812
RNPYSSIII,Sakura Succubus III Vita,806,05/20/2022, 10:16:18,812
RNPYSSIII,Sakura Succubus III Vita,806,05/20/2022, 11:12:37,812
RNPYSSIII,Sakura Succubus III Vita,807,05/20/2022, 12:27:00,812
RNPYSSIII,Sakura Succubus III Vita,807,05/20/2022, 13:34:05,812
RNPYSSIII,Sakura Succubus III Vita,807,05/20/2022, 14:13:14,812
RNPYSSIII,Sakura Succubus III Vita,807,05/20/2022, 15:15:31,812
RNPYSSIII,Sakura Succubus III Vita,807,05/20/2022, 16:19:36,812
RNPYSSIII,Sakura Succubus III Vita,808,05/20/2022, 17:20:20,812
RNPYSSIII,Sakura Succubus III Vita,809,05/20/2022, 18:17:17,812
RNPYSSIII,Sakura Succubus III Vita,809,05/20/2022, 19:11:59,812
RNPYSSIII,Sakura Succubus III Vita,811,05/20/2022, 20:15:22,812
RNPYSSIII,Sakura Succubus III Vita,812,05/20/2022, 21:13:53,812,
RNPYSSIII,Sakura Succubus III Vita,812,05/20/2022, 22:14:45,812,
RNPYSSIII,Sakura Succubus III Vita,813,05/20/2022, 23:15:00,812
RNPYSSIII,Sakura Succubus III Vita,814,05/21/2022, 00:58:21,812
RNPYSSIII,Sakura Succubus III Vita,816,05/21/2022, 02:24:03,812
RNPYSSIII,Sakura Succubus III Vita,817,05/21/2022, 03:25:06,812
RNPYSSIII,Sakura Succubus III Vita,818,05/21/2022, 04:17:42,812
RNPYSSIII,Sakura Succubus III Vita,818,05/21/2022, 05:13:38,812
RNPYSSIII,Sakura Succubus III Vita,818,05/21/2022, 06:17:57,812
RNPYSSIII,Sakura Succubus III Vita,818,05/21/2022, 07:13:22,812
RNPYSSIII,Sakura Succubus III Vita,818,05/21/2022, 08:17:22,812
RNPYSSIII,Sakura Succubus III Vita,819,05/21/2022, 09:13:41,812
RNPYSSIII,Sakura Succubus III Vita,819,05/21/2022, 10:14:51,812
RNPYSSIII,Sakura Succubus III Vita,820,05/21/2022, 11:11:57,812
RNPYSSIII,Sakura Succubus III Vita,820,05/21/2022, 12:23:16,812
RNPYSSIII,Sakura Succubus III Vita,820,05/21/2022, 13:24:27,812
RNPYSSIII,Sakura Succubus III Vita,820,05/21/2022, 14:12:39,812
RNPYSSIII,Sakura Succubus III Vita,820,05/21/2022, 15:14:45,812
RNPYSSIII,Sakura Succubus III Vita,821,05/21/2022, 16:18:04,812
RNPYSSIII,Sakura Succubus III Vita,821,05/21/2022, 17:16:43,812
RNPYSSIII,Sakura Succubus III Vita,822,05/21/2022, 18:16:16,812
RNPYSSIII,Sakura Succubus III Vita,824,05/21/2022, 19:11:43,812
RNPYSSIII,Sakura Succubus III Vita,824,05/21/2022, 20:15:03,812
RNPYSSIII,Sakura Succubus III Vita,825,05/21/2022, 21:12:32,812
RNPYSSIII,Sakura Succubus III Vita,826,05/21/2022, 22:13:33,812
RNPYSSIII,Sakura Succubus III Vita,827,05/21/2022, 23:14:04,812
RNPYSSIII,Sakura Succubus III Vita,829,05/22/2022, 01:04:46,812
RNPYSSIII,Sakura Succubus III Vita,832,05/22/2022, 03:06:05,812
RNPYSSIII,Sakura Succubus III Vita,833,05/22/2022, 04:18:23,812
RNPYSSIII,Sakura Succubus III Vita,833,05/22/2022, 05:13:37,812
RNPYSSIII,Sakura Succubus III Vita,834,05/22/2022, 06:17:22,812
RNPYSSIII,Sakura Succubus III Vita,835,05/22/2022, 07:13:34,812
RNPYSSIII,Sakura Succubus III Vita,835,05/22/2022, 08:16:49,812
RNPYSSIII,Sakura Succubus III Vita,835,05/22/2022, 09:13:38,812
RNPYSSIII,Sakura Succubus III Vita,835,05/22/2022, 10:15:23,812
RNPYSSIII,Sakura Succubus III Vita,835,05/22/2022, 11:11:59,812
RNPYSSIII,Sakura Succubus III Vita,835,05/22/2022, 12:23:30,812
RNPYSSIII,Sakura Succubus III Vita,836,05/22/2022, 13:24:48,812
RNPYSSIII,Sakura Succubus III Vita,837,05/22/2022, 14:13:06,812
RNPYSSIII,Sakura Succubus III Vita,838,05/22/2022, 15:15:14,812
RNPYSSIII,Sakura Succubus III Vita,839,05/22/2022, 16:18:10,812
RNPYSSIII,Sakura Succubus III Vita,841,05/22/2022, 17:17:09,812
RNPYSSIII,Sakura Succubus III Vita,844,05/22/2022, 18:16:05,812
RNPYSSIII,Sakura Succubus III Vita,844,05/22/2022, 19:11:46,812
RNPYSSIII,Sakura Succubus III Vita,845,05/22/2022, 20:14:30,812
RNPYSSIII,Sakura Succubus III Vita,845,05/22/2022, 21:12:44,812
RNPYSSIII,Sakura Succubus III Vita,845,05/22/2022, 22:13:54,812
RNPYSSIII,Sakura Succubus III Vita,845,05/22/2022, 23:14:15,812
RNPYSSIII,Sakura Succubus III Vita,846,05/23/2022, 01:01:33,812
RNPYSSIII,Sakura Succubus III Vita,846,05/23/2022, 03:17:38,812
RNPYSSIII,Sakura Succubus III Vita,847,05/23/2022, 04:30:15,812
RNPYSSIII,Sakura Succubus III Vita,847,05/23/2022, 05:20:15,812
RNPYSSIII,Sakura Succubus III Vita,847,05/23/2022, 06:20:03,812
RNPYSSIII,Sakura Succubus III Vita,848,05/23/2022, 07:16:05,812
RNPYSSIII,Sakura Succubus III Vita,849,05/23/2022, 08:18:14,812
RNPYSSIII,Sakura Succubus III Vita,849,05/23/2022, 09:14:43,812
RNPYSSIII,Sakura Succubus III Vita,849,05/23/2022, 10:16:20,812
RNPYSSIII,Sakura Succubus III Vita,849,05/23/2022, 11:12:58,812
RNPYSSIII,Sakura Succubus III Vita,849,05/23/2022, 12:27:40,812
RNPYSSIII,Sakura Succubus III Vita,849,05/23/2022, 13:35:06,812
RNPYSSIII,Sakura Succubus III Vita,850,05/23/2022, 14:14:28,812
RNPYSSIII,Sakura Succubus III Vita,850,05/23/2022, 15:15:42,812
RNPYSSIII,Sakura Succubus III Vita,853,05/23/2022, 16:19:31,812
RNPYSSIII,Sakura Succubus III Vita,854,05/23/2022, 17:24:00,812
RNPYSSIII,Sakura Succubus III Vita,855,05/23/2022, 18:17:34,812
RNPYSSIII,Sakura Succubus III Vita,855,05/23/2022, 19:11:41,812
RNPYSSIII,Sakura Succubus III Vita,856,05/23/2022, 20:15:49,812
RNPYSSIII,Sakura Succubus III Vita,857,05/23/2022, 21:13:20,812
RNPYSSIII,Sakura Succubus III Vita,857,05/23/2022, 22:15:05,812
RNPYSSIII,Sakura Succubus III Vita,857,05/23/2022, 23:14:21,812
RNPYSSIII,Sakura Succubus III Vita,859,05/24/2022, 01:10:59,812
RNPYSSIII,Sakura Succubus III Vita,863,05/24/2022, 03:21:23,812
RNPYSSIII,Sakura Succubus III Vita,863,05/24/2022, 04:30:37,812
RNPYSSIII,Sakura Succubus III Vita,864,05/24/2022, 05:19:39,812
RNPYSSIII,Sakura Succubus III Vita,864,05/24/2022, 06:18:02,812
RNPYSSIII,Sakura Succubus III Vita,864,05/24/2022, 07:13:43,812
RNPYSSIII,Sakura Succubus III Vita,864,05/24/2022, 08:18:40,812
RNPYSSIII,Sakura Succubus III Vita,865,05/24/2022, 09:15:25,812
RNPYSSIII,Sakura Succubus III Vita,865,05/24/2022, 10:15:57,812
RNPYSSIII,Sakura Succubus III Vita,865,05/24/2022, 11:12:20,812
RNPYSSIII,Sakura Succubus III Vita,865,05/24/2022, 12:28:53,812
RNPYSSIII,Sakura Succubus III Vita,865,05/24/2022, 13:36:21,812
RNPYSSIII,Sakura Succubus III Vita,865,05/24/2022, 14:14:17,812
RNPYSSIII,Sakura Succubus III Vita,865,05/24/2022, 15:15:09,812
RNPYSSIII,Sakura Succubus III Vita,865,05/24/2022, 16:20:56,812
RNPYSSIII,Sakura Succubus III Vita,865,05/24/2022, 17:21:42,812
RNPYSSIII,Sakura Succubus III Vita,866,05/24/2022, 18:18:44,812
RNPYSSIII,Sakura Succubus III Vita,866,05/24/2022, 19:11:35,812
RNPYSSIII,Sakura Succubus III Vita,867,05/24/2022, 20:16:25,812
RNPYSSIII,Sakura Succubus III Vita,868,05/24/2022, 21:13:29,812
RNPYSSIII,Sakura Succubus III Vita,870,05/24/2022, 22:14:27,812
RNPYSSIII,Sakura Succubus III Vita,871,05/24/2022, 23:14:55,812
RNPYSSIII,Sakura Succubus III Vita,873,05/25/2022, 01:08:27,812
RNPYSSIII,Sakura Succubus III Vita,874,05/25/2022, 03:17:33,812
RNPYSSIII,Sakura Succubus III Vita,875,05/25/2022, 04:26:44,812
RNPYSSIII,Sakura Succubus III Vita,875,05/25/2022, 05:18:35,812
RNPYSSIII,Sakura Succubus III Vita,876,05/25/2022, 06:18:27,812
RNPYSSIII,Sakura Succubus III Vita,877,05/25/2022, 07:13:49,812
RNPYSSIII,Sakura Succubus III Vita,877,05/25/2022, 08:18:02,812
RNPYSSIII,Sakura Succubus III Vita,877,05/25/2022, 09:14:35,812
RNPYSSIII,Sakura Succubus III Vita,877,05/25/2022, 10:17:41,812
RNPYSSIII,Sakura Succubus III Vita,877,05/25/2022, 11:13:19,812
RNPYSSIII,Sakura Succubus III Vita,877,05/25/2022, 12:27:44,812
RNPYSSIII,Sakura Succubus III Vita,877,05/25/2022, 13:38:10,812
RNPYSSIII,Sakura Succubus III Vita,878,05/25/2022, 14:15:16,812
RNPYSSIII,Sakura Succubus III Vita,878,05/25/2022, 15:16:44,812
RNPYSSIII,Sakura Succubus III Vita,878,05/25/2022, 16:20:28,812
RNPYSSIII,Sakura Succubus III Vita,879,05/25/2022, 17:22:27,812
RNPYSSIII,Sakura Succubus III Vita,880,05/25/2022, 18:17:28,812
RNPYSSIII,Sakura Succubus III Vita,882,05/25/2022, 19:12:00,812
RNPYSSIII,Sakura Succubus III Vita,882,05/25/2022, 20:15:19,812
RNPYSSIII,Sakura Succubus III Vita,884,05/25/2022, 21:13:34,812
RNPYSSIII,Sakura Succubus III Vita,885,05/25/2022, 22:14:47,812
RNPYSSIII,Sakura Succubus III Vita,885,05/25/2022, 23:14:24,812
RNPYSSIII,Sakura Succubus III Vita,885,05/26/2022, 01:11:33,812
RNPYSSIII,Sakura Succubus III Vita,887,05/26/2022, 03:21:46,812
RNPYSSIII,Sakura Succubus III Vita,888,05/26/2022, 04:27:50,812
RNPYSSIII,Sakura Succubus III Vita,888,05/26/2022, 05:18:18,812
RNPYSSIII,Sakura Succubus III Vita,888,05/26/2022, 06:17:57,812
RNPYSSIII,Sakura Succubus III Vita,888,05/26/2022, 07:14:00,812
RNPYSSIII,Sakura Succubus III Vita,888,05/26/2022, 08:19:24,812
RNPYSSIII,Sakura Succubus III Vita,888,05/26/2022, 09:14:50,812
RNPYSSIII,Sakura Succubus III Vita,889,05/26/2022, 10:15:45,812
RNPYSSIII,Sakura Succubus III Vita,889,05/26/2022, 11:12:45,812
RNPYSSIII,Sakura Succubus III Vita,889,05/26/2022, 12:28:10,812
RNPYSSIII,Sakura Succubus III Vita,889,05/26/2022, 13:33:10,812
RNPYSSIII,Sakura Succubus III Vita,889,05/26/2022, 14:13:38,812
RNPYSSIII,Sakura Succubus III Vita,889,05/26/2022, 15:16:47,812
RNPYSSIII,Sakura Succubus III Vita,890,05/26/2022, 16:20:48,812
RNPYSSIII,Sakura Succubus III Vita,891,05/26/2022, 17:21:45,812
RNPYSSIII,Sakura Succubus III Vita,892,05/26/2022, 18:18:09,812
RNPYSSIII,Sakura Succubus III Vita,892,05/26/2022, 19:11:25,812
RNPYSSIII,Sakura Succubus III Vita,893,05/26/2022, 20:16:15,812
RNPYSSIII,Sakura Succubus III Vita,893,05/26/2022, 21:13:58,812
RNPYSSIII,Sakura Succubus III Vita,894,05/26/2022, 22:15:10,812
RNPYSSIII,Sakura Succubus III Vita,894,05/26/2022, 23:13:38,812
RNPYSSIII,Sakura Succubus III Vita,896,05/27/2022, 01:04:28,812
RNPYSSIII,Sakura Succubus III Vita,898,05/27/2022, 03:23:04,812
RNPYSSIII,Sakura Succubus III Vita,898,05/27/2022, 04:29:05,812
RNPYSSIII,Sakura Succubus III Vita,898,05/27/2022, 05:18:58,812
RNPYSSIII,Sakura Succubus III Vita,898,05/27/2022, 06:18:43,812
RNPYSSIII,Sakura Succubus III Vita,900,05/27/2022, 07:13:52,812
RNPYSSIII,Sakura Succubus III Vita,900,05/27/2022, 08:18:08,812
RNPYSSIII,Sakura Succubus III Vita,900,05/27/2022, 09:15:12,812
RNPYSSIII,Sakura Succubus III Vita,900,05/27/2022, 10:16:39,812
RNPYSSIII,Sakura Succubus III Vita,901,05/27/2022, 11:13:54,812
RNPYSSIII,Sakura Succubus III Vita,902,05/27/2022, 12:28:18,812
RNPYSSIII,Sakura Succubus III Vita,903,05/27/2022, 13:35:02,812
RNPYSSIII,Sakura Succubus III Vita,904,05/27/2022, 14:13:06,812
RNPYSSIII,Sakura Succubus III Vita,905,05/27/2022, 15:15:02,812
RNPYSSIII,Sakura Succubus III Vita,905,05/27/2022, 16:20:14,812
RNPYSSIII,Sakura Succubus III Vita,905,05/27/2022, 17:19:51,812
RNPYSSIII,Sakura Succubus III Vita,906,05/27/2022, 18:17:32,812
RNPYSSIII,Sakura Succubus III Vita,906,05/27/2022, 19:11:47,812
RNPYSSIII,Sakura Succubus III Vita,906,05/27/2022, 20:15:28,812
RNPYSSIII,Sakura Succubus III Vita,906,05/27/2022, 21:13:28,812
RNPYSSIII,Sakura Succubus III Vita,907,05/27/2022, 22:13:53,812
RNPYSSIII,Sakura Succubus III Vita,908,05/27/2022, 23:14:17,812
RNPYSSIII,Sakura Succubus III Vita,910,05/28/2022, 01:04:40,812
RNPYSSIII,Sakura Succubus III Vita,910,05/28/2022, 03:06:51,812
RNPYSSIII,Sakura Succubus III Vita,911,05/28/2022, 04:18:28,812
RNPYSSIII,Sakura Succubus III Vita,911,05/28/2022, 05:13:53,812
RNPYSSIII,Sakura Succubus III Vita,912,05/28/2022, 06:17:39,812
RNPYSSIII,Sakura Succubus III Vita,912,05/28/2022, 07:13:20,812
RNPYSSIII,Sakura Succubus III Vita,913,05/28/2022, 08:18:29,812
RNPYSSIII,Sakura Succubus III Vita,914,05/28/2022, 09:13:30,812
RNPYSSIII,Sakura Succubus III Vita,914,05/28/2022, 10:14:57,812
RNPYSSIII,Sakura Succubus III Vita,914,05/28/2022, 11:12:21,812
RNPYSSIII,Sakura Succubus III Vita,914,05/28/2022, 12:22:43,812
RNPYSSIII,Sakura Succubus III Vita,914,05/28/2022, 13:24:54,812
RNPYSSIII,Sakura Succubus III Vita,916,05/28/2022, 14:13:18,812
RNPYSSIII,Sakura Succubus III Vita,916,05/28/2022, 15:14:34,812
RNPYSSIII,Sakura Succubus III Vita,917,05/28/2022, 16:20:07,812
RNPYSSIII,Sakura Succubus III Vita,917,05/28/2022, 17:18:06,812
RNPYSSIII,Sakura Succubus III Vita,919,05/28/2022, 18:16:22,812
RNPYSSIII,Sakura Succubus III Vita,921,05/28/2022, 19:11:49,812
RNPYSSIII,Sakura Succubus III Vita,921,05/28/2022, 21:12:38,812
RNPYSSIII,Sakura Succubus III Vita,922,05/28/2022, 22:13:52,812
RNPYSSIII,Sakura Succubus III Vita,922,05/28/2022, 23:14:19,812
RNPYSSIII,Sakura Succubus III Vita,925,05/29/2022, 01:09:27,812
RNPYSSIII,Sakura Succubus III Vita,927,05/29/2022, 03:24:43,812
RNPYSSIII,Sakura Succubus III Vita,927,05/29/2022, 04:27:50,812
RNPYSSIII,Sakura Succubus III Vita,927,05/29/2022, 05:17:19,812
RNPYSSIII,Sakura Succubus III Vita,927,05/29/2022, 06:17:19,812
RNPYSSIII,Sakura Succubus III Vita,928,05/29/2022, 07:13:18,812
RNPYSSIII,Sakura Succubus III Vita,929,05/29/2022, 08:17:05,812
RNPYSSIII,Sakura Succubus III Vita,929,05/29/2022, 09:13:41,812
RNPYSSIII,Sakura Succubus III Vita,929,05/29/2022, 10:15:14,812
RNPYSSIII,Sakura Succubus III Vita,930,05/29/2022, 11:12:05,812
RNPYSSIII,Sakura Succubus III Vita,930,05/29/2022, 12:23:25,812
RNPYSSIII,Sakura Succubus III Vita,931,05/29/2022, 13:25:22,812
RNPYSSIII,Sakura Succubus III Vita,931,05/29/2022, 14:13:15,812
RNPYSSIII,Sakura Succubus III Vita,932,05/29/2022, 15:14:13,812
RNPYSSIII,Sakura Succubus III Vita,932,05/29/2022, 16:18:12,812
RNPYSSIII,Sakura Succubus III Vita,932,05/29/2022, 17:17:59,812
RNPYSSIII,Sakura Succubus III Vita,932,05/29/2022, 18:16:21,812
RNPYSSIII,Sakura Succubus III Vita,934,05/29/2022, 19:12:07,812
RNPYSSIII,Sakura Succubus III Vita,935,05/29/2022, 20:15:20,812
RNPYSSIII,Sakura Succubus III Vita,936,05/29/2022, 21:12:50,812
RNPYSSIII,Sakura Succubus III Vita,937,05/29/2022, 22:14:09,812
RNPYSSIII,Sakura Succubus III Vita,937,05/29/2022, 23:13:59,812
RNPYSSIII,Sakura Succubus III Vita,937,05/30/2022, 01:12:38,812
RNPYSSIII,Sakura Succubus III Vita,941,05/30/2022, 03:28:34,812
RNPYSSIII,Sakura Succubus III Vita,942,05/30/2022, 04:34:29,812
RNPYSSIII,Sakura Succubus III Vita,942,05/30/2022, 05:23:35,812
RNPYSSIII,Sakura Succubus III Vita,943,05/30/2022, 06:21:21,812
RNPYSSIII,Sakura Succubus III Vita,944,05/30/2022, 07:16:16,812
RNPYSSIII,Sakura Succubus III Vita,944,05/30/2022, 08:19:41,812
RNPYSSIII,Sakura Succubus III Vita,944,05/30/2022, 09:16:28,812
RNPYSSIII,Sakura Succubus III Vita,944,05/30/2022, 10:15:16,812
RNPYSSIII,Sakura Succubus III Vita,945,05/30/2022, 11:12:59,812
RNPYSSIII,Sakura Succubus III Vita,945,05/30/2022, 12:25:46,812
RNPYSSIII,Sakura Succubus III Vita,945,05/30/2022, 13:38:47,812
RNPYSSIII,Sakura Succubus III Vita,945,05/30/2022, 14:14:46,812
RNPYSSIII,Sakura Succubus III Vita,945,05/30/2022, 15:16:39,812
RNPYSSIII,Sakura Succubus III Vita,945,05/30/2022, 16:19:40,812
RNPYSSIII,Sakura Succubus III Vita,945,05/30/2022, 17:20:35,812
RNPYSSIII,Sakura Succubus III Vita,945,05/30/2022, 18:17:19,812
RNPYSSIII,Sakura Succubus III Vita,946,05/30/2022, 19:11:59,812
RNPYSSIII,Sakura Succubus III Vita,947,05/30/2022, 20:15:29,812
RNPYSSIII,Sakura Succubus III Vita,948,05/30/2022, 21:13:20,812
RNPYSSIII,Sakura Succubus III Vita,949,05/30/2022, 22:15:06,812
RNPYSSIII,Sakura Succubus III Vita,950,05/30/2022, 23:14:49,812
RNPYSSIII,Sakura Succubus III Vita,951,05/31/2022, 01:07:31,812
RNPYSSIII,Sakura Succubus III Vita,951,05/31/2022, 03:20:35,812
RNPYSSIII,Sakura Succubus III Vita,951,05/31/2022, 04:29:29,812
RNPYSSIII,Sakura Succubus III Vita,951,05/31/2022, 05:20:01,812
RNPYSSIII,Sakura Succubus III Vita,952,05/31/2022, 06:18:15,812
RNPYSSIII,Sakura Succubus III Vita,952,05/31/2022, 07:14:26,812
RNPYSSIII,Sakura Succubus III Vita,952,05/31/2022, 08:21:02,812
RNPYSSIII,Sakura Succubus III Vita,952,05/31/2022, 09:14:02,812
RNPYSSIII,Sakura Succubus III Vita,953,05/31/2022, 10:16:45,812
RNPYSSIII,Sakura Succubus III Vita,953,05/31/2022, 11:12:47,812
RNPYSSIII,Sakura Succubus III Vita,954,05/31/2022, 12:27:29,812
RNPYSSIII,Sakura Succubus III Vita,954,05/31/2022, 13:37:06,812
RNPYSSIII,Sakura Succubus III Vita,955,05/31/2022, 14:14:14,812
RNPYSSIII,Sakura Succubus III Vita,957,05/31/2022, 15:18:30,812
RNPYSSIII,Sakura Succubus III Vita,957,05/31/2022, 16:22:26,812
RNPYSSIII,Sakura Succubus III Vita,958,05/31/2022, 17:25:18,812
RNPYSSIII,Sakura Succubus III Vita,958,05/31/2022, 18:17:38,812
RNPYSSIII,Sakura Succubus III Vita,960,05/31/2022, 19:11:36,812
RNPYSSIII,Sakura Succubus III Vita,960,05/31/2022, 20:16:52,812
RNPYSSIII,Sakura Succubus III Vita,962,05/31/2022, 21:13:22,812
RNPYSSIII,Sakura Succubus III Vita,963,05/31/2022, 22:14:32,812
RNPYSSIII,Sakura Succubus III Vita,964,05/31/2022, 23:14:45,812
RNPYSSIII,Sakura Succubus III Vita,966,06/01/2022, 01:17:00,812
RNPYSSIII,Sakura Succubus III Vita,967,06/01/2022, 04:00:37,812
RNPYSSIII,Sakura Succubus III Vita,967,06/01/2022, 05:18:37,812
RNPYSSIII,Sakura Succubus III Vita,967,06/01/2022, 06:22:14,812
RNPYSSIII,Sakura Succubus III Vita,967,06/01/2022, 07:16:07,812
RNPYSSIII,Sakura Succubus III Vita,967,06/01/2022, 08:21:13,812
RNPYSSIII,Sakura Succubus III Vita,967,06/01/2022, 09:16:22,812
RNPYSSIII,Sakura Succubus III Vita,968,06/01/2022, 10:19:00,812
RNPYSSIII,Sakura Succubus III Vita,968,06/01/2022, 11:12:59,812
RNPYSSIII,Sakura Succubus III Vita,971,06/01/2022, 12:31:24,812
RNPYSSIII,Sakura Succubus III Vita,971,06/01/2022, 13:44:31,812
RNPYSSIII,Sakura Succubus III Vita,971,06/01/2022, 14:21:10,812
RNPYSSIII,Sakura Succubus III Vita,974,06/01/2022, 15:16:34,812
RNPYSSIII,Sakura Succubus III Vita,975,06/01/2022, 16:20:40,812
RNPYSSIII,Sakura Succubus III Vita,975,06/01/2022, 17:23:46,812
RNPYSSIII,Sakura Succubus III Vita,976,06/01/2022, 18:17:59,812
RNPYSSIII,Sakura Succubus III Vita,977,06/01/2022, 19:14:26,812
RNPYSSIII,Sakura Succubus III Vita,978,06/01/2022, 20:15:54,812
RNPYSSIII,Sakura Succubus III Vita,979,06/01/2022, 21:14:05,812
RNPYSSIII,Sakura Succubus III Vita,979,06/01/2022, 22:15:15,812
RNPYSSIII,Sakura Succubus III Vita,979,06/01/2022, 23:14:54,812
RNPYSSIII,Sakura Succubus III Vita,980,06/02/2022, 01:11:53,812
RNPYSSIII,Sakura Succubus III Vita,981,06/02/2022, 03:43:56,812
RNPYSSIII,Sakura Succubus III Vita,982,06/02/2022, 05:28:25,812
RNPYSSIII,Sakura Succubus III Vita,982,06/02/2022, 06:18:32,812
RNPYSSIII,Sakura Succubus III Vita,982,06/02/2022, 07:15:18,812
RNPYSSIII,Sakura Succubus III Vita,985,06/02/2022, 09:14:36,812
RNPYSSIII,Sakura Succubus III Vita,986,06/02/2022, 10:16:41,812
RNPYSSIII,Sakura Succubus III Vita,986,06/02/2022, 11:13:20,812
RNPYSSIII,Sakura Succubus III Vita,986,06/02/2022, 12:29:57,812
RNPYSSIII,Sakura Succubus III Vita,986,06/02/2022, 13:41:42,812
