SYNC00055,PS Vita Sync,6,11/05/2023, 19:09:19,1166
SYNC00055,PS Vita Sync,19,11/05/2023, 20:11:16,1166
SYNC00055,PS Vita Sync,25,11/05/2023, 21:09:56,1166
SYNC00055,PS Vita Sync,35,11/05/2023, 22:10:12,1166
SYNC00055,PS Vita Sync,43,11/05/2023, 23:10:40,1166
SYNC00055,PS Vita Sync,49,11/06/2023, 00:51:29,1166
SYNC00055,PS Vita Sync,53,11/06/2023, 01:53:16,1166
SYNC00055,PS Vita Sync,54,11/06/2023, 02:23:47,1166
SYNC00055,PS Vita Sync,61,11/06/2023, 03:12:22,1166
SYNC00055,PS Vita Sync,61,11/06/2023, 04:14:27,1166
SYNC00055,PS Vita Sync,64,11/06/2023, 05:12:02,1166
SYNC00055,PS Vita Sync,66,11/06/2023, 06:15:31,1166
