TOTH00001,The Other Her,0,10/17/2025, 17:14:56,1338
TOTH00001,The Other Her,3,10/17/2025, 18:21:55,1338
TOTH00001,The Other Her,7,10/17/2025, 19:14:07,1338
TOTH00001,The Other Her,10,10/17/2025, 20:18:53,1338
TOTH00001,The Other Her,12,10/17/2025, 21:15:12,1338
TOTH00001,The Other Her,15,10/17/2025, 22:15:23,1338
TOTH00001,The Other Her,16,10/17/2025, 23:14:56,1338
TOTH00001,The Other Her,17,10/18/2025, 01:09:38,1338
TOTH00001,The Other Her,21,10/18/2025, 02:53:37,1338
TOTH00001,The Other Her,22,10/18/2025, 03:26:45,1338
TOTH00001,The Other Her,23,10/18/2025, 04:19:04,1338
TOTH00001,The Other Her,24,10/18/2025, 05:15:40,1338
TOTH00001,The Other Her,24,10/18/2025, 06:22:24,1338
TOTH00001,The Other Her,27,10/18/2025, 07:15:05,1338
TOTH00001,The Other Her,29,10/18/2025, 08:20:06,1338
TOTH00001,The Other Her,30,10/18/2025, 09:16:20,1338
TOTH00001,The Other Her,31,10/18/2025, 10:16:09,1338
TOTH00001,The Other Her,33,10/18/2025, 11:13:12,1338
TOTH00001,The Other Her,33,10/18/2025, 12:30:12,1338
TOTH00001,The Other Her,35,10/18/2025, 13:21:36,1338
TOTH00001,The Other Her,36,10/18/2025, 14:14:31,1338
TOTH00001,The Other Her,38,10/18/2025, 15:14:53,1338
TOTH00001,The Other Her,40,10/18/2025, 16:18:23,1338
TOTH00001,The Other Her,45,10/18/2025, 17:13:16,1338
TOTH00001,The Other Her,48,10/18/2025, 18:21:01,1338
TOTH00001,The Other Her,48,10/18/2025, 19:12:47,1338
TOTH00001,The Other Her,50,10/18/2025, 20:16:55,1338
TOTH00001,The Other Her,53,10/18/2025, 21:14:12,1338
TOTH00001,The Other Her,56,10/18/2025, 22:14:57,1338
TOTH00001,The Other Her,62,10/18/2025, 23:14:46,1338
TOTH00001,The Other Her,65,10/19/2025, 01:21:11,1338
TOTH00001,The Other Her,68,10/19/2025, 03:14:17,1338
TOTH00001,The Other Her,74,10/19/2025, 04:20:54,1338
TOTH00001,The Other Her,77,10/19/2025, 05:16:19,1338
TOTH00001,The Other Her,78,10/19/2025, 06:23:38,1338
TOTH00001,The Other Her,82,10/19/2025, 07:14:54,1338
TOTH00001,The Other Her,84,10/19/2025, 08:19:36,1338
TOTH00001,The Other Her,87,10/19/2025, 09:15:33,1338
TOTH00001,The Other Her,87,10/19/2025, 10:16:15,1338
TOTH00001,The Other Her,88,10/19/2025, 11:13:00,1338
TOTH00001,The Other Her,90,10/19/2025, 12:30:09,1338
TOTH00001,The Other Her,91,10/19/2025, 13:21:41,1338
TOTH00001,The Other Her,92,10/19/2025, 14:14:33,1338
TOTH00001,The Other Her,93,10/19/2025, 15:14:53,1338
TOTH00001,The Other Her,94,10/19/2025, 16:18:38,1338
TOTH00001,The Other Her,96,10/19/2025, 17:14:00,1338
TOTH00001,The Other Her,98,10/19/2025, 18:21:28,1338
TOTH00001,The Other Her,101,10/19/2025, 19:13:14,1338
TOTH00001,The Other Her,101,10/19/2025, 20:17:36,1338
TOTH00001,The Other Her,102,10/19/2025, 21:14:16,1338
TOTH00001,The Other Her,106,10/19/2025, 22:15:15,1338
TOTH00001,The Other Her,107,10/19/2025, 23:15:09,1338
TOTH00001,The Other Her,110,10/20/2025, 01:18:31,1338
TOTH00001,The Other Her,114,10/20/2025, 03:14:10,1338
TOTH00001,The Other Her,117,10/20/2025, 04:23:02,1338
TOTH00001,The Other Her,118,10/20/2025, 05:17:50,1338
TOTH00001,The Other Her,119,10/20/2025, 06:26:04,1338
TOTH00001,The Other Her,119,10/20/2025, 07:18:11,1338
TOTH00001,The Other Her,123,10/20/2025, 09:20:28,1338
TOTH00001,The Other Her,123,10/20/2025, 10:19:15,1338
TOTH00001,The Other Her,123,10/20/2025, 11:15:15,1338
TOTH00001,The Other Her,123,10/20/2025, 12:35:05,1338
TOTH00001,The Other Her,125,10/20/2025, 13:27:50,1338
TOTH00001,The Other Her,126,10/20/2025, 14:17:03,1338
TOTH00001,The Other Her,126,10/20/2025, 15:17:25,1338
TOTH00001,The Other Her,126,10/20/2025, 16:20:49,1338
TOTH00001,The Other Her,128,10/20/2025, 17:15:22,1338
TOTH00001,The Other Her,129,10/20/2025, 18:25:20,1338
TOTH00001,The Other Her,130,10/20/2025, 19:14:17,1338
TOTH00001,The Other Her,132,10/20/2025, 20:19:29,1338
TOTH00001,The Other Her,133,10/20/2025, 21:15:43,1338
TOTH00001,The Other Her,134,10/20/2025, 22:15:59,1338
TOTH00001,The Other Her,135,10/20/2025, 23:15:18,1338
TOTH00001,The Other Her,137,10/21/2025, 01:15:05,1338
TOTH00001,The Other Her,139,10/21/2025, 03:04:28,1338
TOTH00001,The Other Her,141,10/21/2025, 04:20:29,1338
TOTH00001,The Other Her,142,10/21/2025, 05:17:18,1338
TOTH00001,The Other Her,142,10/21/2025, 06:25:18,1338
TOTH00001,The Other Her,143,10/21/2025, 07:17:57,1338
TOTH00001,The Other Her,144,10/21/2025, 08:23:48,1338
TOTH00001,The Other Her,145,10/21/2025, 09:18:44,1338
TOTH00001,The Other Her,145,10/21/2025, 10:18:28,1338
TOTH00001,The Other Her,145,10/21/2025, 11:14:38,1338
TOTH00001,The Other Her,146,10/21/2025, 12:35:11,1338
TOTH00001,The Other Her,147,10/21/2025, 13:32:06,1338
TOTH00001,The Other Her,148,10/21/2025, 14:16:16,1338
TOTH00001,The Other Her,149,10/21/2025, 15:17:56,1338
TOTH00001,The Other Her,150,10/21/2025, 16:22:30,1338
TOTH00001,The Other Her,150,10/21/2025, 17:18:18,1338
TOTH00001,The Other Her,152,10/21/2025, 18:23:22,1338
TOTH00001,The Other Her,153,10/21/2025, 19:14:42,1338
TOTH00001,The Other Her,153,10/21/2025, 20:20:00,1338
TOTH00001,The Other Her,154,10/21/2025, 21:15:58,1338
TOTH00001,The Other Her,154,10/21/2025, 22:15:26,1338
TOTH00001,The Other Her,154,10/21/2025, 23:16:06,1338
TOTH00001,The Other Her,154,10/22/2025, 01:16:28,1338
TOTH00001,The Other Her,155,10/22/2025, 03:09:12,1338
TOTH00001,The Other Her,155,10/22/2025, 04:20:18,1338
TOTH00001,The Other Her,156,10/22/2025, 05:17:50,1338
TOTH00001,The Other Her,158,10/22/2025, 06:26:13,1338
TOTH00001,The Other Her,158,10/22/2025, 07:17:28,1338
TOTH00001,The Other Her,158,10/22/2025, 08:24:26,1338
TOTH00001,The Other Her,159,10/22/2025, 09:19:58,1338
TOTH00001,The Other Her,160,10/22/2025, 10:19:36,1338
TOTH00001,The Other Her,163,10/22/2025, 11:15:53,1338
TOTH00001,The Other Her,163,10/22/2025, 12:35:28,1338
TOTH00001,The Other Her,163,10/22/2025, 13:31:37,1338
TOTH00001,The Other Her,163,10/22/2025, 14:18:31,1338
TOTH00001,The Other Her,168,10/22/2025, 15:17:01,1338
TOTH00001,The Other Her,168,10/22/2025, 16:22:05,1338
TOTH00001,The Other Her,168,10/22/2025, 17:16:01,1338
TOTH00001,The Other Her,169,10/22/2025, 18:26:08,1338
TOTH00001,The Other Her,169,10/22/2025, 19:14:06,1338
TOTH00001,The Other Her,170,10/22/2025, 20:20:38,1338
TOTH00001,The Other Her,170,10/22/2025, 21:13:29,1338
TOTH00001,The Other Her,170,10/22/2025, 22:14:27,1338
TOTH00001,The Other Her,171,10/22/2025, 23:14:57,1338
TOTH00001,The Other Her,173,10/23/2025, 01:14:30,1338
TOTH00001,The Other Her,175,10/23/2025, 03:02:33,1338
TOTH00001,The Other Her,176,10/23/2025, 04:20:07,1338
TOTH00001,The Other Her,177,10/23/2025, 05:17:39,1338
TOTH00001,The Other Her,178,10/23/2025, 06:25:11,1338
TOTH00001,The Other Her,178,10/23/2025, 07:17:36,1338
TOTH00001,The Other Her,178,10/23/2025, 08:23:18,1338
TOTH00001,The Other Her,178,10/23/2025, 09:18:46,1338
TOTH00001,The Other Her,179,10/23/2025, 10:19:18,1338
TOTH00001,The Other Her,180,10/23/2025, 11:15:08,1338
TOTH00001,The Other Her,181,10/23/2025, 12:35:13,1338
TOTH00001,The Other Her,181,10/23/2025, 13:30:30,1338
TOTH00001,The Other Her,184,10/23/2025, 14:18:07,1338
TOTH00001,The Other Her,184,10/23/2025, 15:18:24,1338
TOTH00001,The Other Her,184,10/23/2025, 16:21:22,1338
TOTH00001,The Other Her,184,10/23/2025, 17:15:42,1338
TOTH00001,The Other Her,188,10/23/2025, 18:24:27,1338
TOTH00001,The Other Her,188,10/23/2025, 19:14:18,1338
TOTH00001,The Other Her,188,10/23/2025, 20:18:26,1338
TOTH00001,The Other Her,189,10/23/2025, 21:15:20,1338
TOTH00001,The Other Her,189,10/23/2025, 22:15:54,1338
TOTH00001,The Other Her,190,10/23/2025, 23:15:19,1338
TOTH00001,The Other Her,194,10/24/2025, 01:11:09,1338
TOTH00001,The Other Her,196,10/24/2025, 02:58:52,1338
TOTH00001,The Other Her,196,10/24/2025, 03:34:00,1338
TOTH00001,The Other Her,197,10/24/2025, 04:20:49,1338
TOTH00001,The Other Her,197,10/24/2025, 05:16:59,1338
TOTH00001,The Other Her,198,10/24/2025, 06:24:32,1338
TOTH00001,The Other Her,199,10/24/2025, 07:16:50,1338
TOTH00001,The Other Her,200,10/24/2025, 08:22:38,1338
TOTH00001,The Other Her,200,10/24/2025, 09:19:10,1338
TOTH00001,The Other Her,201,10/24/2025, 10:19:40,1338
TOTH00001,The Other Her,201,10/24/2025, 11:15:08,1338
TOTH00001,The Other Her,201,10/24/2025, 12:35:34,1338
TOTH00001,The Other Her,202,10/24/2025, 13:29:02,1338
TOTH00001,The Other Her,202,10/24/2025, 14:17:50,1338
TOTH00001,The Other Her,202,10/24/2025, 15:18:03,1338
TOTH00001,The Other Her,202,10/24/2025, 16:20:56,1338
TOTH00001,The Other Her,203,10/24/2025, 17:15:44,1338
TOTH00001,The Other Her,204,10/24/2025, 18:23:41,1338
TOTH00001,The Other Her,204,10/24/2025, 19:14:44,1338
TOTH00001,The Other Her,205,10/24/2025, 20:19:01,1338
TOTH00001,The Other Her,205,10/24/2025, 21:15:27,1338
TOTH00001,The Other Her,205,10/24/2025, 22:16:50,1338
TOTH00001,The Other Her,205,10/24/2025, 23:15:36,1338
