UAE4ALL00,UAE4ALL,11691,06/18/2020, 12:35:47,189
UAE4ALL00,UAE4ALL,11692,06/18/2020, 13:04:35,189
UAE4ALL00,UAE4ALL,11693,06/18/2020, 14:06:21,189
UAE4ALL00,UAE4ALL,11693,06/18/2020, 15:04:55,189
UAE4ALL00,UAE4ALL,11693,06/18/2020, 16:05:12,189
UAE4ALL00,UAE4ALL,11694,06/18/2020, 17:05:41,189
UAE4ALL00,UAE4ALL,11695,06/18/2020, 18:05:02,189
UAE4ALL00,UAE4ALL,11697,06/18/2020, 19:04:27,189
UAE4ALL00,UAE4ALL,11697,06/18/2020, 20:05:19,189
UAE4ALL00,UAE4ALL,11698,06/18/2020, 21:05:10,189
UAE4ALL00,UAE4ALL,11698,06/18/2020, 22:04:46,189
UAE4ALL00,UAE4ALL,11699,06/18/2020, 23:05:11,189
UAE4ALL00,UAE4ALL,11699,06/19/2020, 00:13:11,189
UAE4ALL00,UAE4ALL,11699,06/19/2020, 01:06:05,189
UAE4ALL00,UAE4ALL,11699,06/19/2020, 02:04:57,189
UAE4ALL00,UAE4ALL,11699,06/19/2020, 03:04:46,189
UAE4ALL00,UAE4ALL,11699,06/19/2020, 04:05:13,189
UAE4ALL00,UAE4ALL,11699,06/19/2020, 05:06:07,189
UAE4ALL00,UAE4ALL,11699,06/19/2020, 06:06:05,189
UAE4ALL00,UAE4ALL,11699,06/19/2020, 07:05:04,189
UAE4ALL00,UAE4ALL,11700,06/19/2020, 08:06:41,189
UAE4ALL00,UAE4ALL,11700,06/19/2020, 09:04:55,189
UAE4ALL00,UAE4ALL,11701,06/19/2020, 10:04:43,189
UAE4ALL00,UAE4ALL,11701,06/19/2020, 11:04:34,189
UAE4ALL00,UAE4ALL,11701,06/19/2020, 12:06:20,189
UAE4ALL00,UAE4ALL,11701,06/19/2020, 13:04:42,189
UAE4ALL00,UAE4ALL,11702,06/19/2020, 14:05:08,189
UAE4ALL00,UAE4ALL,11702,06/19/2020, 15:04:58,189
UAE4ALL00,UAE4ALL,11702,06/19/2020, 16:05:19,189
UAE4ALL00,UAE4ALL,11703,06/19/2020, 17:04:50,189
UAE4ALL00,UAE4ALL,11703,06/19/2020, 18:05:08,189
UAE4ALL00,UAE4ALL,11703,06/19/2020, 19:04:30,189
UAE4ALL00,UAE4ALL,11703,06/19/2020, 20:05:26,189
UAE4ALL00,UAE4ALL,11704,06/19/2020, 21:04:53,189
UAE4ALL00,UAE4ALL,11704,06/19/2020, 22:04:36,189
UAE4ALL00,UAE4ALL,11704,06/19/2020, 23:04:21,189
UAE4ALL00,UAE4ALL,11705,06/20/2020, 00:12:44,189
UAE4ALL00,UAE4ALL,11705,06/20/2020, 01:05:16,189
UAE4ALL00,UAE4ALL,11705,06/20/2020, 02:05:48,189
UAE4ALL00,UAE4ALL,11705,06/20/2020, 03:05:55,189
UAE4ALL00,UAE4ALL,11705,06/20/2020, 04:06:13,189
UAE4ALL00,UAE4ALL,11706,06/20/2020, 05:05:00,189
UAE4ALL00,UAE4ALL,11706,06/20/2020, 06:05:56,189
UAE4ALL00,UAE4ALL,11706,06/20/2020, 07:06:07,189
UAE4ALL00,UAE4ALL,11706,06/20/2020, 08:05:12,189
UAE4ALL00,UAE4ALL,11707,06/20/2020, 09:05:33,189
UAE4ALL00,UAE4ALL,11707,06/20/2020, 10:05:49,189
UAE4ALL00,UAE4ALL,11707,06/20/2020, 11:05:49,189
UAE4ALL00,UAE4ALL,11707,06/20/2020, 12:06:20,189
UAE4ALL00,UAE4ALL,11707,06/20/2020, 13:05:02,189
UAE4ALL00,UAE4ALL,11707,06/20/2020, 14:05:52,189
UAE4ALL00,UAE4ALL,11707,06/20/2020, 15:04:41,189
UAE4ALL00,UAE4ALL,11707,06/20/2020, 16:05:09,189
UAE4ALL00,UAE4ALL,11707,06/20/2020, 17:05:16,189
UAE4ALL00,UAE4ALL,11707,06/20/2020, 18:05:07,189
UAE4ALL00,UAE4ALL,11707,06/20/2020, 19:05:51,189
UAE4ALL00,UAE4ALL,11707,06/20/2020, 20:05:20,189
UAE4ALL00,UAE4ALL,11708,06/20/2020, 21:05:02,189
UAE4ALL00,UAE4ALL,11708,06/20/2020, 22:04:21,189
UAE4ALL00,UAE4ALL,11708,06/20/2020, 23:06:32,189
UAE4ALL00,UAE4ALL,11708,06/21/2020, 00:13:56,189
UAE4ALL00,UAE4ALL,11708,06/21/2020, 01:05:05,189
UAE4ALL00,UAE4ALL,11708,06/21/2020, 02:09:09,189
UAE4ALL00,UAE4ALL,11708,06/21/2020, 03:05:06,189
UAE4ALL00,UAE4ALL,11708,06/21/2020, 04:06:08,189
UAE4ALL00,UAE4ALL,11708,06/21/2020, 05:04:41,189
UAE4ALL00,UAE4ALL,11708,06/21/2020, 06:06:03,189
UAE4ALL00,UAE4ALL,11708,06/21/2020, 07:04:56,189
UAE4ALL00,UAE4ALL,11708,06/21/2020, 08:05:14,189
UAE4ALL00,UAE4ALL,11708,06/21/2020, 09:05:00,189
UAE4ALL00,UAE4ALL,11708,06/21/2020, 10:06:08,189
UAE4ALL00,UAE4ALL,11708,06/21/2020, 11:05:57,189
UAE4ALL00,UAE4ALL,11708,06/21/2020, 12:06:15,189
UAE4ALL00,UAE4ALL,11708,06/21/2020, 13:04:49,189
UAE4ALL00,UAE4ALL,11708,06/21/2020, 14:05:51,189
UAE4ALL00,UAE4ALL,11708,06/21/2020, 15:05:39,189
UAE4ALL00,UAE4ALL,11708,06/21/2020, 16:04:51,189
UAE4ALL00,UAE4ALL,11708,06/21/2020, 17:04:40,189
UAE4ALL00,UAE4ALL,11711,06/21/2020, 18:05:32,189
UAE4ALL00,UAE4ALL,11711,06/21/2020, 19:06:02,189
UAE4ALL00,UAE4ALL,11711,06/21/2020, 20:05:29,189
UAE4ALL00,UAE4ALL,11711,06/21/2020, 21:04:52,189
UAE4ALL00,UAE4ALL,11711,06/21/2020, 22:04:51,189
UAE4ALL00,UAE4ALL,11711,06/21/2020, 23:04:58,189
UAE4ALL00,UAE4ALL,11711,06/22/2020, 00:13:04,189
UAE4ALL00,UAE4ALL,11711,06/22/2020, 01:05:16,189
UAE4ALL00,UAE4ALL,11711,06/22/2020, 02:05:28,189
UAE4ALL00,UAE4ALL,11711,06/22/2020, 03:05:02,189
UAE4ALL00,UAE4ALL,11711,06/22/2020, 04:05:20,189
UAE4ALL00,UAE4ALL,11711,06/22/2020, 05:05:04,189
UAE4ALL00,UAE4ALL,11712,06/22/2020, 06:06:04,189
UAE4ALL00,UAE4ALL,11712,06/22/2020, 07:04:51,189
UAE4ALL00,UAE4ALL,11712,06/22/2020, 08:05:46,189
UAE4ALL00,UAE4ALL,11712,06/22/2020, 09:04:58,189
UAE4ALL00,UAE4ALL,11712,06/22/2020, 10:05:33,189
UAE4ALL00,UAE4ALL,11713,06/22/2020, 11:05:04,189
UAE4ALL00,UAE4ALL,11714,06/22/2020, 12:06:42,189
UAE4ALL00,UAE4ALL,11714,06/22/2020, 13:05:14,189
UAE4ALL00,UAE4ALL,11714,06/22/2020, 14:05:02,189
UAE4ALL00,UAE4ALL,11714,06/22/2020, 15:05:30,189
UAE4ALL00,UAE4ALL,11715,06/22/2020, 16:05:01,189
UAE4ALL00,UAE4ALL,11715,06/22/2020, 17:04:47,189
UAE4ALL00,UAE4ALL,11716,06/22/2020, 18:05:12,189
UAE4ALL00,UAE4ALL,11716,06/22/2020, 19:04:33,189
UAE4ALL00,UAE4ALL,11717,06/22/2020, 20:05:48,189
UAE4ALL00,UAE4ALL,11718,06/22/2020, 21:04:48,189
UAE4ALL00,UAE4ALL,11719,06/22/2020, 22:04:35,189
UAE4ALL00,UAE4ALL,11719,06/22/2020, 23:04:24,189
UAE4ALL00,UAE4ALL,11719,06/23/2020, 00:12:58,189
UAE4ALL00,UAE4ALL,11719,06/23/2020, 01:05:16,189
UAE4ALL00,UAE4ALL,11720,06/23/2020, 02:05:57,189
UAE4ALL00,UAE4ALL,11720,06/23/2020, 03:04:56,189
UAE4ALL00,UAE4ALL,11720,06/23/2020, 04:05:17,189
UAE4ALL00,UAE4ALL,11720,06/23/2020, 05:06:06,189
UAE4ALL00,UAE4ALL,11721,06/23/2020, 06:05:36,189
UAE4ALL00,UAE4ALL,11721,06/23/2020, 07:05:05,189
UAE4ALL00,UAE4ALL,11721,06/23/2020, 08:06:03,189
UAE4ALL00,UAE4ALL,11721,06/23/2020, 09:04:48,189
UAE4ALL00,UAE4ALL,11721,06/23/2020, 10:04:48,189
UAE4ALL00,UAE4ALL,11721,06/23/2020, 11:04:37,189
UAE4ALL00,UAE4ALL,11721,06/23/2020, 12:06:26,189
UAE4ALL00,UAE4ALL,11721,06/23/2020, 13:04:46,189
UAE4ALL00,UAE4ALL,11722,06/23/2020, 14:31:49,189
UAE4ALL00,UAE4ALL,11722,06/23/2020, 15:05:00,189
UAE4ALL00,UAE4ALL,11722,06/23/2020, 16:05:01,189
UAE4ALL00,UAE4ALL,11722,06/23/2020, 17:04:46,189
UAE4ALL00,UAE4ALL,11722,06/23/2020, 18:05:13,189
UAE4ALL00,UAE4ALL,11722,06/23/2020, 19:04:32,189
UAE4ALL00,UAE4ALL,11722,06/23/2020, 20:05:30,189
UAE4ALL00,UAE4ALL,11722,06/23/2020, 21:04:46,189
UAE4ALL00,UAE4ALL,11722,06/23/2020, 22:04:35,189
UAE4ALL00,UAE4ALL,11722,06/23/2020, 23:04:23,189
UAE4ALL00,UAE4ALL,11723,06/24/2020, 00:12:39,189
UAE4ALL00,UAE4ALL,11723,06/24/2020, 01:05:34,189
UAE4ALL00,UAE4ALL,11724,06/24/2020, 02:06:20,189
UAE4ALL00,UAE4ALL,11724,06/24/2020, 03:04:45,189
UAE4ALL00,UAE4ALL,11724,06/24/2020, 04:06:00,189
UAE4ALL00,UAE4ALL,11724,06/24/2020, 05:04:54,189
UAE4ALL00,UAE4ALL,11724,06/24/2020, 06:05:16,189
UAE4ALL00,UAE4ALL,11724,06/24/2020, 07:05:18,189
UAE4ALL00,UAE4ALL,11726,06/24/2020, 08:05:48,189
UAE4ALL00,UAE4ALL,11726,06/24/2020, 09:04:55,189
UAE4ALL00,UAE4ALL,11727,06/24/2020, 10:04:47,189
UAE4ALL00,UAE4ALL,11727,06/24/2020, 11:04:57,189
UAE4ALL00,UAE4ALL,11728,06/24/2020, 12:06:27,189
UAE4ALL00,UAE4ALL,11728,06/24/2020, 13:05:08,189
UAE4ALL00,UAE4ALL,11728,06/24/2020, 14:05:04,189
UAE4ALL00,UAE4ALL,11728,06/24/2020, 15:06:28,189
UAE4ALL00,UAE4ALL,11728,06/24/2020, 16:05:09,189
UAE4ALL00,UAE4ALL,11728,06/24/2020, 17:05:41,189
UAE4ALL00,UAE4ALL,11728,06/24/2020, 18:04:53,189
UAE4ALL00,UAE4ALL,11728,06/24/2020, 19:04:45,189
UAE4ALL00,UAE4ALL,11728,06/24/2020, 20:05:14,189
UAE4ALL00,UAE4ALL,11728,06/24/2020, 21:06:44,189
UAE4ALL00,UAE4ALL,11728,06/24/2020, 22:04:52,189
UAE4ALL00,UAE4ALL,11728,06/24/2020, 23:04:55,189
UAE4ALL00,UAE4ALL,11728,06/25/2020, 00:13:08,189
UAE4ALL00,UAE4ALL,11729,06/25/2020, 01:05:36,189
UAE4ALL00,UAE4ALL,11731,06/25/2020, 02:06:05,189
UAE4ALL00,UAE4ALL,11731,06/25/2020, 03:04:48,189
UAE4ALL00,UAE4ALL,11732,06/25/2020, 04:07:10,189
UAE4ALL00,UAE4ALL,11732,06/25/2020, 05:05:45,189
UAE4ALL00,UAE4ALL,11733,06/25/2020, 06:13:28,189
UAE4ALL00,UAE4ALL,11733,06/25/2020, 07:05:45,189
UAE4ALL00,UAE4ALL,11733,06/25/2020, 08:05:40,189
UAE4ALL00,UAE4ALL,11733,06/25/2020, 09:05:13,189
UAE4ALL00,UAE4ALL,11733,06/25/2020, 10:04:59,189
UAE4ALL00,UAE4ALL,11734,06/25/2020, 11:04:54,189
UAE4ALL00,UAE4ALL,11734,06/25/2020, 12:06:33,189
UAE4ALL00,UAE4ALL,11734,06/25/2020, 13:04:48,189
UAE4ALL00,UAE4ALL,11734,06/25/2020, 14:04:58,189
UAE4ALL00,UAE4ALL,11734,06/25/2020, 15:04:55,189
UAE4ALL00,UAE4ALL,11735,06/25/2020, 16:05:03,189
UAE4ALL00,UAE4ALL,11735,06/25/2020, 17:05:41,189
UAE4ALL00,UAE4ALL,11735,06/25/2020, 18:07:17,189
UAE4ALL00,UAE4ALL,11736,06/25/2020, 19:04:48,189
UAE4ALL00,UAE4ALL,11737,06/25/2020, 20:06:34,189
UAE4ALL00,UAE4ALL,11737,06/25/2020, 21:04:48,189
UAE4ALL00,UAE4ALL,11738,06/25/2020, 22:06:40,189
UAE4ALL00,UAE4ALL,11739,06/25/2020, 23:04:37,189
UAE4ALL00,UAE4ALL,11739,06/26/2020, 00:13:15,189
UAE4ALL00,UAE4ALL,11739,06/26/2020, 01:05:22,189
UAE4ALL00,UAE4ALL,11740,06/26/2020, 02:05:42,189
UAE4ALL00,UAE4ALL,11740,06/26/2020, 03:05:08,189
UAE4ALL00,UAE4ALL,11740,06/26/2020, 04:05:16,189
UAE4ALL00,UAE4ALL,11740,06/26/2020, 05:05:03,189
UAE4ALL00,UAE4ALL,11740,06/26/2020, 06:06:20,189
UAE4ALL00,UAE4ALL,11740,06/26/2020, 07:04:51,189
UAE4ALL00,UAE4ALL,11740,06/26/2020, 08:05:48,189
UAE4ALL00,UAE4ALL,11740,06/26/2020, 09:05:07,189
UAE4ALL00,UAE4ALL,11740,06/26/2020, 10:04:59,189
UAE4ALL00,UAE4ALL,11741,06/26/2020, 11:04:49,189
UAE4ALL00,UAE4ALL,11742,06/26/2020, 12:06:56,189
UAE4ALL00,UAE4ALL,11742,06/26/2020, 13:05:06,189
UAE4ALL00,UAE4ALL,11742,06/26/2020, 14:04:54,189
UAE4ALL00,UAE4ALL,11743,06/26/2020, 15:04:49,189
UAE4ALL00,UAE4ALL,11744,06/26/2020, 16:05:04,189
UAE4ALL00,UAE4ALL,11744,06/26/2020, 17:05:23,189
UAE4ALL00,UAE4ALL,11745,06/26/2020, 18:05:21,189
UAE4ALL00,UAE4ALL,11745,06/26/2020, 19:04:42,189
UAE4ALL00,UAE4ALL,11745,06/26/2020, 20:05:47,189
UAE4ALL00,UAE4ALL,11745,06/26/2020, 21:04:56,189
UAE4ALL00,UAE4ALL,11745,06/26/2020, 22:04:48,189
UAE4ALL00,UAE4ALL,11745,06/26/2020, 23:04:38,189
UAE4ALL00,UAE4ALL,11745,06/27/2020, 00:13:15,189
UAE4ALL00,UAE4ALL,11745,06/27/2020, 01:05:35,189
UAE4ALL00,UAE4ALL,11746,06/27/2020, 02:07:18,189
UAE4ALL00,UAE4ALL,11746,06/27/2020, 03:04:48,189
UAE4ALL00,UAE4ALL,11746,06/27/2020, 04:07:48,189
UAE4ALL00,UAE4ALL,11747,06/27/2020, 05:08:45,189
UAE4ALL00,UAE4ALL,11747,06/27/2020, 06:05:58,189
UAE4ALL00,UAE4ALL,11747,06/27/2020, 07:07:04,189
UAE4ALL00,UAE4ALL,11747,06/27/2020, 08:06:57,189
UAE4ALL00,UAE4ALL,11747,06/27/2020, 09:07:06,189
UAE4ALL00,UAE4ALL,11747,06/27/2020, 10:06:55,189
UAE4ALL00,UAE4ALL,11747,06/27/2020, 11:04:45,189
UAE4ALL00,UAE4ALL,11748,06/27/2020, 12:06:05,189
UAE4ALL00,UAE4ALL,11748,06/27/2020, 13:05:10,189
UAE4ALL00,UAE4ALL,11748,06/27/2020, 14:05:46,189
UAE4ALL00,UAE4ALL,11748,06/27/2020, 15:04:47,189
UAE4ALL00,UAE4ALL,11748,06/27/2020, 16:05:12,189
UAE4ALL00,UAE4ALL,11748,06/27/2020, 17:05:34,189
UAE4ALL00,UAE4ALL,11749,06/27/2020, 18:05:25,189
UAE4ALL00,UAE4ALL,11749,06/27/2020, 19:04:56,189
UAE4ALL00,UAE4ALL,11749,06/27/2020, 20:05:37,189
UAE4ALL00,UAE4ALL,11749,06/27/2020, 21:05:53,189
UAE4ALL00,UAE4ALL,11749,06/27/2020, 22:05:04,189
UAE4ALL00,UAE4ALL,11749,06/27/2020, 23:05:44,189
UAE4ALL00,UAE4ALL,11749,06/28/2020, 00:14:11,189
UAE4ALL00,UAE4ALL,11749,06/28/2020, 01:05:24,189
UAE4ALL00,UAE4ALL,11749,06/28/2020, 02:06:01,189
UAE4ALL00,UAE4ALL,11749,06/28/2020, 03:05:18,189
UAE4ALL00,UAE4ALL,11749,06/28/2020, 04:06:18,189
UAE4ALL00,UAE4ALL,11750,06/28/2020, 05:04:44,189
UAE4ALL00,UAE4ALL,11751,06/28/2020, 06:06:43,189
UAE4ALL00,UAE4ALL,11751,06/28/2020, 07:05:12,189
UAE4ALL00,UAE4ALL,11751,06/28/2020, 08:05:32,189
UAE4ALL00,UAE4ALL,11751,06/28/2020, 09:05:34,189
UAE4ALL00,UAE4ALL,11751,06/28/2020, 10:05:06,189
UAE4ALL00,UAE4ALL,11751,06/28/2020, 11:05:07,189
UAE4ALL00,UAE4ALL,11751,06/28/2020, 12:06:10,189
UAE4ALL00,UAE4ALL,11751,06/28/2020, 13:04:55,189
UAE4ALL00,UAE4ALL,11751,06/28/2020, 14:07:57,189
UAE4ALL00,UAE4ALL,11751,06/28/2020, 15:10:33,189
UAE4ALL00,UAE4ALL,11751,06/28/2020, 16:05:02,189
UAE4ALL00,UAE4ALL,11751,06/28/2020, 17:04:46,189
UAE4ALL00,UAE4ALL,11751,06/28/2020, 18:05:06,189
UAE4ALL00,UAE4ALL,11751,06/28/2020, 19:07:04,189
UAE4ALL00,UAE4ALL,11751,06/28/2020, 20:05:15,189
UAE4ALL00,UAE4ALL,11751,06/28/2020, 21:08:13,189
UAE4ALL00,UAE4ALL,11751,06/28/2020, 22:07:08,189
UAE4ALL00,UAE4ALL,11751,06/28/2020, 23:04:41,189
UAE4ALL00,UAE4ALL,11751,06/29/2020, 00:13:46,189
UAE4ALL00,UAE4ALL,11751,06/29/2020, 01:05:18,189
UAE4ALL00,UAE4ALL,11751,06/29/2020, 02:05:51,189
UAE4ALL00,UAE4ALL,11751,06/29/2020, 03:05:05,189
UAE4ALL00,UAE4ALL,11751,06/29/2020, 04:05:13,189
UAE4ALL00,UAE4ALL,11751,06/29/2020, 05:05:08,189
UAE4ALL00,UAE4ALL,11751,06/29/2020, 06:05:33,189
UAE4ALL00,UAE4ALL,11752,06/29/2020, 07:05:16,189
UAE4ALL00,UAE4ALL,11752,06/29/2020, 08:05:45,189
UAE4ALL00,UAE4ALL,11752,06/29/2020, 09:06:33,189
UAE4ALL00,UAE4ALL,11754,06/29/2020, 11:05:30,189
UAE4ALL00,UAE4ALL,11754,06/29/2020, 12:06:37,189
UAE4ALL00,UAE4ALL,11754,06/29/2020, 13:04:58,189
UAE4ALL00,UAE4ALL,11754,06/29/2020, 14:05:21,189
UAE4ALL00,UAE4ALL,11754,06/29/2020, 15:04:50,189
UAE4ALL00,UAE4ALL,11755,06/29/2020, 16:09:13,189
UAE4ALL00,UAE4ALL,11757,06/29/2020, 17:05:23,189
UAE4ALL00,UAE4ALL,11757,06/29/2020, 18:05:27,189
UAE4ALL00,UAE4ALL,11757,06/29/2020, 19:04:50,189
UAE4ALL00,UAE4ALL,11757,06/29/2020, 20:05:41,189
UAE4ALL00,UAE4ALL,11757,06/29/2020, 21:05:10,189
UAE4ALL00,UAE4ALL,11757,06/29/2020, 22:04:55,189
UAE4ALL00,UAE4ALL,11757,06/29/2020, 23:04:56,189
UAE4ALL00,UAE4ALL,11757,06/30/2020, 00:13:24,189
UAE4ALL00,UAE4ALL,11757,06/30/2020, 01:05:14,189
UAE4ALL00,UAE4ALL,11757,06/30/2020, 02:05:48,189
UAE4ALL00,UAE4ALL,11757,06/30/2020, 03:04:54,189
UAE4ALL00,UAE4ALL,11757,06/30/2020, 04:05:57,189
UAE4ALL00,UAE4ALL,11757,06/30/2020, 05:05:05,189
UAE4ALL00,UAE4ALL,11757,06/30/2020, 06:05:25,189
UAE4ALL00,UAE4ALL,11757,06/30/2020, 07:05:08,189
UAE4ALL00,UAE4ALL,11757,06/30/2020, 08:05:56,189
UAE4ALL00,UAE4ALL,11757,06/30/2020, 09:05:08,189
UAE4ALL00,UAE4ALL,11757,06/30/2020, 10:05:06,189
UAE4ALL00,UAE4ALL,11757,06/30/2020, 11:04:51,189
UAE4ALL00,UAE4ALL,11757,06/30/2020, 12:06:27,189
UAE4ALL00,UAE4ALL,11757,06/30/2020, 13:04:51,189
UAE4ALL00,UAE4ALL,11757,06/30/2020, 14:31:49,189
UAE4ALL00,UAE4ALL,11757,06/30/2020, 15:05:08,189
UAE4ALL00,UAE4ALL,11757,06/30/2020, 16:05:36,189
UAE4ALL00,UAE4ALL,11757,06/30/2020, 17:04:50,189
UAE4ALL00,UAE4ALL,11757,06/30/2020, 18:05:28,189
UAE4ALL00,UAE4ALL,11757,06/30/2020, 19:04:44,189
UAE4ALL00,UAE4ALL,11758,06/30/2020, 20:06:49,189
UAE4ALL00,UAE4ALL,11758,06/30/2020, 21:05:21,189
UAE4ALL00,UAE4ALL,11758,06/30/2020, 22:05:55,189
UAE4ALL00,UAE4ALL,11758,06/30/2020, 23:05:36,189
UAE4ALL00,UAE4ALL,11759,07/01/2020, 00:16:39,189
UAE4ALL00,UAE4ALL,11759,07/01/2020, 01:06:32,189
UAE4ALL00,UAE4ALL,11759,07/01/2020, 02:06:28,189
UAE4ALL00,UAE4ALL,11759,07/01/2020, 03:06:11,189
UAE4ALL00,UAE4ALL,11759,07/01/2020, 04:06:17,189
UAE4ALL00,UAE4ALL,11759,07/01/2020, 05:05:51,189
UAE4ALL00,UAE4ALL,11759,07/01/2020, 06:06:43,189
UAE4ALL00,UAE4ALL,11760,07/01/2020, 07:07:33,189
UAE4ALL00,UAE4ALL,11760,07/01/2020, 08:06:39,189
UAE4ALL00,UAE4ALL,11760,07/01/2020, 09:06:12,189
UAE4ALL00,UAE4ALL,11760,07/01/2020, 10:06:10,189
UAE4ALL00,UAE4ALL,11760,07/01/2020, 11:05:30,189
UAE4ALL00,UAE4ALL,11760,07/01/2020, 12:07:52,189
UAE4ALL00,UAE4ALL,11760,07/01/2020, 13:04:53,189
UAE4ALL00,UAE4ALL,11762,07/01/2020, 14:05:37,189
UAE4ALL00,UAE4ALL,11762,07/01/2020, 15:05:58,189
UAE4ALL00,UAE4ALL,11762,07/01/2020, 16:06:26,189
UAE4ALL00,UAE4ALL,11762,07/01/2020, 17:06:02,189
UAE4ALL00,UAE4ALL,11763,07/01/2020, 18:06:16,189
UAE4ALL00,UAE4ALL,11763,07/01/2020, 19:05:42,189
UAE4ALL00,UAE4ALL,11764,07/01/2020, 20:07:12,189
UAE4ALL00,UAE4ALL,11764,07/01/2020, 21:05:41,189
UAE4ALL00,UAE4ALL,11766,07/01/2020, 22:05:47,189
UAE4ALL00,UAE4ALL,11766,07/01/2020, 23:05:40,189
UAE4ALL00,UAE4ALL,11766,07/02/2020, 00:16:07,189
UAE4ALL00,UAE4ALL,11766,07/02/2020, 01:07:00,189
UAE4ALL00,UAE4ALL,11766,07/02/2020, 02:06:30,189
UAE4ALL00,UAE4ALL,11766,07/02/2020, 03:06:19,189
UAE4ALL00,UAE4ALL,11766,07/02/2020, 04:07:11,189
UAE4ALL00,UAE4ALL,11766,07/02/2020, 05:05:56,189
UAE4ALL00,UAE4ALL,11767,07/02/2020, 06:06:46,189
UAE4ALL00,UAE4ALL,11767,07/02/2020, 07:05:44,189
UAE4ALL00,UAE4ALL,11767,07/02/2020, 08:06:39,189
UAE4ALL00,UAE4ALL,11767,07/02/2020, 09:05:48,189
UAE4ALL00,UAE4ALL,11767,07/02/2020, 10:06:08,189
UAE4ALL00,UAE4ALL,11767,07/02/2020, 11:05:35,189
UAE4ALL00,UAE4ALL,11768,07/02/2020, 12:08:14,189
UAE4ALL00,UAE4ALL,11769,07/02/2020, 13:06:14,189
UAE4ALL00,UAE4ALL,11770,07/02/2020, 14:06:33,189
UAE4ALL00,UAE4ALL,11771,07/02/2020, 15:05:56,189
UAE4ALL00,UAE4ALL,11771,07/02/2020, 16:06:27,189
UAE4ALL00,UAE4ALL,11771,07/02/2020, 17:06:10,189
UAE4ALL00,UAE4ALL,11772,07/02/2020, 18:06:25,189
UAE4ALL00,UAE4ALL,11772,07/02/2020, 19:05:40,189
UAE4ALL00,UAE4ALL,11772,07/02/2020, 20:07:08,189
UAE4ALL00,UAE4ALL,11772,07/02/2020, 21:05:36,189
UAE4ALL00,UAE4ALL,11772,07/02/2020, 22:05:43,189
UAE4ALL00,UAE4ALL,11773,07/02/2020, 23:06:05,189
UAE4ALL00,UAE4ALL,11774,07/03/2020, 00:16:47,189
UAE4ALL00,UAE4ALL,11774,07/03/2020, 01:06:39,189
UAE4ALL00,UAE4ALL,11774,07/03/2020, 02:06:38,189
UAE4ALL00,UAE4ALL,11774,07/03/2020, 03:06:12,189
UAE4ALL00,UAE4ALL,11774,07/03/2020, 04:06:36,189
UAE4ALL00,UAE4ALL,11775,07/03/2020, 05:05:27,189
UAE4ALL00,UAE4ALL,11775,07/03/2020, 06:06:22,189
UAE4ALL00,UAE4ALL,11775,07/03/2020, 07:05:50,189
UAE4ALL00,UAE4ALL,11775,07/03/2020, 08:06:44,189
UAE4ALL00,UAE4ALL,11776,07/03/2020, 09:06:07,189
UAE4ALL00,UAE4ALL,11776,07/03/2020, 10:06:10,189
UAE4ALL00,UAE4ALL,11776,07/03/2020, 11:05:22,189
UAE4ALL00,UAE4ALL,11777,07/03/2020, 12:08:38,189
UAE4ALL00,UAE4ALL,11777,07/03/2020, 13:05:52,189
UAE4ALL00,UAE4ALL,11777,07/03/2020, 14:06:37,189
UAE4ALL00,UAE4ALL,11778,07/03/2020, 15:05:40,189
UAE4ALL00,UAE4ALL,11778,07/03/2020, 16:06:35,189
UAE4ALL00,UAE4ALL,11778,07/03/2020, 17:05:42,189
UAE4ALL00,UAE4ALL,11778,07/03/2020, 18:06:27,189
UAE4ALL00,UAE4ALL,11780,07/03/2020, 19:05:21,189
UAE4ALL00,UAE4ALL,11782,07/03/2020, 20:06:54,189
UAE4ALL00,UAE4ALL,11782,07/03/2020, 21:05:43,189
UAE4ALL00,UAE4ALL,11783,07/03/2020, 22:06:04,189
UAE4ALL00,UAE4ALL,11783,07/03/2020, 23:05:33,189
UAE4ALL00,UAE4ALL,11783,07/04/2020, 00:16:09,189
UAE4ALL00,UAE4ALL,11783,07/04/2020, 01:06:31,189
UAE4ALL00,UAE4ALL,11783,07/04/2020, 02:06:28,189
UAE4ALL00,UAE4ALL,11783,07/04/2020, 03:05:52,189
UAE4ALL00,UAE4ALL,11783,07/04/2020, 04:06:48,189
UAE4ALL00,UAE4ALL,11783,07/04/2020, 05:05:43,189
UAE4ALL00,UAE4ALL,11784,07/04/2020, 06:06:37,189
UAE4ALL00,UAE4ALL,11784,07/04/2020, 07:06:03,189
UAE4ALL00,UAE4ALL,11784,07/04/2020, 08:07:09,189
UAE4ALL00,UAE4ALL,11785,07/04/2020, 09:05:33,189
UAE4ALL00,UAE4ALL,11785,07/04/2020, 10:06:10,189
UAE4ALL00,UAE4ALL,11785,07/04/2020, 11:05:43,189
UAE4ALL00,UAE4ALL,11786,07/04/2020, 12:07:42,189
UAE4ALL00,UAE4ALL,11786,07/04/2020, 13:06:05,189
UAE4ALL00,UAE4ALL,11786,07/04/2020, 14:08:00,189
UAE4ALL00,UAE4ALL,11787,07/04/2020, 15:05:42,189
UAE4ALL00,UAE4ALL,11787,07/04/2020, 16:06:17,189
UAE4ALL00,UAE4ALL,11787,07/04/2020, 17:06:33,189
UAE4ALL00,UAE4ALL,11788,07/04/2020, 18:06:27,189
UAE4ALL00,UAE4ALL,11788,07/04/2020, 19:05:22,189
UAE4ALL00,UAE4ALL,11788,07/04/2020, 20:06:44,189
UAE4ALL00,UAE4ALL,11788,07/04/2020, 21:05:42,189
UAE4ALL00,UAE4ALL,11788,07/04/2020, 22:06:16,189
UAE4ALL00,UAE4ALL,11788,07/04/2020, 23:06:10,189
UAE4ALL00,UAE4ALL,11789,07/05/2020, 00:17:08,189
UAE4ALL00,UAE4ALL,11789,07/05/2020, 01:06:44,189
UAE4ALL00,UAE4ALL,11789,07/05/2020, 02:06:28,189
UAE4ALL00,UAE4ALL,11789,07/05/2020, 03:05:53,189
UAE4ALL00,UAE4ALL,11789,07/05/2020, 04:06:30,189
UAE4ALL00,UAE4ALL,11789,07/05/2020, 05:05:38,189
UAE4ALL00,UAE4ALL,11789,07/05/2020, 06:06:35,189
UAE4ALL00,UAE4ALL,11790,07/05/2020, 07:06:06,189
UAE4ALL00,UAE4ALL,11790,07/05/2020, 08:06:26,189
UAE4ALL00,UAE4ALL,11790,07/05/2020, 09:05:49,189
UAE4ALL00,UAE4ALL,11790,07/05/2020, 10:06:51,189
UAE4ALL00,UAE4ALL,11790,07/05/2020, 11:05:40,189
UAE4ALL00,UAE4ALL,11790,07/05/2020, 12:07:48,189
UAE4ALL00,UAE4ALL,11790,07/05/2020, 13:07:04,189
UAE4ALL00,UAE4ALL,11790,07/05/2020, 14:06:21,189
UAE4ALL00,UAE4ALL,11790,07/05/2020, 15:05:46,189
UAE4ALL00,UAE4ALL,11791,07/05/2020, 16:06:30,189
UAE4ALL00,UAE4ALL,11791,07/05/2020, 17:05:44,189
UAE4ALL00,UAE4ALL,11791,07/05/2020, 18:06:32,189
UAE4ALL00,UAE4ALL,11791,07/05/2020, 19:05:29,189
UAE4ALL00,UAE4ALL,11791,07/05/2020, 20:06:50,189
UAE4ALL00,UAE4ALL,11791,07/05/2020, 21:05:43,189
UAE4ALL00,UAE4ALL,11792,07/05/2020, 22:06:14,189
UAE4ALL00,UAE4ALL,11793,07/05/2020, 23:06:02,189
UAE4ALL00,UAE4ALL,11794,07/06/2020, 00:16:38,189
UAE4ALL00,UAE4ALL,11795,07/06/2020, 01:06:36,189
UAE4ALL00,UAE4ALL,11795,07/06/2020, 02:06:39,189
UAE4ALL00,UAE4ALL,11795,07/06/2020, 03:05:57,189
UAE4ALL00,UAE4ALL,11796,07/06/2020, 04:06:24,189
UAE4ALL00,UAE4ALL,11797,07/06/2020, 05:05:41,189
UAE4ALL00,UAE4ALL,11797,07/06/2020, 06:06:40,189
UAE4ALL00,UAE4ALL,11797,07/06/2020, 07:06:02,189
UAE4ALL00,UAE4ALL,11797,07/06/2020, 08:06:56,189
UAE4ALL00,UAE4ALL,11797,07/06/2020, 09:06:25,189
UAE4ALL00,UAE4ALL,11797,07/06/2020, 10:06:05,189
UAE4ALL00,UAE4ALL,11797,07/06/2020, 11:05:35,189
UAE4ALL00,UAE4ALL,11797,07/06/2020, 12:08:23,189
UAE4ALL00,UAE4ALL,11798,07/06/2020, 13:05:56,189
UAE4ALL00,UAE4ALL,11801,07/06/2020, 14:06:30,189
UAE4ALL00,UAE4ALL,11801,07/06/2020, 15:05:58,189
UAE4ALL00,UAE4ALL,11801,07/06/2020, 16:06:31,189
UAE4ALL00,UAE4ALL,11801,07/06/2020, 17:06:00,189
UAE4ALL00,UAE4ALL,11802,07/06/2020, 18:06:33,189
UAE4ALL00,UAE4ALL,11802,07/06/2020, 19:05:38,189
UAE4ALL00,UAE4ALL,11803,07/06/2020, 20:07:03,189
UAE4ALL00,UAE4ALL,11803,07/06/2020, 21:05:56,189
UAE4ALL00,UAE4ALL,11803,07/06/2020, 22:05:50,189
UAE4ALL00,UAE4ALL,11804,07/06/2020, 23:05:47,189
UAE4ALL00,UAE4ALL,11804,07/07/2020, 00:16:23,189
UAE4ALL00,UAE4ALL,11804,07/07/2020, 01:06:24,189
UAE4ALL00,UAE4ALL,11804,07/07/2020, 02:06:20,189
UAE4ALL00,UAE4ALL,11804,07/07/2020, 03:05:49,189
UAE4ALL00,UAE4ALL,11804,07/07/2020, 04:06:22,189
UAE4ALL00,UAE4ALL,11804,07/07/2020, 05:05:42,189
UAE4ALL00,UAE4ALL,11805,07/07/2020, 06:06:34,189
UAE4ALL00,UAE4ALL,11806,07/07/2020, 07:06:15,189
UAE4ALL00,UAE4ALL,11806,07/07/2020, 08:06:30,189
UAE4ALL00,UAE4ALL,11806,07/07/2020, 09:06:00,189
UAE4ALL00,UAE4ALL,11807,07/07/2020, 10:06:05,189
UAE4ALL00,UAE4ALL,11807,07/07/2020, 11:05:31,189
UAE4ALL00,UAE4ALL,11807,07/07/2020, 12:07:39,189
UAE4ALL00,UAE4ALL,11807,07/07/2020, 13:06:00,189
UAE4ALL00,UAE4ALL,11807,07/07/2020, 14:06:51,189
UAE4ALL00,UAE4ALL,11808,07/07/2020, 15:05:46,189
UAE4ALL00,UAE4ALL,11808,07/07/2020, 16:06:17,189
UAE4ALL00,UAE4ALL,11808,07/07/2020, 17:05:53,189
UAE4ALL00,UAE4ALL,11808,07/07/2020, 18:06:16,189
UAE4ALL00,UAE4ALL,11808,07/07/2020, 19:05:20,189
UAE4ALL00,UAE4ALL,11808,07/07/2020, 20:06:51,189
UAE4ALL00,UAE4ALL,11809,07/07/2020, 21:05:53,189
UAE4ALL00,UAE4ALL,11809,07/07/2020, 22:05:45,189
UAE4ALL00,UAE4ALL,11809,07/07/2020, 23:05:55,189
UAE4ALL00,UAE4ALL,11809,07/08/2020, 00:16:20,189
UAE4ALL00,UAE4ALL,11809,07/08/2020, 01:06:24,189
UAE4ALL00,UAE4ALL,11809,07/08/2020, 02:06:25,189
UAE4ALL00,UAE4ALL,11809,07/08/2020, 03:05:47,189
UAE4ALL00,UAE4ALL,11809,07/08/2020, 04:06:13,189
UAE4ALL00,UAE4ALL,11809,07/08/2020, 05:06:03,189
UAE4ALL00,UAE4ALL,11809,07/08/2020, 06:06:36,189
UAE4ALL00,UAE4ALL,11809,07/08/2020, 07:06:11,189
UAE4ALL00,UAE4ALL,11809,07/08/2020, 08:07:03,189
UAE4ALL00,UAE4ALL,11809,07/08/2020, 09:06:05,189
UAE4ALL00,UAE4ALL,11809,07/08/2020, 10:06:01,189
UAE4ALL00,UAE4ALL,11809,07/08/2020, 11:05:30,189
UAE4ALL00,UAE4ALL,11809,07/08/2020, 12:07:53,189
UAE4ALL00,UAE4ALL,11809,07/08/2020, 13:05:57,189
UAE4ALL00,UAE4ALL,11809,07/08/2020, 14:06:30,189
UAE4ALL00,UAE4ALL,11809,07/08/2020, 15:05:55,189
UAE4ALL00,UAE4ALL,11809,07/08/2020, 16:06:19,189
UAE4ALL00,UAE4ALL,11809,07/08/2020, 17:06:02,189
UAE4ALL00,UAE4ALL,11810,07/08/2020, 18:06:27,189
UAE4ALL00,UAE4ALL,11810,07/08/2020, 19:05:48,189
UAE4ALL00,UAE4ALL,11812,07/08/2020, 20:07:16,189
UAE4ALL00,UAE4ALL,11813,07/08/2020, 21:05:45,189
UAE4ALL00,UAE4ALL,11813,07/08/2020, 22:05:44,189
UAE4ALL00,UAE4ALL,11814,07/08/2020, 23:06:04,189
UAE4ALL00,UAE4ALL,11814,07/09/2020, 00:16:42,189
UAE4ALL00,UAE4ALL,11814,07/09/2020, 01:06:17,189
UAE4ALL00,UAE4ALL,11815,07/09/2020, 02:06:41,189
UAE4ALL00,UAE4ALL,11815,07/09/2020, 03:06:10,189
UAE4ALL00,UAE4ALL,11815,07/09/2020, 04:06:45,189
UAE4ALL00,UAE4ALL,11815,07/09/2020, 05:05:57,189
UAE4ALL00,UAE4ALL,11815,07/09/2020, 06:06:28,189
UAE4ALL00,UAE4ALL,11816,07/09/2020, 07:05:57,189
UAE4ALL00,UAE4ALL,11816,07/09/2020, 08:06:18,189
UAE4ALL00,UAE4ALL,11816,07/09/2020, 09:05:43,189
UAE4ALL00,UAE4ALL,11816,07/09/2020, 10:06:05,189
UAE4ALL00,UAE4ALL,11816,07/09/2020, 11:05:36,189
UAE4ALL00,UAE4ALL,11816,07/09/2020, 12:08:03,189
UAE4ALL00,UAE4ALL,11816,07/09/2020, 13:06:02,189
UAE4ALL00,UAE4ALL,11816,07/09/2020, 14:06:52,189
UAE4ALL00,UAE4ALL,11818,07/09/2020, 15:06:10,189
UAE4ALL00,UAE4ALL,11818,07/09/2020, 16:06:21,189
UAE4ALL00,UAE4ALL,11818,07/09/2020, 17:06:12,189
UAE4ALL00,UAE4ALL,11818,07/09/2020, 18:06:43,189
UAE4ALL00,UAE4ALL,11819,07/09/2020, 19:05:44,189
UAE4ALL00,UAE4ALL,11820,07/09/2020, 20:06:59,189
UAE4ALL00,UAE4ALL,11820,07/09/2020, 21:06:05,189
UAE4ALL00,UAE4ALL,11820,07/09/2020, 22:06:06,189
UAE4ALL00,UAE4ALL,11821,07/09/2020, 23:05:51,189
UAE4ALL00,UAE4ALL,11821,07/10/2020, 00:16:56,189
UAE4ALL00,UAE4ALL,11821,07/10/2020, 01:06:56,189
UAE4ALL00,UAE4ALL,11821,07/10/2020, 02:06:51,189
UAE4ALL00,UAE4ALL,11821,07/10/2020, 03:06:16,189
UAE4ALL00,UAE4ALL,11821,07/10/2020, 04:06:43,189
UAE4ALL00,UAE4ALL,11821,07/10/2020, 05:05:43,189
UAE4ALL00,UAE4ALL,11821,07/10/2020, 06:06:35,189
UAE4ALL00,UAE4ALL,11821,07/10/2020, 07:06:22,189
UAE4ALL00,UAE4ALL,11821,07/10/2020, 08:07:09,189
UAE4ALL00,UAE4ALL,11821,07/10/2020, 09:06:34,189
UAE4ALL00,UAE4ALL,11821,07/10/2020, 10:05:57,189
UAE4ALL00,UAE4ALL,11821,07/10/2020, 11:05:54,189
UAE4ALL00,UAE4ALL,11821,07/10/2020, 12:08:53,189
UAE4ALL00,UAE4ALL,11821,07/10/2020, 13:05:56,189
UAE4ALL00,UAE4ALL,11822,07/10/2020, 14:06:49,189
UAE4ALL00,UAE4ALL,11822,07/10/2020, 15:06:01,189
UAE4ALL00,UAE4ALL,11823,07/10/2020, 16:06:24,189
UAE4ALL00,UAE4ALL,11823,07/10/2020, 17:05:48,189
UAE4ALL00,UAE4ALL,11824,07/10/2020, 18:06:45,189
UAE4ALL00,UAE4ALL,11824,07/10/2020, 19:05:45,189
UAE4ALL00,UAE4ALL,11825,07/10/2020, 20:07:06,189
UAE4ALL00,UAE4ALL,11825,07/10/2020, 21:05:58,189
UAE4ALL00,UAE4ALL,11825,07/10/2020, 22:05:54,189
UAE4ALL00,UAE4ALL,11825,07/10/2020, 23:06:09,189
UAE4ALL00,UAE4ALL,11825,07/11/2020, 00:16:59,189
UAE4ALL00,UAE4ALL,11826,07/11/2020, 01:06:40,189
UAE4ALL00,UAE4ALL,11826,07/11/2020, 02:06:46,189
UAE4ALL00,UAE4ALL,11826,07/11/2020, 03:06:08,189
UAE4ALL00,UAE4ALL,11826,07/11/2020, 04:06:31,189
UAE4ALL00,UAE4ALL,11826,07/11/2020, 05:05:35,189
UAE4ALL00,UAE4ALL,11826,07/11/2020, 06:06:58,189
UAE4ALL00,UAE4ALL,11826,07/11/2020, 07:06:31,189
UAE4ALL00,UAE4ALL,11826,07/11/2020, 08:06:47,189
UAE4ALL00,UAE4ALL,11826,07/11/2020, 09:06:06,189
UAE4ALL00,UAE4ALL,11826,07/11/2020, 10:06:17,189
UAE4ALL00,UAE4ALL,11827,07/11/2020, 11:05:57,189
UAE4ALL00,UAE4ALL,11827,07/11/2020, 12:07:58,189
UAE4ALL00,UAE4ALL,11827,07/11/2020, 13:06:21,189
UAE4ALL00,UAE4ALL,11828,07/11/2020, 14:06:58,189
UAE4ALL00,UAE4ALL,11828,07/11/2020, 15:05:43,189
UAE4ALL00,UAE4ALL,11828,07/11/2020, 16:06:35,189
UAE4ALL00,UAE4ALL,11828,07/11/2020, 17:05:52,189
UAE4ALL00,UAE4ALL,11829,07/11/2020, 18:06:29,189
UAE4ALL00,UAE4ALL,11829,07/11/2020, 19:06:06,189
UAE4ALL00,UAE4ALL,11829,07/11/2020, 20:07:25,189
UAE4ALL00,UAE4ALL,11830,07/11/2020, 21:06:09,189
UAE4ALL00,UAE4ALL,11830,07/11/2020, 22:06:06,189
UAE4ALL00,UAE4ALL,11830,07/11/2020, 23:06:03,189
UAE4ALL00,UAE4ALL,11830,07/12/2020, 00:17:48,189
UAE4ALL00,UAE4ALL,11830,07/12/2020, 01:06:34,189
UAE4ALL00,UAE4ALL,11830,07/12/2020, 02:06:35,189
UAE4ALL00,UAE4ALL,11830,07/12/2020, 03:06:36,189
UAE4ALL00,UAE4ALL,11830,07/12/2020, 04:06:49,189
UAE4ALL00,UAE4ALL,11830,07/12/2020, 05:05:52,189
UAE4ALL00,UAE4ALL,11830,07/12/2020, 06:06:57,189
UAE4ALL00,UAE4ALL,11831,07/12/2020, 07:06:07,189
UAE4ALL00,UAE4ALL,11831,07/12/2020, 08:06:29,189
UAE4ALL00,UAE4ALL,11831,07/12/2020, 09:05:59,189
UAE4ALL00,UAE4ALL,11831,07/12/2020, 10:06:20,189
UAE4ALL00,UAE4ALL,11831,07/12/2020, 11:05:42,189
UAE4ALL00,UAE4ALL,11831,07/12/2020, 12:08:14,189
UAE4ALL00,UAE4ALL,11831,07/12/2020, 13:06:01,189
UAE4ALL00,UAE4ALL,11832,07/12/2020, 14:06:41,189
UAE4ALL00,UAE4ALL,11832,07/12/2020, 15:06:03,189
UAE4ALL00,UAE4ALL,11832,07/12/2020, 16:06:18,189
UAE4ALL00,UAE4ALL,11833,07/12/2020, 17:06:03,189
UAE4ALL00,UAE4ALL,11834,07/12/2020, 18:06:52,189
UAE4ALL00,UAE4ALL,11834,07/12/2020, 19:05:41,189
UAE4ALL00,UAE4ALL,11834,07/12/2020, 20:07:04,189
UAE4ALL00,UAE4ALL,11835,07/12/2020, 21:06:00,189
UAE4ALL00,UAE4ALL,11836,07/12/2020, 22:06:01,189
UAE4ALL00,UAE4ALL,11836,07/12/2020, 23:06:13,189
UAE4ALL00,UAE4ALL,11836,07/13/2020, 00:17:20,189
UAE4ALL00,UAE4ALL,11836,07/13/2020, 01:06:52,189
UAE4ALL00,UAE4ALL,11836,07/13/2020, 02:06:53,189
UAE4ALL00,UAE4ALL,11836,07/13/2020, 03:06:51,189
UAE4ALL00,UAE4ALL,11836,07/13/2020, 04:06:55,189
UAE4ALL00,UAE4ALL,11836,07/13/2020, 05:08:11,189
UAE4ALL00,UAE4ALL,11836,07/13/2020, 07:07:36,189
UAE4ALL00,UAE4ALL,11836,07/13/2020, 09:06:24,189
UAE4ALL00,UAE4ALL,11836,07/13/2020, 10:06:21,189
UAE4ALL00,UAE4ALL,11836,07/13/2020, 11:05:53,189
UAE4ALL00,UAE4ALL,11836,07/13/2020, 12:08:01,189
UAE4ALL00,UAE4ALL,11836,07/13/2020, 13:06:08,189
UAE4ALL00,UAE4ALL,11836,07/13/2020, 14:07:06,189
UAE4ALL00,UAE4ALL,11836,07/13/2020, 15:06:07,189
UAE4ALL00,UAE4ALL,11836,07/13/2020, 16:06:22,189
UAE4ALL00,UAE4ALL,11837,07/13/2020, 17:05:48,189
UAE4ALL00,UAE4ALL,11837,07/13/2020, 18:06:49,189
UAE4ALL00,UAE4ALL,11839,07/13/2020, 19:05:44,189
UAE4ALL00,UAE4ALL,11840,07/13/2020, 20:07:14,189
UAE4ALL00,UAE4ALL,11842,07/13/2020, 21:06:08,189
UAE4ALL00,UAE4ALL,11844,07/13/2020, 22:06:06,189
UAE4ALL00,UAE4ALL,11844,07/13/2020, 23:05:58,189
UAE4ALL00,UAE4ALL,11845,07/14/2020, 00:17:08,189
UAE4ALL00,UAE4ALL,11845,07/14/2020, 01:06:36,189
UAE4ALL00,UAE4ALL,11845,07/14/2020, 02:07:10,189
UAE4ALL00,UAE4ALL,11845,07/14/2020, 03:06:29,189
UAE4ALL00,UAE4ALL,11845,07/14/2020, 04:06:26,189
UAE4ALL00,UAE4ALL,11845,07/14/2020, 05:06:05,189
UAE4ALL00,UAE4ALL,11845,07/14/2020, 06:06:55,189
UAE4ALL00,UAE4ALL,11845,07/14/2020, 07:06:18,189
UAE4ALL00,UAE4ALL,11846,07/14/2020, 08:06:49,189
UAE4ALL00,UAE4ALL,11846,07/14/2020, 09:06:25,189
UAE4ALL00,UAE4ALL,11846,07/14/2020, 10:06:12,189
UAE4ALL00,UAE4ALL,11847,07/14/2020, 11:05:55,189
UAE4ALL00,UAE4ALL,11847,07/14/2020, 12:08:53,189
UAE4ALL00,UAE4ALL,11847,07/14/2020, 13:07:00,189
UAE4ALL00,UAE4ALL,11847,07/14/2020, 14:35:45,189
UAE4ALL00,UAE4ALL,11847,07/14/2020, 15:06:15,189
UAE4ALL00,UAE4ALL,11847,07/14/2020, 16:06:26,189
UAE4ALL00,UAE4ALL,11847,07/14/2020, 17:05:59,189
UAE4ALL00,UAE4ALL,11847,07/14/2020, 18:06:45,189
UAE4ALL00,UAE4ALL,11847,07/14/2020, 19:06:06,189
UAE4ALL00,UAE4ALL,11847,07/14/2020, 20:06:57,189
UAE4ALL00,UAE4ALL,11847,07/14/2020, 21:05:19,189
UAE4ALL00,UAE4ALL,11847,07/14/2020, 22:06:00,189
UAE4ALL00,UAE4ALL,11848,07/14/2020, 23:06:16,189
UAE4ALL00,UAE4ALL,11848,07/15/2020, 00:17:28,189
UAE4ALL00,UAE4ALL,11848,07/15/2020, 01:06:56,189
UAE4ALL00,UAE4ALL,11848,07/15/2020, 02:06:53,189
UAE4ALL00,UAE4ALL,11848,07/15/2020, 03:06:31,189
UAE4ALL00,UAE4ALL,11848,07/15/2020, 04:06:27,189
UAE4ALL00,UAE4ALL,11848,07/15/2020, 05:05:48,189
UAE4ALL00,UAE4ALL,11848,07/15/2020, 06:07:18,189
UAE4ALL00,UAE4ALL,11848,07/15/2020, 07:06:51,189
UAE4ALL00,UAE4ALL,11848,07/15/2020, 08:06:48,189
UAE4ALL00,UAE4ALL,11848,07/15/2020, 09:06:36,189
UAE4ALL00,UAE4ALL,11848,07/15/2020, 10:06:10,189
UAE4ALL00,UAE4ALL,11848,07/15/2020, 11:06:01,189
UAE4ALL00,UAE4ALL,11848,07/15/2020, 12:08:00,189
UAE4ALL00,UAE4ALL,11848,07/15/2020, 13:05:58,189
UAE4ALL00,UAE4ALL,11848,07/15/2020, 14:06:45,189
UAE4ALL00,UAE4ALL,11848,07/15/2020, 15:06:20,189
UAE4ALL00,UAE4ALL,11848,07/15/2020, 16:06:26,189
UAE4ALL00,UAE4ALL,11848,07/15/2020, 17:05:54,189
UAE4ALL00,UAE4ALL,11848,07/15/2020, 18:06:26,189
UAE4ALL00,UAE4ALL,11848,07/15/2020, 19:05:07,189
UAE4ALL00,UAE4ALL,11848,07/15/2020, 20:06:08,189
UAE4ALL00,UAE4ALL,11848,07/15/2020, 21:05:54,189
UAE4ALL00,UAE4ALL,11849,07/15/2020, 22:06:06,189
UAE4ALL00,UAE4ALL,11849,07/15/2020, 23:06:06,189
UAE4ALL00,UAE4ALL,11849,07/16/2020, 00:17:04,189
UAE4ALL00,UAE4ALL,11849,07/16/2020, 01:06:37,189
UAE4ALL00,UAE4ALL,11849,07/16/2020, 02:07:03,189
UAE4ALL00,UAE4ALL,11850,07/16/2020, 03:06:32,189
UAE4ALL00,UAE4ALL,11850,07/16/2020, 04:06:47,189
UAE4ALL00,UAE4ALL,11850,07/16/2020, 05:05:58,189
UAE4ALL00,UAE4ALL,11850,07/16/2020, 06:06:27,189
UAE4ALL00,UAE4ALL,11850,07/16/2020, 07:06:21,189
UAE4ALL00,UAE4ALL,11851,07/16/2020, 08:06:20,189
UAE4ALL00,UAE4ALL,11851,07/16/2020, 09:06:39,189
UAE4ALL00,UAE4ALL,11851,07/16/2020, 10:06:16,189
UAE4ALL00,UAE4ALL,11851,07/16/2020, 11:05:47,189
UAE4ALL00,UAE4ALL,11851,07/16/2020, 12:08:24,189
UAE4ALL00,UAE4ALL,11851,07/16/2020, 13:06:13,189
UAE4ALL00,UAE4ALL,11851,07/16/2020, 14:06:45,189
UAE4ALL00,UAE4ALL,11851,07/16/2020, 15:06:23,189
UAE4ALL00,UAE4ALL,11852,07/16/2020, 16:06:43,189
UAE4ALL00,UAE4ALL,11852,07/16/2020, 17:06:29,189
UAE4ALL00,UAE4ALL,11852,07/16/2020, 18:06:41,189
UAE4ALL00,UAE4ALL,11852,07/16/2020, 19:05:54,189
UAE4ALL00,UAE4ALL,11853,07/16/2020, 20:06:51,189
UAE4ALL00,UAE4ALL,11853,07/16/2020, 21:06:14,189
UAE4ALL00,UAE4ALL,11853,07/16/2020, 22:05:59,189
UAE4ALL00,UAE4ALL,11854,07/16/2020, 23:07:00,189
UAE4ALL00,UAE4ALL,11854,07/17/2020, 00:17:10,189
UAE4ALL00,UAE4ALL,11854,07/17/2020, 01:07:04,189
UAE4ALL00,UAE4ALL,11854,07/17/2020, 02:07:15,189
UAE4ALL00,UAE4ALL,11854,07/17/2020, 03:06:36,189
UAE4ALL00,UAE4ALL,11854,07/17/2020, 04:07:07,189
UAE4ALL00,UAE4ALL,11854,07/17/2020, 05:05:59,189
UAE4ALL00,UAE4ALL,11854,07/17/2020, 06:06:56,189
UAE4ALL00,UAE4ALL,11854,07/17/2020, 07:06:23,189
UAE4ALL00,UAE4ALL,11854,07/17/2020, 08:06:51,189
UAE4ALL00,UAE4ALL,11854,07/17/2020, 09:06:22,189
UAE4ALL00,UAE4ALL,11854,07/17/2020, 10:06:17,189
UAE4ALL00,UAE4ALL,11854,07/17/2020, 11:05:50,189
UAE4ALL00,UAE4ALL,11854,07/17/2020, 12:08:47,189
UAE4ALL00,UAE4ALL,11854,07/17/2020, 13:06:07,189
UAE4ALL00,UAE4ALL,11854,07/17/2020, 14:06:33,189
UAE4ALL00,UAE4ALL,11855,07/17/2020, 15:05:59,189
UAE4ALL00,UAE4ALL,11856,07/17/2020, 16:07:05,189
UAE4ALL00,UAE4ALL,11856,07/17/2020, 17:05:49,189
UAE4ALL00,UAE4ALL,11856,07/17/2020, 18:06:29,189
UAE4ALL00,UAE4ALL,11856,07/17/2020, 19:06:05,189
UAE4ALL00,UAE4ALL,11856,07/17/2020, 20:07:08,189
UAE4ALL00,UAE4ALL,11857,07/17/2020, 21:05:32,189
UAE4ALL00,UAE4ALL,11857,07/17/2020, 22:06:06,189
UAE4ALL00,UAE4ALL,11858,07/17/2020, 23:06:04,189
UAE4ALL00,UAE4ALL,11858,07/18/2020, 00:17:27,189
UAE4ALL00,UAE4ALL,11858,07/18/2020, 01:06:51,189
UAE4ALL00,UAE4ALL,11858,07/18/2020, 02:07:04,189
UAE4ALL00,UAE4ALL,11858,07/18/2020, 03:06:33,189
UAE4ALL00,UAE4ALL,11858,07/18/2020, 04:06:33,189
UAE4ALL00,UAE4ALL,11858,07/18/2020, 05:05:58,189
UAE4ALL00,UAE4ALL,11858,07/18/2020, 06:06:44,189
UAE4ALL00,UAE4ALL,11858,07/18/2020, 07:06:28,189
UAE4ALL00,UAE4ALL,11858,07/18/2020, 09:06:13,189
UAE4ALL00,UAE4ALL,11858,07/18/2020, 10:06:10,189
UAE4ALL00,UAE4ALL,11858,07/18/2020, 11:06:06,189
UAE4ALL00,UAE4ALL,11858,07/18/2020, 12:08:03,189
UAE4ALL00,UAE4ALL,11858,07/18/2020, 13:05:55,189
UAE4ALL00,UAE4ALL,11859,07/18/2020, 14:06:26,189
UAE4ALL00,UAE4ALL,11859,07/18/2020, 15:05:56,189
UAE4ALL00,UAE4ALL,11859,07/18/2020, 16:06:18,189
UAE4ALL00,UAE4ALL,11859,07/18/2020, 17:05:38,189
UAE4ALL00,UAE4ALL,11859,07/18/2020, 18:06:52,189
UAE4ALL00,UAE4ALL,11859,07/18/2020, 19:05:35,189
UAE4ALL00,UAE4ALL,11859,07/18/2020, 20:07:09,189
UAE4ALL00,UAE4ALL,11860,07/18/2020, 21:06:25,189
UAE4ALL00,UAE4ALL,11860,07/18/2020, 22:05:52,189
UAE4ALL00,UAE4ALL,11861,07/18/2020, 23:05:42,189
UAE4ALL00,UAE4ALL,11861,07/19/2020, 00:18:09,189
UAE4ALL00,UAE4ALL,11861,07/19/2020, 01:06:52,189
UAE4ALL00,UAE4ALL,11861,07/19/2020, 02:07:01,189
UAE4ALL00,UAE4ALL,11861,07/19/2020, 03:06:18,189
UAE4ALL00,UAE4ALL,11861,07/19/2020, 04:06:49,189
UAE4ALL00,UAE4ALL,11861,07/19/2020, 05:06:16,189
UAE4ALL00,UAE4ALL,11861,07/19/2020, 06:07:15,189
UAE4ALL00,UAE4ALL,11862,07/19/2020, 07:06:40,189
UAE4ALL00,UAE4ALL,11862,07/19/2020, 08:06:25,189
UAE4ALL00,UAE4ALL,11862,07/19/2020, 09:06:30,189
UAE4ALL00,UAE4ALL,11862,07/19/2020, 10:06:17,189
UAE4ALL00,UAE4ALL,11863,07/19/2020, 11:05:48,189
UAE4ALL00,UAE4ALL,11863,07/19/2020, 12:08:21,189
UAE4ALL00,UAE4ALL,11865,07/19/2020, 13:06:07,189
UAE4ALL00,UAE4ALL,11865,07/19/2020, 14:07:05,189
UAE4ALL00,UAE4ALL,11865,07/19/2020, 15:05:56,189
UAE4ALL00,UAE4ALL,11865,07/19/2020, 16:06:37,189
UAE4ALL00,UAE4ALL,11865,07/19/2020, 17:05:47,189
UAE4ALL00,UAE4ALL,11867,07/19/2020, 18:06:22,189
UAE4ALL00,UAE4ALL,11868,07/19/2020, 19:05:44,189
UAE4ALL00,UAE4ALL,11868,07/19/2020, 20:07:17,189
UAE4ALL00,UAE4ALL,11868,07/19/2020, 21:06:37,189
UAE4ALL00,UAE4ALL,11868,07/19/2020, 22:06:02,189
UAE4ALL00,UAE4ALL,11868,07/19/2020, 23:06:01,189
UAE4ALL00,UAE4ALL,11869,07/20/2020, 00:17:39,189
UAE4ALL00,UAE4ALL,11869,07/20/2020, 01:07:01,189
UAE4ALL00,UAE4ALL,11870,07/20/2020, 02:07:10,189
UAE4ALL00,UAE4ALL,11870,07/20/2020, 03:06:44,189
UAE4ALL00,UAE4ALL,11870,07/20/2020, 04:07:21,189
UAE4ALL00,UAE4ALL,11870,07/20/2020, 05:06:17,189
UAE4ALL00,UAE4ALL,11870,07/20/2020, 06:06:48,189
UAE4ALL00,UAE4ALL,11870,07/20/2020, 07:06:41,189
UAE4ALL00,UAE4ALL,11870,07/20/2020, 08:07:27,189
UAE4ALL00,UAE4ALL,11870,07/20/2020, 09:06:40,189
UAE4ALL00,UAE4ALL,11870,07/20/2020, 10:06:55,189
UAE4ALL00,UAE4ALL,11870,07/20/2020, 11:05:53,189
UAE4ALL00,UAE4ALL,11870,07/20/2020, 12:08:03,189
UAE4ALL00,UAE4ALL,11870,07/20/2020, 13:05:56,189
UAE4ALL00,UAE4ALL,11870,07/20/2020, 14:07:02,189
UAE4ALL00,UAE4ALL,11870,07/20/2020, 15:06:33,189
UAE4ALL00,UAE4ALL,11871,07/20/2020, 16:06:33,189
UAE4ALL00,UAE4ALL,11871,07/20/2020, 17:05:56,189
UAE4ALL00,UAE4ALL,11871,07/20/2020, 18:06:36,189
UAE4ALL00,UAE4ALL,11871,07/20/2020, 19:06:08,189
UAE4ALL00,UAE4ALL,11872,07/20/2020, 20:07:27,189
UAE4ALL00,UAE4ALL,11873,07/20/2020, 21:06:26,189
UAE4ALL00,UAE4ALL,11873,07/20/2020, 22:05:59,189
UAE4ALL00,UAE4ALL,11874,07/20/2020, 23:05:52,189
UAE4ALL00,UAE4ALL,11874,07/21/2020, 00:17:41,189
UAE4ALL00,UAE4ALL,11874,07/21/2020, 01:07:19,189
UAE4ALL00,UAE4ALL,11874,07/21/2020, 02:07:34,189
UAE4ALL00,UAE4ALL,11874,07/21/2020, 03:06:35,189
UAE4ALL00,UAE4ALL,11874,07/21/2020, 04:06:59,189
UAE4ALL00,UAE4ALL,11874,07/21/2020, 05:06:29,189
UAE4ALL00,UAE4ALL,11874,07/21/2020, 06:07:06,189
UAE4ALL00,UAE4ALL,11874,07/21/2020, 07:06:45,189
UAE4ALL00,UAE4ALL,11875,07/21/2020, 08:06:58,189
UAE4ALL00,UAE4ALL,11875,07/21/2020, 09:06:31,189
UAE4ALL00,UAE4ALL,11875,07/21/2020, 10:06:29,189
UAE4ALL00,UAE4ALL,11876,07/21/2020, 11:06:30,189
UAE4ALL00,UAE4ALL,11876,07/21/2020, 12:08:24,189
UAE4ALL00,UAE4ALL,11877,07/21/2020, 13:05:51,189
UAE4ALL00,UAE4ALL,11877,07/21/2020, 14:06:56,189
UAE4ALL00,UAE4ALL,11877,07/21/2020, 15:06:31,189
UAE4ALL00,UAE4ALL,11877,07/21/2020, 16:06:31,189
UAE4ALL00,UAE4ALL,11877,07/21/2020, 17:06:18,189
UAE4ALL00,UAE4ALL,11878,07/21/2020, 18:06:48,189
UAE4ALL00,UAE4ALL,11878,07/21/2020, 19:06:10,189
UAE4ALL00,UAE4ALL,11879,07/21/2020, 20:07:01,189
UAE4ALL00,UAE4ALL,11880,07/21/2020, 21:06:18,189
UAE4ALL00,UAE4ALL,11880,07/21/2020, 22:06:25,189
UAE4ALL00,UAE4ALL,11880,07/21/2020, 23:05:48,189
UAE4ALL00,UAE4ALL,11880,07/22/2020, 00:17:33,189
UAE4ALL00,UAE4ALL,11880,07/22/2020, 01:07:02,189
UAE4ALL00,UAE4ALL,11880,07/22/2020, 02:07:22,189
UAE4ALL00,UAE4ALL,11880,07/22/2020, 03:06:30,189
UAE4ALL00,UAE4ALL,11880,07/22/2020, 04:07:00,189
UAE4ALL00,UAE4ALL,11880,07/22/2020, 05:06:20,189
UAE4ALL00,UAE4ALL,11880,07/22/2020, 06:06:59,189
UAE4ALL00,UAE4ALL,11880,07/22/2020, 07:06:49,189
UAE4ALL00,UAE4ALL,11880,07/22/2020, 08:07:29,189
UAE4ALL00,UAE4ALL,11880,07/22/2020, 09:06:24,189
UAE4ALL00,UAE4ALL,11880,07/22/2020, 10:06:34,189
UAE4ALL00,UAE4ALL,11881,07/22/2020, 11:05:54,189
UAE4ALL00,UAE4ALL,11881,07/22/2020, 12:08:06,189
UAE4ALL00,UAE4ALL,11882,07/22/2020, 13:05:59,189
UAE4ALL00,UAE4ALL,11882,07/22/2020, 14:07:14,189
UAE4ALL00,UAE4ALL,11882,07/22/2020, 15:06:24,189
UAE4ALL00,UAE4ALL,11883,07/22/2020, 16:06:47,189
UAE4ALL00,UAE4ALL,11883,07/22/2020, 17:06:10,189
UAE4ALL00,UAE4ALL,11884,07/22/2020, 18:07:04,189
UAE4ALL00,UAE4ALL,11884,07/22/2020, 19:06:08,189
UAE4ALL00,UAE4ALL,11885,07/22/2020, 20:07:25,189
UAE4ALL00,UAE4ALL,11887,07/22/2020, 21:06:34,189
UAE4ALL00,UAE4ALL,11888,07/22/2020, 22:06:28,189
UAE4ALL00,UAE4ALL,11888,07/22/2020, 23:06:06,189
UAE4ALL00,UAE4ALL,11888,07/23/2020, 00:17:38,189
UAE4ALL00,UAE4ALL,11889,07/23/2020, 01:06:44,189
UAE4ALL00,UAE4ALL,11889,07/23/2020, 02:07:11,189
UAE4ALL00,UAE4ALL,11889,07/23/2020, 03:06:37,189
UAE4ALL00,UAE4ALL,11889,07/23/2020, 04:07:12,189
UAE4ALL00,UAE4ALL,11889,07/23/2020, 05:06:34,189
UAE4ALL00,UAE4ALL,11889,07/23/2020, 06:07:10,189
UAE4ALL00,UAE4ALL,11890,07/23/2020, 07:06:35,189
UAE4ALL00,UAE4ALL,11890,07/23/2020, 08:07:09,189
UAE4ALL00,UAE4ALL,11890,07/23/2020, 09:06:54,189
UAE4ALL00,UAE4ALL,11890,07/23/2020, 10:06:40,189
UAE4ALL00,UAE4ALL,11890,07/23/2020, 11:06:04,189
UAE4ALL00,UAE4ALL,11890,07/23/2020, 12:08:20,189
UAE4ALL00,UAE4ALL,11890,07/23/2020, 13:06:24,189
UAE4ALL00,UAE4ALL,11890,07/23/2020, 14:06:50,189
UAE4ALL00,UAE4ALL,11891,07/23/2020, 15:06:33,189
UAE4ALL00,UAE4ALL,11891,07/23/2020, 16:06:44,189
UAE4ALL00,UAE4ALL,11891,07/23/2020, 17:06:41,189
UAE4ALL00,UAE4ALL,11891,07/23/2020, 18:06:51,189
UAE4ALL00,UAE4ALL,11891,07/23/2020, 19:06:24,189
UAE4ALL00,UAE4ALL,11891,07/23/2020, 20:07:14,189
UAE4ALL00,UAE4ALL,11891,07/23/2020, 21:06:39,189
UAE4ALL00,UAE4ALL,11891,07/23/2020, 22:06:33,189
UAE4ALL00,UAE4ALL,11891,07/23/2020, 23:06:01,189
UAE4ALL00,UAE4ALL,11892,07/24/2020, 00:17:59,189
UAE4ALL00,UAE4ALL,11892,07/24/2020, 01:07:29,189
UAE4ALL00,UAE4ALL,11892,07/24/2020, 02:07:51,189
UAE4ALL00,UAE4ALL,11892,07/24/2020, 03:06:35,189
UAE4ALL00,UAE4ALL,11893,07/24/2020, 04:06:58,189
UAE4ALL00,UAE4ALL,11893,07/24/2020, 05:06:26,189
UAE4ALL00,UAE4ALL,11893,07/24/2020, 06:06:59,189
UAE4ALL00,UAE4ALL,11893,07/24/2020, 07:06:52,189
UAE4ALL00,UAE4ALL,11893,07/24/2020, 08:07:25,189
UAE4ALL00,UAE4ALL,11893,07/24/2020, 09:06:20,189
UAE4ALL00,UAE4ALL,11893,07/24/2020, 10:06:20,189
UAE4ALL00,UAE4ALL,11894,07/24/2020, 11:06:16,189
UAE4ALL00,UAE4ALL,11894,07/24/2020, 12:09:23,189
UAE4ALL00,UAE4ALL,11894,07/24/2020, 13:05:52,189
UAE4ALL00,UAE4ALL,11894,07/24/2020, 14:06:55,189
UAE4ALL00,UAE4ALL,11896,07/24/2020, 15:06:09,189
UAE4ALL00,UAE4ALL,11896,07/24/2020, 16:06:38,189
UAE4ALL00,UAE4ALL,11896,07/24/2020, 17:06:17,189
UAE4ALL00,UAE4ALL,11896,07/24/2020, 18:06:54,189
UAE4ALL00,UAE4ALL,11896,07/24/2020, 19:06:18,189
UAE4ALL00,UAE4ALL,11896,07/24/2020, 20:07:21,189
UAE4ALL00,UAE4ALL,11896,07/24/2020, 21:06:18,189
UAE4ALL00,UAE4ALL,11896,07/24/2020, 22:06:16,189
UAE4ALL00,UAE4ALL,11899,07/24/2020, 23:06:09,189
UAE4ALL00,UAE4ALL,11900,07/25/2020, 00:18:05,189
UAE4ALL00,UAE4ALL,11902,07/25/2020, 01:06:43,189
UAE4ALL00,UAE4ALL,11902,07/25/2020, 02:07:13,189
UAE4ALL00,UAE4ALL,11902,07/25/2020, 03:06:46,189
UAE4ALL00,UAE4ALL,11902,07/25/2020, 04:07:05,189
UAE4ALL00,UAE4ALL,11902,07/25/2020, 05:06:30,189
UAE4ALL00,UAE4ALL,11902,07/25/2020, 06:07:01,189
UAE4ALL00,UAE4ALL,11902,07/25/2020, 07:07:04,189
UAE4ALL00,UAE4ALL,11902,07/25/2020, 08:06:51,189
UAE4ALL00,UAE4ALL,11902,07/25/2020, 09:06:54,189
UAE4ALL00,UAE4ALL,11903,07/25/2020, 10:06:42,189
UAE4ALL00,UAE4ALL,11903,07/25/2020, 11:06:09,189
UAE4ALL00,UAE4ALL,11903,07/25/2020, 12:08:06,189
UAE4ALL00,UAE4ALL,11903,07/25/2020, 13:06:01,189
UAE4ALL00,UAE4ALL,11904,07/25/2020, 14:06:51,189
UAE4ALL00,UAE4ALL,11904,07/25/2020, 15:06:18,189
UAE4ALL00,UAE4ALL,11904,07/25/2020, 16:06:55,189
UAE4ALL00,UAE4ALL,11904,07/25/2020, 17:06:23,189
UAE4ALL00,UAE4ALL,11906,07/25/2020, 18:07:20,189
UAE4ALL00,UAE4ALL,11906,07/25/2020, 19:06:40,189
UAE4ALL00,UAE4ALL,11906,07/25/2020, 20:07:12,189
UAE4ALL00,UAE4ALL,11906,07/25/2020, 21:06:38,189
UAE4ALL00,UAE4ALL,11907,07/25/2020, 22:06:24,189
UAE4ALL00,UAE4ALL,11907,07/25/2020, 23:05:49,189
UAE4ALL00,UAE4ALL,11907,07/26/2020, 00:18:48,189
UAE4ALL00,UAE4ALL,11908,07/26/2020, 01:06:53,189
UAE4ALL00,UAE4ALL,11908,07/26/2020, 02:07:26,189
UAE4ALL00,UAE4ALL,11908,07/26/2020, 03:06:21,189
UAE4ALL00,UAE4ALL,11909,07/26/2020, 04:06:42,189
UAE4ALL00,UAE4ALL,11909,07/26/2020, 05:06:20,189
UAE4ALL00,UAE4ALL,11910,07/26/2020, 06:07:15,189
UAE4ALL00,UAE4ALL,11910,07/26/2020, 07:07:06,189
UAE4ALL00,UAE4ALL,11910,07/26/2020, 08:07:36,189
UAE4ALL00,UAE4ALL,11910,07/26/2020, 09:06:32,189
UAE4ALL00,UAE4ALL,11910,07/26/2020, 10:06:26,189
UAE4ALL00,UAE4ALL,11911,07/26/2020, 11:05:51,189
UAE4ALL00,UAE4ALL,11911,07/26/2020, 12:08:14,189
UAE4ALL00,UAE4ALL,11911,07/26/2020, 13:06:08,189
UAE4ALL00,UAE4ALL,11911,07/26/2020, 14:06:48,189
UAE4ALL00,UAE4ALL,11911,07/26/2020, 15:06:33,189
UAE4ALL00,UAE4ALL,11911,07/26/2020, 16:06:57,189
UAE4ALL00,UAE4ALL,11912,07/26/2020, 17:06:25,189
UAE4ALL00,UAE4ALL,11912,07/26/2020, 18:07:07,189
UAE4ALL00,UAE4ALL,11912,07/26/2020, 19:06:24,189
UAE4ALL00,UAE4ALL,11912,07/26/2020, 20:07:25,189
UAE4ALL00,UAE4ALL,11912,07/26/2020, 21:06:43,189
UAE4ALL00,UAE4ALL,11912,07/26/2020, 22:06:40,189
UAE4ALL00,UAE4ALL,11913,07/26/2020, 23:06:07,189
UAE4ALL00,UAE4ALL,11913,07/27/2020, 00:18:16,189
UAE4ALL00,UAE4ALL,11913,07/27/2020, 01:06:51,189
UAE4ALL00,UAE4ALL,11914,07/27/2020, 02:07:15,189
UAE4ALL00,UAE4ALL,11914,07/27/2020, 03:06:45,189
UAE4ALL00,UAE4ALL,11914,07/27/2020, 04:07:17,189
UAE4ALL00,UAE4ALL,11914,07/27/2020, 05:06:39,189
UAE4ALL00,UAE4ALL,11914,07/27/2020, 06:07:36,189
UAE4ALL00,UAE4ALL,11914,07/27/2020, 07:06:43,189
UAE4ALL00,UAE4ALL,11914,07/27/2020, 08:07:48,189
UAE4ALL00,UAE4ALL,11914,07/27/2020, 09:06:41,189
UAE4ALL00,UAE4ALL,11915,07/27/2020, 10:06:40,189
UAE4ALL00,UAE4ALL,11915,07/27/2020, 11:06:21,189
UAE4ALL00,UAE4ALL,11915,07/27/2020, 12:08:28,189
UAE4ALL00,UAE4ALL,11915,07/27/2020, 13:06:16,189
UAE4ALL00,UAE4ALL,11916,07/27/2020, 14:06:47,189
UAE4ALL00,UAE4ALL,11916,07/27/2020, 15:06:56,189
UAE4ALL00,UAE4ALL,11916,07/27/2020, 16:06:03,189
UAE4ALL00,UAE4ALL,11916,07/27/2020, 17:05:37,189
UAE4ALL00,UAE4ALL,11916,07/27/2020, 18:06:27,189
UAE4ALL00,UAE4ALL,11916,07/27/2020, 19:05:24,189
UAE4ALL00,UAE4ALL,11917,07/27/2020, 20:06:16,189
UAE4ALL00,UAE4ALL,11918,07/27/2020, 21:05:19,189
UAE4ALL00,UAE4ALL,11919,07/27/2020, 22:06:19,189
UAE4ALL00,UAE4ALL,11919,07/27/2020, 23:05:48,189
UAE4ALL00,UAE4ALL,11919,07/28/2020, 00:18:01,189
UAE4ALL00,UAE4ALL,11919,07/28/2020, 01:07:02,189
UAE4ALL00,UAE4ALL,11919,07/28/2020, 02:07:33,189
UAE4ALL00,UAE4ALL,11919,07/28/2020, 03:06:31,189
UAE4ALL00,UAE4ALL,11919,07/28/2020, 04:06:54,189
UAE4ALL00,UAE4ALL,11919,07/28/2020, 05:06:29,189
UAE4ALL00,UAE4ALL,11919,07/28/2020, 06:07:30,189
UAE4ALL00,UAE4ALL,11919,07/28/2020, 07:06:47,189
UAE4ALL00,UAE4ALL,11919,07/28/2020, 08:07:40,189
UAE4ALL00,UAE4ALL,11919,07/28/2020, 09:06:45,189
UAE4ALL00,UAE4ALL,11919,07/28/2020, 10:06:43,189
UAE4ALL00,UAE4ALL,11920,07/28/2020, 11:06:16,189
UAE4ALL00,UAE4ALL,11920,07/28/2020, 12:08:38,189
UAE4ALL00,UAE4ALL,11920,07/28/2020, 13:06:35,189
UAE4ALL00,UAE4ALL,11920,07/28/2020, 14:07:02,189
UAE4ALL00,UAE4ALL,11920,07/28/2020, 15:07:11,189
UAE4ALL00,UAE4ALL,11920,07/28/2020, 16:07:20,189
UAE4ALL00,UAE4ALL,11920,07/28/2020, 17:06:19,189
UAE4ALL00,UAE4ALL,11920,07/28/2020, 18:06:50,189
UAE4ALL00,UAE4ALL,11920,07/28/2020, 19:06:38,189
UAE4ALL00,UAE4ALL,11921,07/28/2020, 20:07:27,189
UAE4ALL00,UAE4ALL,11921,07/28/2020, 21:07:00,189
UAE4ALL00,UAE4ALL,11921,07/28/2020, 22:06:42,189
UAE4ALL00,UAE4ALL,11921,07/28/2020, 23:06:28,189
UAE4ALL00,UAE4ALL,11921,07/29/2020, 00:17:02,189
UAE4ALL00,UAE4ALL,11921,07/29/2020, 01:07:29,189
UAE4ALL00,UAE4ALL,11921,07/29/2020, 02:07:31,189
UAE4ALL00,UAE4ALL,11922,07/29/2020, 03:06:41,189
UAE4ALL00,UAE4ALL,11922,07/29/2020, 04:07:01,189
UAE4ALL00,UAE4ALL,11922,07/29/2020, 05:06:34,189
UAE4ALL00,UAE4ALL,11923,07/29/2020, 06:07:37,189
UAE4ALL00,UAE4ALL,11923,07/29/2020, 07:06:32,189
UAE4ALL00,UAE4ALL,11923,07/29/2020, 08:07:02,189
UAE4ALL00,UAE4ALL,11923,07/29/2020, 09:06:37,189
UAE4ALL00,UAE4ALL,11923,07/29/2020, 10:06:35,189
UAE4ALL00,UAE4ALL,11923,07/29/2020, 11:06:30,189
UAE4ALL00,UAE4ALL,11925,07/29/2020, 12:08:38,189
UAE4ALL00,UAE4ALL,11927,07/29/2020, 13:06:47,189
UAE4ALL00,UAE4ALL,11927,07/29/2020, 14:07:11,189
UAE4ALL00,UAE4ALL,11927,07/29/2020, 15:07:49,189
UAE4ALL00,UAE4ALL,11928,07/29/2020, 16:07:16,189
UAE4ALL00,UAE4ALL,11928,07/29/2020, 17:06:20,189
UAE4ALL00,UAE4ALL,11928,07/29/2020, 18:07:21,189
UAE4ALL00,UAE4ALL,11928,07/29/2020, 19:06:41,189
UAE4ALL00,UAE4ALL,11928,07/29/2020, 20:07:48,189
UAE4ALL00,UAE4ALL,11929,07/29/2020, 21:06:40,189
UAE4ALL00,UAE4ALL,11929,07/29/2020, 22:06:40,189
UAE4ALL00,UAE4ALL,11929,07/29/2020, 23:06:38,189
UAE4ALL00,UAE4ALL,11929,07/30/2020, 00:18:26,189
UAE4ALL00,UAE4ALL,11930,07/30/2020, 01:07:17,189
UAE4ALL00,UAE4ALL,11930,07/30/2020, 02:07:19,189
UAE4ALL00,UAE4ALL,11930,07/30/2020, 03:06:59,189
UAE4ALL00,UAE4ALL,11930,07/30/2020, 04:06:52,189
UAE4ALL00,UAE4ALL,11930,07/30/2020, 05:06:52,189
UAE4ALL00,UAE4ALL,11930,07/30/2020, 06:07:52,189
UAE4ALL00,UAE4ALL,11931,07/30/2020, 07:06:48,189
UAE4ALL00,UAE4ALL,11931,07/30/2020, 08:07:27,189
UAE4ALL00,UAE4ALL,11931,07/30/2020, 09:06:50,189
UAE4ALL00,UAE4ALL,11931,07/30/2020, 10:06:29,189
UAE4ALL00,UAE4ALL,11931,07/30/2020, 11:06:45,189
UAE4ALL00,UAE4ALL,11932,07/30/2020, 12:08:58,189
UAE4ALL00,UAE4ALL,11932,07/30/2020, 13:06:31,189
UAE4ALL00,UAE4ALL,11934,07/30/2020, 14:08:07,189
UAE4ALL00,UAE4ALL,11934,07/30/2020, 15:07:42,189
UAE4ALL00,UAE4ALL,11935,07/30/2020, 16:07:25,189
UAE4ALL00,UAE4ALL,11936,07/30/2020, 17:06:48,189
UAE4ALL00,UAE4ALL,11938,07/30/2020, 18:07:25,189
UAE4ALL00,UAE4ALL,11938,07/30/2020, 19:06:11,189
UAE4ALL00,UAE4ALL,11938,07/30/2020, 20:06:45,189
UAE4ALL00,UAE4ALL,11938,07/30/2020, 21:05:39,189
UAE4ALL00,UAE4ALL,11938,07/30/2020, 22:05:41,189
UAE4ALL00,UAE4ALL,11938,07/30/2020, 23:06:32,189
UAE4ALL00,UAE4ALL,11938,07/31/2020, 00:19:01,189
UAE4ALL00,UAE4ALL,11938,07/31/2020, 01:07:37,189
UAE4ALL00,UAE4ALL,11939,07/31/2020, 02:07:51,189
UAE4ALL00,UAE4ALL,11939,07/31/2020, 03:06:45,189
UAE4ALL00,UAE4ALL,11939,07/31/2020, 04:07:17,189
UAE4ALL00,UAE4ALL,11939,07/31/2020, 05:06:52,189
UAE4ALL00,UAE4ALL,11939,07/31/2020, 06:07:24,189
UAE4ALL00,UAE4ALL,11939,07/31/2020, 07:06:55,189
UAE4ALL00,UAE4ALL,11939,07/31/2020, 08:08:06,189
UAE4ALL00,UAE4ALL,11939,07/31/2020, 09:06:50,189
UAE4ALL00,UAE4ALL,11939,07/31/2020, 10:06:32,189
UAE4ALL00,UAE4ALL,11941,07/31/2020, 11:06:27,189
UAE4ALL00,UAE4ALL,11943,07/31/2020, 12:09:41,189
UAE4ALL00,UAE4ALL,11943,07/31/2020, 13:06:41,189
UAE4ALL00,UAE4ALL,11943,07/31/2020, 14:07:13,189
UAE4ALL00,UAE4ALL,11943,07/31/2020, 15:07:05,189
UAE4ALL00,UAE4ALL,11943,07/31/2020, 16:07:13,189
UAE4ALL00,UAE4ALL,11943,07/31/2020, 17:06:39,189
UAE4ALL00,UAE4ALL,11943,07/31/2020, 18:07:28,189
UAE4ALL00,UAE4ALL,11943,07/31/2020, 19:06:25,189
UAE4ALL00,UAE4ALL,11943,07/31/2020, 20:07:46,189
UAE4ALL00,UAE4ALL,11943,07/31/2020, 21:06:36,189
UAE4ALL00,UAE4ALL,11943,07/31/2020, 22:06:26,189
UAE4ALL00,UAE4ALL,11944,07/31/2020, 23:06:27,189
UAE4ALL00,UAE4ALL,11944,08/01/2020, 00:19:16,189
UAE4ALL00,UAE4ALL,11944,08/01/2020, 01:07:29,189
UAE4ALL00,UAE4ALL,11944,08/01/2020, 02:07:35,189
UAE4ALL00,UAE4ALL,11944,08/01/2020, 03:06:46,189
UAE4ALL00,UAE4ALL,11944,08/01/2020, 04:07:20,189
UAE4ALL00,UAE4ALL,11944,08/01/2020, 05:06:47,189
UAE4ALL00,UAE4ALL,11944,08/01/2020, 06:07:45,189
UAE4ALL00,UAE4ALL,11944,08/01/2020, 07:07:07,189
UAE4ALL00,UAE4ALL,11945,08/01/2020, 08:07:37,189
UAE4ALL00,UAE4ALL,11945,08/01/2020, 09:07:10,189
UAE4ALL00,UAE4ALL,11945,08/01/2020, 10:06:48,189
UAE4ALL00,UAE4ALL,11945,08/01/2020, 11:06:36,189
UAE4ALL00,UAE4ALL,11945,08/01/2020, 12:08:49,189
UAE4ALL00,UAE4ALL,11945,08/01/2020, 13:06:34,189
UAE4ALL00,UAE4ALL,11945,08/01/2020, 14:07:18,189
UAE4ALL00,UAE4ALL,11946,08/01/2020, 15:07:06,189
UAE4ALL00,UAE4ALL,11946,08/01/2020, 16:07:34,189
UAE4ALL00,UAE4ALL,11946,08/01/2020, 17:06:45,189
UAE4ALL00,UAE4ALL,11946,08/01/2020, 18:07:39,189
UAE4ALL00,UAE4ALL,11946,08/01/2020, 19:06:40,189
UAE4ALL00,UAE4ALL,11946,08/01/2020, 20:07:43,189
UAE4ALL00,UAE4ALL,11946,08/01/2020, 21:06:37,189
UAE4ALL00,UAE4ALL,11947,08/01/2020, 22:06:30,189
UAE4ALL00,UAE4ALL,11947,08/01/2020, 23:06:30,189
UAE4ALL00,UAE4ALL,11947,08/02/2020, 00:19:40,189
UAE4ALL00,UAE4ALL,11947,08/02/2020, 01:07:14,189
UAE4ALL00,UAE4ALL,11947,08/02/2020, 02:07:42,189
UAE4ALL00,UAE4ALL,11947,08/02/2020, 03:06:51,189
UAE4ALL00,UAE4ALL,11947,08/02/2020, 04:07:24,189
UAE4ALL00,UAE4ALL,11947,08/02/2020, 05:06:53,189
UAE4ALL00,UAE4ALL,11947,08/02/2020, 06:07:43,189
UAE4ALL00,UAE4ALL,11947,08/02/2020, 07:07:20,189
UAE4ALL00,UAE4ALL,11948,08/02/2020, 08:07:21,189
UAE4ALL00,UAE4ALL,11948,08/02/2020, 09:06:43,189
UAE4ALL00,UAE4ALL,11948,08/02/2020, 10:06:42,189
UAE4ALL00,UAE4ALL,11949,08/02/2020, 11:06:40,189
UAE4ALL00,UAE4ALL,11949,08/02/2020, 12:08:41,189
UAE4ALL00,UAE4ALL,11949,08/02/2020, 13:06:58,189
UAE4ALL00,UAE4ALL,11949,08/02/2020, 14:07:25,189
UAE4ALL00,UAE4ALL,11949,08/02/2020, 15:07:10,189
UAE4ALL00,UAE4ALL,11949,08/02/2020, 16:07:21,189
UAE4ALL00,UAE4ALL,11950,08/02/2020, 17:06:39,189
UAE4ALL00,UAE4ALL,11951,08/02/2020, 18:07:18,189
UAE4ALL00,UAE4ALL,11954,08/02/2020, 19:06:46,189
UAE4ALL00,UAE4ALL,11954,08/02/2020, 20:07:49,189
UAE4ALL00,UAE4ALL,11954,08/02/2020, 21:06:36,189
UAE4ALL00,UAE4ALL,11954,08/02/2020, 22:06:34,189
UAE4ALL00,UAE4ALL,11954,08/02/2020, 23:06:57,189
UAE4ALL00,UAE4ALL,11954,08/03/2020, 00:19:20,189
UAE4ALL00,UAE4ALL,11954,08/03/2020, 01:07:26,189
UAE4ALL00,UAE4ALL,11954,08/03/2020, 02:07:49,189
UAE4ALL00,UAE4ALL,11954,08/03/2020, 03:06:49,189
UAE4ALL00,UAE4ALL,11954,08/03/2020, 04:07:27,189
UAE4ALL00,UAE4ALL,11954,08/03/2020, 05:06:55,189
UAE4ALL00,UAE4ALL,11954,08/03/2020, 06:07:43,189
UAE4ALL00,UAE4ALL,11954,08/03/2020, 07:07:08,189
