VITAHBSRT,Vita Homebrew Sorter,5,04/15/2021, 13:22:53,655
VITAHBSRT,Vita Homebrew Sorter,24,04/15/2021, 14:14:48,655
VITAHBSRT,Vita Homebrew Sorter,47,04/15/2021, 15:15:15,655
VITAHBSRT,Vita Homebrew Sorter,59,04/15/2021, 16:26:38,655
VITAHBSRT,Vita Homebrew Sorter,68,04/15/2021, 17:38:11,655
VITAHBSRT,Vita Homebrew Sorter,79,04/15/2021, 18:26:52,655
VITAHBSRT,Vita Homebrew Sorter,85,04/15/2021, 19:19:47,655
VITAHBSRT,Vita Homebrew Sorter,96,04/15/2021, 20:15:15,655
VITAHBSRT,Vita Homebrew Sorter,106,04/15/2021, 21:13:31,655
VITAHBSRT,Vita Homebrew Sorter,114,04/15/2021, 22:17:07,655
VITAHBSRT,Vita Homebrew Sorter,124,04/15/2021, 23:14:40,655
VITAHBSRT,Vita Homebrew Sorter,139,04/16/2021, 00:43:21,655
VITAHBSRT,Vita Homebrew Sorter,144,04/16/2021, 02:04:13,655
VITAHBSRT,Vita Homebrew Sorter,152,04/16/2021, 03:22:27,655
VITAHBSRT,Vita Homebrew Sorter,158,04/16/2021, 04:20:08,655
VITAHBSRT,Vita Homebrew Sorter,161,04/16/2021, 05:20:04,655
VITAHBSRT,Vita Homebrew Sorter,167,04/16/2021, 06:17:08,655
VITAHBSRT,Vita Homebrew Sorter,174,04/16/2021, 07:16:27,655
VITAHBSRT,Vita Homebrew Sorter,178,04/16/2021, 08:18:26,655
VITAHBSRT,Vita Homebrew Sorter,180,04/16/2021, 09:15:34,655
VITAHBSRT,Vita Homebrew Sorter,183,04/16/2021, 10:15:07,655
VITAHBSRT,Vita Homebrew Sorter,185,04/16/2021, 11:12:49,655
VITAHBSRT,Vita Homebrew Sorter,189,04/16/2021, 12:20:53,655
VITAHBSRT,Vita Homebrew Sorter,192,04/16/2021, 13:23:24,655
VITAHBSRT,Vita Homebrew Sorter,192,04/16/2021, 14:15:01,655
VITAHBSRT,Vita Homebrew Sorter,194,04/16/2021, 15:15:23,655
VITAHBSRT,Vita Homebrew Sorter,200,04/16/2021, 16:25:24,655
VITAHBSRT,Vita Homebrew Sorter,205,04/16/2021, 17:37:29,655
VITAHBSRT,Vita Homebrew Sorter,210,04/16/2021, 18:26:30,655
VITAHBSRT,Vita Homebrew Sorter,210,04/16/2021, 19:19:05,655
VITAHBSRT,Vita Homebrew Sorter,211,04/16/2021, 20:15:18,655
VITAHBSRT,Vita Homebrew Sorter,214,04/16/2021, 21:13:34,655
VITAHBSRT,Vita Homebrew Sorter,218,04/16/2021, 22:17:19,655
VITAHBSRT,Vita Homebrew Sorter,221,04/16/2021, 23:14:31,655
VITAHBSRT,Vita Homebrew Sorter,223,04/17/2021, 00:43:34,655
VITAHBSRT,Vita Homebrew Sorter,231,04/17/2021, 02:00:30,655
VITAHBSRT,Vita Homebrew Sorter,232,04/17/2021, 02:43:54,655
VITAHBSRT,Vita Homebrew Sorter,236,04/17/2021, 03:19:45,655
VITAHBSRT,Vita Homebrew Sorter,240,04/17/2021, 04:17:58,655
VITAHBSRT,Vita Homebrew Sorter,241,04/17/2021, 05:17:54,655
VITAHBSRT,Vita Homebrew Sorter,245,04/17/2021, 06:17:18,655
VITAHBSRT,Vita Homebrew Sorter,249,04/17/2021, 07:17:02,655
VITAHBSRT,Vita Homebrew Sorter,252,04/17/2021, 08:16:28,655
VITAHBSRT,Vita Homebrew Sorter,254,04/17/2021, 09:14:18,655
VITAHBSRT,Vita Homebrew Sorter,254,04/17/2021, 10:15:05,655
VITAHBSRT,Vita Homebrew Sorter,258,04/17/2021, 11:12:21,655
VITAHBSRT,Vita Homebrew Sorter,261,04/17/2021, 12:20:16,655
VITAHBSRT,Vita Homebrew Sorter,265,04/17/2021, 13:21:37,655
VITAHBSRT,Vita Homebrew Sorter,265,04/17/2021, 14:13:36,655
VITAHBSRT,Vita Homebrew Sorter,265,04/17/2021, 15:14:36,655
VITAHBSRT,Vita Homebrew Sorter,266,04/17/2021, 16:24:50,655
VITAHBSRT,Vita Homebrew Sorter,266,04/17/2021, 17:34:24,655
VITAHBSRT,Vita Homebrew Sorter,267,04/17/2021, 18:22:57,655
VITAHBSRT,Vita Homebrew Sorter,272,04/17/2021, 19:15:53,655
VITAHBSRT,Vita Homebrew Sorter,273,04/17/2021, 20:14:46,655
VITAHBSRT,Vita Homebrew Sorter,275,04/17/2021, 21:13:18,655
VITAHBSRT,Vita Homebrew Sorter,277,04/17/2021, 22:16:40,655
VITAHBSRT,Vita Homebrew Sorter,281,04/17/2021, 23:14:03,655
VITAHBSRT,Vita Homebrew Sorter,282,04/18/2021, 00:45:33,655
VITAHBSRT,Vita Homebrew Sorter,290,04/18/2021, 02:05:52,655
VITAHBSRT,Vita Homebrew Sorter,295,04/18/2021, 03:21:15,655
VITAHBSRT,Vita Homebrew Sorter,297,04/18/2021, 04:18:59,655
VITAHBSRT,Vita Homebrew Sorter,298,04/18/2021, 05:18:11,655
VITAHBSRT,Vita Homebrew Sorter,300,04/18/2021, 06:17:16,655
VITAHBSRT,Vita Homebrew Sorter,303,04/18/2021, 07:17:05,655
VITAHBSRT,Vita Homebrew Sorter,307,04/18/2021, 08:16:42,655
VITAHBSRT,Vita Homebrew Sorter,307,04/18/2021, 09:14:38,655
VITAHBSRT,Vita Homebrew Sorter,309,04/18/2021, 10:15:13,655
VITAHBSRT,Vita Homebrew Sorter,311,04/18/2021, 11:12:39,655
VITAHBSRT,Vita Homebrew Sorter,312,04/18/2021, 12:20:05,655
VITAHBSRT,Vita Homebrew Sorter,314,04/18/2021, 13:21:52,655
VITAHBSRT,Vita Homebrew Sorter,316,04/18/2021, 14:13:57,655
VITAHBSRT,Vita Homebrew Sorter,318,04/18/2021, 15:14:28,655
VITAHBSRT,Vita Homebrew Sorter,322,04/18/2021, 16:24:13,655
VITAHBSRT,Vita Homebrew Sorter,326,04/18/2021, 17:34:22,655
VITAHBSRT,Vita Homebrew Sorter,331,04/18/2021, 18:23:09,655
VITAHBSRT,Vita Homebrew Sorter,332,04/18/2021, 19:15:29,655
VITAHBSRT,Vita Homebrew Sorter,333,04/18/2021, 20:14:35,655
VITAHBSRT,Vita Homebrew Sorter,340,04/18/2021, 21:13:24,655
VITAHBSRT,Vita Homebrew Sorter,342,04/18/2021, 22:16:45,655
VITAHBSRT,Vita Homebrew Sorter,344,04/18/2021, 23:13:59,655
VITAHBSRT,Vita Homebrew Sorter,348,04/19/2021, 00:44:59,655
VITAHBSRT,Vita Homebrew Sorter,349,04/19/2021, 02:04:15,655
VITAHBSRT,Vita Homebrew Sorter,355,04/19/2021, 03:22:08,655
VITAHBSRT,Vita Homebrew Sorter,359,04/19/2021, 04:19:44,655
VITAHBSRT,Vita Homebrew Sorter,360,04/19/2021, 05:19:40,655
VITAHBSRT,Vita Homebrew Sorter,364,04/19/2021, 06:18:18,655
VITAHBSRT,Vita Homebrew Sorter,364,04/19/2021, 07:17:57,655
VITAHBSRT,Vita Homebrew Sorter,365,04/19/2021, 08:17:30,655
VITAHBSRT,Vita Homebrew Sorter,366,04/19/2021, 09:15:13,655
VITAHBSRT,Vita Homebrew Sorter,366,04/19/2021, 10:15:27,655
VITAHBSRT,Vita Homebrew Sorter,367,04/19/2021, 11:12:36,655
VITAHBSRT,Vita Homebrew Sorter,368,04/19/2021, 12:21:08,655
VITAHBSRT,Vita Homebrew Sorter,368,04/19/2021, 13:23:14,655
VITAHBSRT,Vita Homebrew Sorter,369,04/19/2021, 14:14:57,655
VITAHBSRT,Vita Homebrew Sorter,372,04/19/2021, 15:15:37,655
VITAHBSRT,Vita Homebrew Sorter,374,04/19/2021, 16:25:57,655
VITAHBSRT,Vita Homebrew Sorter,376,04/19/2021, 17:35:34,655
VITAHBSRT,Vita Homebrew Sorter,377,04/19/2021, 18:24:35,655
VITAHBSRT,Vita Homebrew Sorter,378,04/19/2021, 19:17:42,655
VITAHBSRT,Vita Homebrew Sorter,380,04/19/2021, 20:15:29,655
VITAHBSRT,Vita Homebrew Sorter,384,04/19/2021, 21:13:41,655
VITAHBSRT,Vita Homebrew Sorter,390,04/19/2021, 22:17:31,655
VITAHBSRT,Vita Homebrew Sorter,392,04/19/2021, 23:15:10,655
VITAHBSRT,Vita Homebrew Sorter,395,04/20/2021, 00:45:24,655
VITAHBSRT,Vita Homebrew Sorter,395,04/20/2021, 02:03:29,655
VITAHBSRT,Vita Homebrew Sorter,396,04/20/2021, 03:20:47,655
VITAHBSRT,Vita Homebrew Sorter,398,04/20/2021, 04:19:08,655
VITAHBSRT,Vita Homebrew Sorter,401,04/20/2021, 05:15:59,655
VITAHBSRT,Vita Homebrew Sorter,402,04/20/2021, 06:19:17,655
VITAHBSRT,Vita Homebrew Sorter,404,04/20/2021, 07:15:59,655
VITAHBSRT,Vita Homebrew Sorter,405,04/20/2021, 08:17:37,655
VITAHBSRT,Vita Homebrew Sorter,406,04/20/2021, 09:15:05,655
VITAHBSRT,Vita Homebrew Sorter,407,04/20/2021, 10:15:23,655
VITAHBSRT,Vita Homebrew Sorter,407,04/20/2021, 11:13:23,655
VITAHBSRT,Vita Homebrew Sorter,408,04/20/2021, 12:21:15,655
VITAHBSRT,Vita Homebrew Sorter,410,04/20/2021, 13:23:42,655
VITAHBSRT,Vita Homebrew Sorter,411,04/20/2021, 14:14:57,655
VITAHBSRT,Vita Homebrew Sorter,413,04/20/2021, 15:15:17,655
VITAHBSRT,Vita Homebrew Sorter,415,04/20/2021, 16:25:39,655
VITAHBSRT,Vita Homebrew Sorter,417,04/20/2021, 17:37:37,655
VITAHBSRT,Vita Homebrew Sorter,418,04/20/2021, 18:25:50,655
VITAHBSRT,Vita Homebrew Sorter,419,04/20/2021, 19:18:50,655
VITAHBSRT,Vita Homebrew Sorter,420,04/20/2021, 20:15:39,655
VITAHBSRT,Vita Homebrew Sorter,423,04/20/2021, 21:13:52,655
VITAHBSRT,Vita Homebrew Sorter,425,04/20/2021, 22:17:48,655
VITAHBSRT,Vita Homebrew Sorter,427,04/20/2021, 23:15:51,655
VITAHBSRT,Vita Homebrew Sorter,428,04/21/2021, 00:45:01,655
VITAHBSRT,Vita Homebrew Sorter,432,04/21/2021, 02:03:44,655
VITAHBSRT,Vita Homebrew Sorter,432,04/21/2021, 03:21:18,655
VITAHBSRT,Vita Homebrew Sorter,433,04/21/2021, 04:19:28,655
VITAHBSRT,Vita Homebrew Sorter,436,04/21/2021, 05:19:37,655
VITAHBSRT,Vita Homebrew Sorter,438,04/21/2021, 06:18:19,655
VITAHBSRT,Vita Homebrew Sorter,440,04/21/2021, 07:18:13,655
VITAHBSRT,Vita Homebrew Sorter,442,04/21/2021, 08:17:34,655
VITAHBSRT,Vita Homebrew Sorter,444,04/21/2021, 09:15:16,655
VITAHBSRT,Vita Homebrew Sorter,444,04/21/2021, 10:15:34,655
VITAHBSRT,Vita Homebrew Sorter,445,04/21/2021, 11:12:59,655
VITAHBSRT,Vita Homebrew Sorter,446,04/21/2021, 12:21:25,655
VITAHBSRT,Vita Homebrew Sorter,446,04/21/2021, 13:23:35,655
VITAHBSRT,Vita Homebrew Sorter,446,04/21/2021, 14:15:16,655
VITAHBSRT,Vita Homebrew Sorter,447,04/21/2021, 15:15:38,655
VITAHBSRT,Vita Homebrew Sorter,448,04/21/2021, 16:27:06,655
VITAHBSRT,Vita Homebrew Sorter,450,04/21/2021, 17:37:39,655
VITAHBSRT,Vita Homebrew Sorter,451,04/21/2021, 18:26:36,655
VITAHBSRT,Vita Homebrew Sorter,454,04/21/2021, 19:18:53,655
VITAHBSRT,Vita Homebrew Sorter,456,04/21/2021, 20:15:32,655
VITAHBSRT,Vita Homebrew Sorter,457,04/21/2021, 21:13:39,655
VITAHBSRT,Vita Homebrew Sorter,461,04/21/2021, 22:17:53,655
VITAHBSRT,Vita Homebrew Sorter,463,04/21/2021, 23:16:23,655
VITAHBSRT,Vita Homebrew Sorter,464,04/22/2021, 00:45:51,655
VITAHBSRT,Vita Homebrew Sorter,465,04/22/2021, 02:04:06,655
VITAHBSRT,Vita Homebrew Sorter,468,04/22/2021, 03:21:24,655
VITAHBSRT,Vita Homebrew Sorter,469,04/22/2021, 04:19:34,655
VITAHBSRT,Vita Homebrew Sorter,473,04/22/2021, 05:19:54,655
VITAHBSRT,Vita Homebrew Sorter,474,04/22/2021, 06:18:54,655
VITAHBSRT,Vita Homebrew Sorter,475,04/22/2021, 07:19:12,655
VITAHBSRT,Vita Homebrew Sorter,476,04/22/2021, 08:18:18,655
VITAHBSRT,Vita Homebrew Sorter,478,04/22/2021, 09:15:43,655
VITAHBSRT,Vita Homebrew Sorter,480,04/22/2021, 10:15:47,655
VITAHBSRT,Vita Homebrew Sorter,480,04/22/2021, 11:12:58,655
VITAHBSRT,Vita Homebrew Sorter,480,04/22/2021, 12:21:58,655
VITAHBSRT,Vita Homebrew Sorter,480,04/22/2021, 13:24:28,655
VITAHBSRT,Vita Homebrew Sorter,482,04/22/2021, 14:15:13,655
VITAHBSRT,Vita Homebrew Sorter,482,04/22/2021, 15:15:37,655
VITAHBSRT,Vita Homebrew Sorter,483,04/22/2021, 16:26:01,655
VITAHBSRT,Vita Homebrew Sorter,483,04/22/2021, 17:41:25,655
VITAHBSRT,Vita Homebrew Sorter,483,04/22/2021, 18:28:36,655
VITAHBSRT,Vita Homebrew Sorter,484,04/22/2021, 19:19:57,655
VITAHBSRT,Vita Homebrew Sorter,486,04/22/2021, 20:16:00,655
VITAHBSRT,Vita Homebrew Sorter,487,04/22/2021, 21:13:51,655
VITAHBSRT,Vita Homebrew Sorter,490,04/22/2021, 22:18:04,655
VITAHBSRT,Vita Homebrew Sorter,495,04/22/2021, 23:15:33,655
VITAHBSRT,Vita Homebrew Sorter,498,04/23/2021, 00:45:09,655
VITAHBSRT,Vita Homebrew Sorter,501,04/23/2021, 02:08:59,655
VITAHBSRT,Vita Homebrew Sorter,503,04/23/2021, 03:20:29,655
VITAHBSRT,Vita Homebrew Sorter,506,04/23/2021, 04:19:54,655
VITAHBSRT,Vita Homebrew Sorter,506,04/23/2021, 05:20:30,655
VITAHBSRT,Vita Homebrew Sorter,506,04/23/2021, 06:18:43,655
VITAHBSRT,Vita Homebrew Sorter,509,04/23/2021, 07:19:29,655
VITAHBSRT,Vita Homebrew Sorter,510,04/23/2021, 08:18:45,655
VITAHBSRT,Vita Homebrew Sorter,510,04/23/2021, 09:16:39,655
VITAHBSRT,Vita Homebrew Sorter,510,04/23/2021, 10:16:24,655
VITAHBSRT,Vita Homebrew Sorter,510,04/23/2021, 11:13:02,655
VITAHBSRT,Vita Homebrew Sorter,511,04/23/2021, 12:21:34,655
VITAHBSRT,Vita Homebrew Sorter,512,04/23/2021, 13:23:25,655
