YPID00001,PSV IDPS Dumper,2,02/21/2021, 22:10:47,619
YPID00001,PSV IDPS Dumper,10,02/21/2021, 23:10:29,619
YPID00001,PSV IDPS Dumper,17,02/22/2021, 00:24:54,619
YPID00001,PSV IDPS Dumper,25,02/22/2021, 01:36:36,619
YPID00001,PSV IDPS Dumper,26,02/22/2021, 02:17:55,619
YPID00001,PSV IDPS Dumper,29,02/22/2021, 03:10:36,619
YPID00001,PSV IDPS Dumper,34,02/22/2021, 04:12:07,619
YPID00001,PSV IDPS Dumper,37,02/22/2021, 05:09:40,619
YPID00001,PSV IDPS Dumper,41,02/22/2021, 06:11:28,619
YPID00001,PSV IDPS Dumper,44,02/22/2021, 07:08:24,619
YPID00001,PSV IDPS Dumper,47,02/22/2021, 08:11:26,619
YPID00001,PSV IDPS Dumper,50,02/22/2021, 09:08:58,619
YPID00001,PSV IDPS Dumper,52,02/22/2021, 10:09:41,619
YPID00001,PSV IDPS Dumper,53,02/22/2021, 11:09:47,619
YPID00001,PSV IDPS Dumper,54,02/22/2021, 12:11:19,619
YPID00001,PSV IDPS Dumper,58,02/22/2021, 13:08:36,619
YPID00001,PSV IDPS Dumper,63,02/22/2021, 14:10:12,619
YPID00001,PSV IDPS Dumper,65,02/22/2021, 15:09:46,619
YPID00001,PSV IDPS Dumper,69,02/22/2021, 16:16:25,619
YPID00001,PSV IDPS Dumper,73,02/22/2021, 17:24:20,619
YPID00001,PSV IDPS Dumper,77,02/22/2021, 18:11:09,619
YPID00001,PSV IDPS Dumper,79,02/22/2021, 19:07:46,619
YPID00001,PSV IDPS Dumper,83,02/22/2021, 20:10:28,619
YPID00001,PSV IDPS Dumper,84,02/22/2021, 21:09:08,619
YPID00001,PSV IDPS Dumper,90,02/22/2021, 22:10:46,619
YPID00001,PSV IDPS Dumper,93,02/22/2021, 23:10:40,619
YPID00001,PSV IDPS Dumper,94,02/23/2021, 00:24:33,619
YPID00001,PSV IDPS Dumper,96,02/23/2021, 01:36:09,619
YPID00001,PSV IDPS Dumper,97,02/23/2021, 02:17:28,619
YPID00001,PSV IDPS Dumper,99,02/23/2021, 03:10:44,619
YPID00001,PSV IDPS Dumper,100,02/23/2021, 04:10:52,619
YPID00001,PSV IDPS Dumper,100,02/23/2021, 05:09:36,619
YPID00001,PSV IDPS Dumper,101,02/23/2021, 06:11:08,619
YPID00001,PSV IDPS Dumper,104,02/23/2021, 07:09:48,619
YPID00001,PSV IDPS Dumper,104,02/23/2021, 08:12:32,619
YPID00001,PSV IDPS Dumper,105,02/23/2021, 09:10:33,619
YPID00001,PSV IDPS Dumper,105,02/23/2021, 10:11:29,619
YPID00001,PSV IDPS Dumper,106,02/23/2021, 11:09:47,619
YPID00001,PSV IDPS Dumper,107,02/23/2021, 12:13:26,619
YPID00001,PSV IDPS Dumper,109,02/23/2021, 13:16:20,619
YPID00001,PSV IDPS Dumper,111,02/23/2021, 14:15:22,619
YPID00001,PSV IDPS Dumper,111,02/23/2021, 15:22:20,619
YPID00001,PSV IDPS Dumper,111,02/23/2021, 16:53:46,619
YPID00001,PSV IDPS Dumper,111,02/23/2021, 17:27:57,619
YPID00001,PSV IDPS Dumper,112,02/23/2021, 18:11:12,619
YPID00001,PSV IDPS Dumper,112,02/23/2021, 19:08:08,619
YPID00001,PSV IDPS Dumper,113,02/23/2021, 20:10:53,619
YPID00001,PSV IDPS Dumper,113,02/23/2021, 21:09:23,619
YPID00001,PSV IDPS Dumper,116,02/23/2021, 22:10:41,619
YPID00001,PSV IDPS Dumper,116,02/23/2021, 23:10:34,619
YPID00001,PSV IDPS Dumper,118,02/24/2021, 00:24:55,619
YPID00001,PSV IDPS Dumper,118,02/24/2021, 01:37:10,619
YPID00001,PSV IDPS Dumper,118,02/24/2021, 02:18:35,619
YPID00001,PSV IDPS Dumper,118,02/24/2021, 03:11:07,619
YPID00001,PSV IDPS Dumper,119,02/24/2021, 04:10:24,619
YPID00001,PSV IDPS Dumper,120,02/24/2021, 05:09:38,619
YPID00001,PSV IDPS Dumper,122,02/24/2021, 06:11:23,619
YPID00001,PSV IDPS Dumper,122,02/24/2021, 07:09:28,619
YPID00001,PSV IDPS Dumper,122,02/24/2021, 08:17:17,619
YPID00001,PSV IDPS Dumper,122,02/24/2021, 09:16:14,619
YPID00001,PSV IDPS Dumper,123,02/24/2021, 10:17:51,619
YPID00001,PSV IDPS Dumper,123,02/24/2021, 11:15:36,619
YPID00001,PSV IDPS Dumper,123,02/24/2021, 12:19:00,619
YPID00001,PSV IDPS Dumper,124,02/24/2021, 13:17:37,619
YPID00001,PSV IDPS Dumper,127,02/24/2021, 14:15:52,619
YPID00001,PSV IDPS Dumper,130,02/24/2021, 15:23:50,619
YPID00001,PSV IDPS Dumper,133,02/24/2021, 16:29:29,619
YPID00001,PSV IDPS Dumper,136,02/24/2021, 17:30:59,619
YPID00001,PSV IDPS Dumper,136,02/24/2021, 18:11:13,619
YPID00001,PSV IDPS Dumper,137,02/24/2021, 19:07:30,619
YPID00001,PSV IDPS Dumper,137,02/24/2021, 20:10:33,619
YPID00001,PSV IDPS Dumper,138,02/24/2021, 21:09:12,619
YPID00001,PSV IDPS Dumper,139,02/24/2021, 22:10:56,619
YPID00001,PSV IDPS Dumper,143,02/24/2021, 23:10:22,619
YPID00001,PSV IDPS Dumper,144,02/25/2021, 00:24:38,619
YPID00001,PSV IDPS Dumper,145,02/25/2021, 01:37:05,619
YPID00001,PSV IDPS Dumper,145,02/25/2021, 02:17:42,619
YPID00001,PSV IDPS Dumper,146,02/25/2021, 03:10:38,619
YPID00001,PSV IDPS Dumper,146,02/25/2021, 04:12:19,619
YPID00001,PSV IDPS Dumper,146,02/25/2021, 05:09:40,619
YPID00001,PSV IDPS Dumper,146,02/25/2021, 06:11:32,619
YPID00001,PSV IDPS Dumper,147,02/25/2021, 07:09:32,619
YPID00001,PSV IDPS Dumper,148,02/25/2021, 08:12:15,619
YPID00001,PSV IDPS Dumper,149,02/25/2021, 09:16:02,619
YPID00001,PSV IDPS Dumper,150,02/25/2021, 10:17:18,619
YPID00001,PSV IDPS Dumper,150,02/25/2021, 11:09:43,619
YPID00001,PSV IDPS Dumper,150,02/25/2021, 12:13:10,619
YPID00001,PSV IDPS Dumper,150,02/25/2021, 13:11:43,619
YPID00001,PSV IDPS Dumper,150,02/25/2021, 14:10:13,619
YPID00001,PSV IDPS Dumper,151,02/25/2021, 15:15:55,619
YPID00001,PSV IDPS Dumper,152,02/25/2021, 16:21:45,619
YPID00001,PSV IDPS Dumper,152,02/25/2021, 17:30:07,619
YPID00001,PSV IDPS Dumper,153,02/25/2021, 18:15:17,619
YPID00001,PSV IDPS Dumper,153,02/25/2021, 19:07:30,619
YPID00001,PSV IDPS Dumper,154,02/25/2021, 20:10:41,619
YPID00001,PSV IDPS Dumper,154,02/25/2021, 21:09:23,619
YPID00001,PSV IDPS Dumper,154,02/25/2021, 22:10:47,619
YPID00001,PSV IDPS Dumper,154,02/25/2021, 23:10:58,619
YPID00001,PSV IDPS Dumper,155,02/26/2021, 00:27:00,619
YPID00001,PSV IDPS Dumper,157,02/26/2021, 01:37:34,619
YPID00001,PSV IDPS Dumper,157,02/26/2021, 02:18:53,619
YPID00001,PSV IDPS Dumper,157,02/26/2021, 03:10:58,619
YPID00001,PSV IDPS Dumper,157,02/26/2021, 04:12:14,619
YPID00001,PSV IDPS Dumper,157,02/26/2021, 05:09:43,619
YPID00001,PSV IDPS Dumper,158,02/26/2021, 06:11:21,619
YPID00001,PSV IDPS Dumper,158,02/26/2021, 07:10:06,619
YPID00001,PSV IDPS Dumper,160,02/26/2021, 08:12:13,619
YPID00001,PSV IDPS Dumper,161,02/26/2021, 09:10:56,619
YPID00001,PSV IDPS Dumper,162,02/26/2021, 10:11:40,619
YPID00001,PSV IDPS Dumper,163,02/26/2021, 11:15:19,619
YPID00001,PSV IDPS Dumper,164,02/26/2021, 12:13:33,619
YPID00001,PSV IDPS Dumper,164,02/26/2021, 13:12:00,619
YPID00001,PSV IDPS Dumper,164,02/26/2021, 14:10:04,619
YPID00001,PSV IDPS Dumper,164,02/26/2021, 15:09:40,619
YPID00001,PSV IDPS Dumper,165,02/26/2021, 16:16:14,619
YPID00001,PSV IDPS Dumper,166,02/26/2021, 17:26:03,619
YPID00001,PSV IDPS Dumper,166,02/26/2021, 18:11:10,619
YPID00001,PSV IDPS Dumper,166,02/26/2021, 19:07:33,619
YPID00001,PSV IDPS Dumper,166,02/26/2021, 20:10:43,619
YPID00001,PSV IDPS Dumper,167,02/26/2021, 21:09:06,619
YPID00001,PSV IDPS Dumper,168,02/26/2021, 22:10:41,619
YPID00001,PSV IDPS Dumper,170,02/26/2021, 23:10:48,619
YPID00001,PSV IDPS Dumper,171,02/27/2021, 00:24:55,619
YPID00001,PSV IDPS Dumper,171,02/27/2021, 01:37:00,619
YPID00001,PSV IDPS Dumper,172,02/27/2021, 02:18:25,619
YPID00001,PSV IDPS Dumper,172,02/27/2021, 03:11:04,619
YPID00001,PSV IDPS Dumper,173,02/27/2021, 04:12:33,619
YPID00001,PSV IDPS Dumper,173,02/27/2021, 05:09:55,619
YPID00001,PSV IDPS Dumper,173,02/27/2021, 06:11:19,619
YPID00001,PSV IDPS Dumper,175,02/27/2021, 07:09:50,619
YPID00001,PSV IDPS Dumper,175,02/27/2021, 08:11:45,619
YPID00001,PSV IDPS Dumper,175,02/27/2021, 09:10:47,619
YPID00001,PSV IDPS Dumper,175,02/27/2021, 10:11:20,619
YPID00001,PSV IDPS Dumper,175,02/27/2021, 11:09:45,619
YPID00001,PSV IDPS Dumper,175,02/27/2021, 12:13:14,619
YPID00001,PSV IDPS Dumper,177,02/27/2021, 13:10:54,619
YPID00001,PSV IDPS Dumper,178,02/27/2021, 14:09:45,619
YPID00001,PSV IDPS Dumper,180,02/27/2021, 15:09:34,619
YPID00001,PSV IDPS Dumper,180,02/27/2021, 16:16:22,619
YPID00001,PSV IDPS Dumper,180,02/27/2021, 17:25:44,619
YPID00001,PSV IDPS Dumper,181,02/27/2021, 18:11:06,619
YPID00001,PSV IDPS Dumper,183,02/27/2021, 19:07:41,619
YPID00001,PSV IDPS Dumper,186,02/27/2021, 20:10:23,619
YPID00001,PSV IDPS Dumper,186,02/27/2021, 21:09:09,619
YPID00001,PSV IDPS Dumper,186,02/27/2021, 22:10:47,619
YPID00001,PSV IDPS Dumper,186,02/27/2021, 23:10:47,619
YPID00001,PSV IDPS Dumper,186,02/28/2021, 00:26:34,619
YPID00001,PSV IDPS Dumper,186,02/28/2021, 01:40:04,619
YPID00001,PSV IDPS Dumper,186,02/28/2021, 02:21:32,619
YPID00001,PSV IDPS Dumper,186,02/28/2021, 03:10:47,619
YPID00001,PSV IDPS Dumper,187,02/28/2021, 04:12:31,619
YPID00001,PSV IDPS Dumper,187,02/28/2021, 05:10:23,619
YPID00001,PSV IDPS Dumper,187,02/28/2021, 06:11:33,619
YPID00001,PSV IDPS Dumper,189,02/28/2021, 07:09:33,619
YPID00001,PSV IDPS Dumper,189,02/28/2021, 08:12:02,619
YPID00001,PSV IDPS Dumper,189,02/28/2021, 09:10:45,619
YPID00001,PSV IDPS Dumper,189,02/28/2021, 10:11:29,619
YPID00001,PSV IDPS Dumper,190,02/28/2021, 11:09:45,619
YPID00001,PSV IDPS Dumper,190,02/28/2021, 12:13:16,619
YPID00001,PSV IDPS Dumper,190,02/28/2021, 13:10:39,619
YPID00001,PSV IDPS Dumper,190,02/28/2021, 14:09:54,619
YPID00001,PSV IDPS Dumper,191,02/28/2021, 15:09:38,619
YPID00001,PSV IDPS Dumper,194,02/28/2021, 16:16:16,619
YPID00001,PSV IDPS Dumper,194,02/28/2021, 17:25:38,619
YPID00001,PSV IDPS Dumper,195,02/28/2021, 18:10:56,619
YPID00001,PSV IDPS Dumper,197,02/28/2021, 19:07:50,619
YPID00001,PSV IDPS Dumper,198,02/28/2021, 20:10:15,619
YPID00001,PSV IDPS Dumper,200,02/28/2021, 21:08:59,619
YPID00001,PSV IDPS Dumper,200,02/28/2021, 22:10:39,619
YPID00001,PSV IDPS Dumper,201,02/28/2021, 23:10:39,619
YPID00001,PSV IDPS Dumper,201,03/01/2021, 00:26:45,619
YPID00001,PSV IDPS Dumper,202,03/01/2021, 01:41:28,619
YPID00001,PSV IDPS Dumper,202,03/01/2021, 02:23:01,619
YPID00001,PSV IDPS Dumper,203,03/01/2021, 03:10:50,619
YPID00001,PSV IDPS Dumper,204,03/01/2021, 04:12:54,619
YPID00001,PSV IDPS Dumper,204,03/01/2021, 05:10:18,619
YPID00001,PSV IDPS Dumper,204,03/01/2021, 06:11:50,619
YPID00001,PSV IDPS Dumper,206,03/01/2021, 07:09:55,619
YPID00001,PSV IDPS Dumper,206,03/01/2021, 08:12:38,619
YPID00001,PSV IDPS Dumper,206,03/01/2021, 09:10:58,619
YPID00001,PSV IDPS Dumper,206,03/01/2021, 10:43:51,619
YPID00001,PSV IDPS Dumper,206,03/01/2021, 11:16:58,619
YPID00001,PSV IDPS Dumper,206,03/01/2021, 12:13:37,619
YPID00001,PSV IDPS Dumper,206,03/01/2021, 13:17:11,619
YPID00001,PSV IDPS Dumper,206,03/01/2021, 14:10:26,619
YPID00001,PSV IDPS Dumper,206,03/01/2021, 15:10:00,619
YPID00001,PSV IDPS Dumper,207,03/01/2021, 16:16:25,619
YPID00001,PSV IDPS Dumper,208,03/01/2021, 17:26:59,619
YPID00001,PSV IDPS Dumper,209,03/01/2021, 18:11:02,619
YPID00001,PSV IDPS Dumper,209,03/01/2021, 19:07:51,619
YPID00001,PSV IDPS Dumper,211,03/01/2021, 20:10:52,619
YPID00001,PSV IDPS Dumper,211,03/01/2021, 21:09:25,619
YPID00001,PSV IDPS Dumper,212,03/01/2021, 22:13:59,619
YPID00001,PSV IDPS Dumper,212,03/01/2021, 23:10:39,619
YPID00001,PSV IDPS Dumper,214,03/02/2021, 00:21:16,619
YPID00001,PSV IDPS Dumper,214,03/02/2021, 01:24:14,619
YPID00001,PSV IDPS Dumper,214,03/02/2021, 02:11:21,619
YPID00001,PSV IDPS Dumper,214,03/02/2021, 03:10:57,619
YPID00001,PSV IDPS Dumper,214,03/02/2021, 04:12:43,619
YPID00001,PSV IDPS Dumper,214,03/02/2021, 05:10:02,619
YPID00001,PSV IDPS Dumper,215,03/02/2021, 06:11:14,619
YPID00001,PSV IDPS Dumper,215,03/02/2021, 07:09:56,619
YPID00001,PSV IDPS Dumper,215,03/02/2021, 08:12:24,619
YPID00001,PSV IDPS Dumper,215,03/02/2021, 09:11:13,619
YPID00001,PSV IDPS Dumper,215,03/02/2021, 10:09:49,619
YPID00001,PSV IDPS Dumper,215,03/02/2021, 11:08:19,619
YPID00001,PSV IDPS Dumper,215,03/02/2021, 12:11:26,619
YPID00001,PSV IDPS Dumper,217,03/02/2021, 13:08:41,619
YPID00001,PSV IDPS Dumper,217,03/02/2021, 14:09:02,619
YPID00001,PSV IDPS Dumper,217,03/02/2021, 15:08:34,619
YPID00001,PSV IDPS Dumper,218,03/02/2021, 16:19:40,619
YPID00001,PSV IDPS Dumper,219,03/02/2021, 17:30:08,619
YPID00001,PSV IDPS Dumper,219,03/02/2021, 18:09:54,619
YPID00001,PSV IDPS Dumper,219,03/02/2021, 19:07:08,619
YPID00001,PSV IDPS Dumper,220,03/02/2021, 20:10:43,619
YPID00001,PSV IDPS Dumper,220,03/02/2021, 21:09:19,619
YPID00001,PSV IDPS Dumper,220,03/02/2021, 22:11:19,619
YPID00001,PSV IDPS Dumper,221,03/02/2021, 23:11:04,619
YPID00001,PSV IDPS Dumper,222,03/03/2021, 00:24:58,619
YPID00001,PSV IDPS Dumper,222,03/03/2021, 01:38:41,619
YPID00001,PSV IDPS Dumper,222,03/03/2021, 02:20:49,619
YPID00001,PSV IDPS Dumper,223,03/03/2021, 03:09:31,619
YPID00001,PSV IDPS Dumper,223,03/03/2021, 04:10:58,619
YPID00001,PSV IDPS Dumper,223,03/03/2021, 05:10:39,619
YPID00001,PSV IDPS Dumper,223,03/03/2021, 06:11:34,619
YPID00001,PSV IDPS Dumper,225,03/03/2021, 07:10:13,619
YPID00001,PSV IDPS Dumper,225,03/03/2021, 08:12:39,619
YPID00001,PSV IDPS Dumper,225,03/03/2021, 09:10:58,619
YPID00001,PSV IDPS Dumper,225,03/03/2021, 10:11:54,619
YPID00001,PSV IDPS Dumper,225,03/03/2021, 11:09:42,619
YPID00001,PSV IDPS Dumper,225,03/03/2021, 12:13:26,619
YPID00001,PSV IDPS Dumper,225,03/03/2021, 13:12:45,619
YPID00001,PSV IDPS Dumper,225,03/03/2021, 14:11:01,619
YPID00001,PSV IDPS Dumper,225,03/03/2021, 15:10:14,619
YPID00001,PSV IDPS Dumper,225,03/03/2021, 16:16:29,619
YPID00001,PSV IDPS Dumper,225,03/03/2021, 17:27:36,619
YPID00001,PSV IDPS Dumper,225,03/03/2021, 18:13:37,619
YPID00001,PSV IDPS Dumper,226,03/03/2021, 19:07:35,619
YPID00001,PSV IDPS Dumper,226,03/03/2021, 20:11:03,619
YPID00001,PSV IDPS Dumper,226,03/03/2021, 21:09:17,619
YPID00001,PSV IDPS Dumper,226,03/03/2021, 22:11:09,619
YPID00001,PSV IDPS Dumper,226,03/03/2021, 23:10:46,619
YPID00001,PSV IDPS Dumper,226,03/04/2021, 00:24:57,619
YPID00001,PSV IDPS Dumper,227,03/04/2021, 01:39:18,619
YPID00001,PSV IDPS Dumper,227,03/04/2021, 02:21:36,619
YPID00001,PSV IDPS Dumper,227,03/04/2021, 03:10:57,619
YPID00001,PSV IDPS Dumper,227,03/04/2021, 04:12:44,619
YPID00001,PSV IDPS Dumper,227,03/04/2021, 05:09:48,619
YPID00001,PSV IDPS Dumper,227,03/04/2021, 06:10:46,619
YPID00001,PSV IDPS Dumper,227,03/04/2021, 07:09:35,619
YPID00001,PSV IDPS Dumper,227,03/04/2021, 08:12:18,619
YPID00001,PSV IDPS Dumper,227,03/04/2021, 09:11:26,619
YPID00001,PSV IDPS Dumper,227,03/04/2021, 10:11:45,619
YPID00001,PSV IDPS Dumper,227,03/04/2021, 11:09:58,619
YPID00001,PSV IDPS Dumper,230,03/04/2021, 12:13:49,619
YPID00001,PSV IDPS Dumper,230,03/04/2021, 13:12:44,619
YPID00001,PSV IDPS Dumper,230,03/04/2021, 14:10:58,619
YPID00001,PSV IDPS Dumper,230,03/04/2021, 15:10:22,619
YPID00001,PSV IDPS Dumper,230,03/04/2021, 16:16:42,619
YPID00001,PSV IDPS Dumper,230,03/04/2021, 17:25:20,619
YPID00001,PSV IDPS Dumper,232,03/04/2021, 18:11:06,619
YPID00001,PSV IDPS Dumper,232,03/04/2021, 19:08:17,619
YPID00001,PSV IDPS Dumper,232,03/04/2021, 20:11:04,619
YPID00001,PSV IDPS Dumper,232,03/04/2021, 21:09:39,619
YPID00001,PSV IDPS Dumper,233,03/04/2021, 22:11:29,619
YPID00001,PSV IDPS Dumper,234,03/04/2021, 23:10:51,619
YPID00001,PSV IDPS Dumper,234,03/05/2021, 00:25:36,619
YPID00001,PSV IDPS Dumper,234,03/05/2021, 01:40:35,619
YPID00001,PSV IDPS Dumper,235,03/05/2021, 02:22:39,619
YPID00001,PSV IDPS Dumper,236,03/05/2021, 03:11:03,619
YPID00001,PSV IDPS Dumper,236,03/05/2021, 04:12:58,619
YPID00001,PSV IDPS Dumper,236,03/05/2021, 05:09:35,619
YPID00001,PSV IDPS Dumper,236,03/05/2021, 06:11:43,619
YPID00001,PSV IDPS Dumper,236,03/05/2021, 07:09:51,619
YPID00001,PSV IDPS Dumper,236,03/05/2021, 08:13:03,619
YPID00001,PSV IDPS Dumper,236,03/05/2021, 09:10:44,619
YPID00001,PSV IDPS Dumper,236,03/05/2021, 10:12:04,619
YPID00001,PSV IDPS Dumper,236,03/05/2021, 11:09:59,619
YPID00001,PSV IDPS Dumper,236,03/05/2021, 12:13:45,619
YPID00001,PSV IDPS Dumper,236,03/05/2021, 13:12:41,619
YPID00001,PSV IDPS Dumper,236,03/05/2021, 14:10:44,619
YPID00001,PSV IDPS Dumper,236,03/05/2021, 15:10:18,619
YPID00001,PSV IDPS Dumper,236,03/05/2021, 16:16:35,619
YPID00001,PSV IDPS Dumper,238,03/05/2021, 17:27:16,619
YPID00001,PSV IDPS Dumper,239,03/05/2021, 18:11:47,619
YPID00001,PSV IDPS Dumper,239,03/05/2021, 19:07:38,619
YPID00001,PSV IDPS Dumper,239,03/05/2021, 20:10:51,619
YPID00001,PSV IDPS Dumper,240,03/05/2021, 21:09:29,619
YPID00001,PSV IDPS Dumper,242,03/05/2021, 22:11:18,619
YPID00001,PSV IDPS Dumper,242,03/05/2021, 23:11:10,619
YPID00001,PSV IDPS Dumper,242,03/06/2021, 00:25:17,619
YPID00001,PSV IDPS Dumper,243,03/06/2021, 01:39:19,619
YPID00001,PSV IDPS Dumper,243,03/06/2021, 02:22:05,619
YPID00001,PSV IDPS Dumper,244,03/06/2021, 03:11:16,619
YPID00001,PSV IDPS Dumper,244,03/06/2021, 04:13:04,619
YPID00001,PSV IDPS Dumper,244,03/06/2021, 05:09:44,619
YPID00001,PSV IDPS Dumper,244,03/06/2021, 06:11:20,619
YPID00001,PSV IDPS Dumper,244,03/06/2021, 07:09:46,619
YPID00001,PSV IDPS Dumper,244,03/06/2021, 08:12:07,619
YPID00001,PSV IDPS Dumper,244,03/06/2021, 09:10:56,619
YPID00001,PSV IDPS Dumper,245,03/06/2021, 10:11:53,619
YPID00001,PSV IDPS Dumper,245,03/06/2021, 11:09:51,619
YPID00001,PSV IDPS Dumper,245,03/06/2021, 12:13:24,619
YPID00001,PSV IDPS Dumper,245,03/06/2021, 13:12:20,619
YPID00001,PSV IDPS Dumper,245,03/06/2021, 14:10:31,619
YPID00001,PSV IDPS Dumper,245,03/06/2021, 15:10:01,619
YPID00001,PSV IDPS Dumper,245,03/06/2021, 16:16:31,619
YPID00001,PSV IDPS Dumper,245,03/06/2021, 17:26:35,619
YPID00001,PSV IDPS Dumper,246,03/06/2021, 18:11:00,619
YPID00001,PSV IDPS Dumper,247,03/06/2021, 19:07:37,619
YPID00001,PSV IDPS Dumper,248,03/06/2021, 20:10:48,619
YPID00001,PSV IDPS Dumper,249,03/06/2021, 21:09:22,619
YPID00001,PSV IDPS Dumper,249,03/06/2021, 22:11:03,619
YPID00001,PSV IDPS Dumper,251,03/06/2021, 23:10:47,619
YPID00001,PSV IDPS Dumper,252,03/07/2021, 00:26:59,619
YPID00001,PSV IDPS Dumper,252,03/07/2021, 01:43:00,619
YPID00001,PSV IDPS Dumper,253,03/07/2021, 02:24:44,619
YPID00001,PSV IDPS Dumper,254,03/07/2021, 03:10:23,619
YPID00001,PSV IDPS Dumper,255,03/07/2021, 04:13:12,619
YPID00001,PSV IDPS Dumper,255,03/07/2021, 05:09:45,619
YPID00001,PSV IDPS Dumper,256,03/07/2021, 06:11:29,619
YPID00001,PSV IDPS Dumper,257,03/07/2021, 07:09:40,619
YPID00001,PSV IDPS Dumper,258,03/07/2021, 08:12:14,619
YPID00001,PSV IDPS Dumper,259,03/07/2021, 09:10:55,619
YPID00001,PSV IDPS Dumper,259,03/07/2021, 10:11:53,619
YPID00001,PSV IDPS Dumper,259,03/07/2021, 11:09:42,619
YPID00001,PSV IDPS Dumper,259,03/07/2021, 12:13:33,619
YPID00001,PSV IDPS Dumper,260,03/07/2021, 13:12:11,619
YPID00001,PSV IDPS Dumper,260,03/07/2021, 14:10:19,619
YPID00001,PSV IDPS Dumper,260,03/07/2021, 15:09:49,619
YPID00001,PSV IDPS Dumper,260,03/07/2021, 16:16:21,619
YPID00001,PSV IDPS Dumper,260,03/07/2021, 17:26:20,619
YPID00001,PSV IDPS Dumper,260,03/07/2021, 18:11:00,619
YPID00001,PSV IDPS Dumper,260,03/07/2021, 19:07:46,619
YPID00001,PSV IDPS Dumper,260,03/07/2021, 20:10:37,619
YPID00001,PSV IDPS Dumper,261,03/07/2021, 21:09:28,619
YPID00001,PSV IDPS Dumper,261,03/07/2021, 22:11:01,619
YPID00001,PSV IDPS Dumper,261,03/07/2021, 23:10:48,619
YPID00001,PSV IDPS Dumper,261,03/08/2021, 00:26:05,619
YPID00001,PSV IDPS Dumper,261,03/08/2021, 01:41:53,619
YPID00001,PSV IDPS Dumper,261,03/08/2021, 02:25:05,619
YPID00001,PSV IDPS Dumper,261,03/08/2021, 03:10:19,619
YPID00001,PSV IDPS Dumper,262,03/08/2021, 04:13:01,619
YPID00001,PSV IDPS Dumper,263,03/08/2021, 05:09:56,619
YPID00001,PSV IDPS Dumper,264,03/08/2021, 06:11:49,619
YPID00001,PSV IDPS Dumper,265,03/08/2021, 07:09:43,619
YPID00001,PSV IDPS Dumper,265,03/08/2021, 08:12:52,619
YPID00001,PSV IDPS Dumper,266,03/08/2021, 09:10:53,619
YPID00001,PSV IDPS Dumper,266,03/08/2021, 10:11:54,619
YPID00001,PSV IDPS Dumper,266,03/08/2021, 11:09:56,619
YPID00001,PSV IDPS Dumper,266,03/08/2021, 12:13:55,619
YPID00001,PSV IDPS Dumper,266,03/08/2021, 13:13:29,619
YPID00001,PSV IDPS Dumper,266,03/08/2021, 14:10:57,619
YPID00001,PSV IDPS Dumper,266,03/08/2021, 15:10:11,619
YPID00001,PSV IDPS Dumper,267,03/08/2021, 16:16:45,619
YPID00001,PSV IDPS Dumper,267,03/08/2021, 17:27:59,619
YPID00001,PSV IDPS Dumper,267,03/08/2021, 18:13:00,619
YPID00001,PSV IDPS Dumper,267,03/08/2021, 19:08:09,619
YPID00001,PSV IDPS Dumper,268,03/08/2021, 20:11:30,619
YPID00001,PSV IDPS Dumper,268,03/08/2021, 21:09:42,619
YPID00001,PSV IDPS Dumper,268,03/08/2021, 22:11:11,619
YPID00001,PSV IDPS Dumper,270,03/08/2021, 23:11:11,619
YPID00001,PSV IDPS Dumper,270,03/09/2021, 00:25:48,619
YPID00001,PSV IDPS Dumper,270,03/09/2021, 01:40:56,619
YPID00001,PSV IDPS Dumper,270,03/09/2021, 02:24:31,619
YPID00001,PSV IDPS Dumper,270,03/09/2021, 03:10:27,619
YPID00001,PSV IDPS Dumper,270,03/09/2021, 04:13:13,619
YPID00001,PSV IDPS Dumper,270,03/09/2021, 05:10:35,619
YPID00001,PSV IDPS Dumper,270,03/09/2021, 06:11:41,619
YPID00001,PSV IDPS Dumper,270,03/09/2021, 07:09:55,619
YPID00001,PSV IDPS Dumper,270,03/09/2021, 08:13:09,619
YPID00001,PSV IDPS Dumper,271,03/09/2021, 09:15:46,619
YPID00001,PSV IDPS Dumper,272,03/09/2021, 10:17:10,619
YPID00001,PSV IDPS Dumper,272,03/09/2021, 11:14:46,619
YPID00001,PSV IDPS Dumper,272,03/09/2021, 12:18:46,619
YPID00001,PSV IDPS Dumper,273,03/09/2021, 13:18:49,619
YPID00001,PSV IDPS Dumper,275,03/09/2021, 14:15:53,619
YPID00001,PSV IDPS Dumper,275,03/09/2021, 15:20:10,619
YPID00001,PSV IDPS Dumper,275,03/09/2021, 17:42:31,619
YPID00001,PSV IDPS Dumper,275,03/09/2021, 18:29:09,619
YPID00001,PSV IDPS Dumper,275,03/09/2021, 19:11:53,619
YPID00001,PSV IDPS Dumper,275,03/09/2021, 20:11:18,619
YPID00001,PSV IDPS Dumper,276,03/09/2021, 21:09:36,619
YPID00001,PSV IDPS Dumper,276,03/09/2021, 22:13:11,619
YPID00001,PSV IDPS Dumper,276,03/09/2021, 23:11:01,619
YPID00001,PSV IDPS Dumper,277,03/10/2021, 00:25:46,619
YPID00001,PSV IDPS Dumper,277,03/10/2021, 01:41:28,619
YPID00001,PSV IDPS Dumper,277,03/10/2021, 02:25:27,619
YPID00001,PSV IDPS Dumper,277,03/10/2021, 03:09:58,619
YPID00001,PSV IDPS Dumper,277,03/10/2021, 04:11:15,619
YPID00001,PSV IDPS Dumper,277,03/10/2021, 05:10:41,619
YPID00001,PSV IDPS Dumper,277,03/10/2021, 06:11:53,619
YPID00001,PSV IDPS Dumper,277,03/10/2021, 07:10:05,619
YPID00001,PSV IDPS Dumper,277,03/10/2021, 08:12:31,619
YPID00001,PSV IDPS Dumper,277,03/10/2021, 09:11:12,619
YPID00001,PSV IDPS Dumper,277,03/10/2021, 10:12:01,619
YPID00001,PSV IDPS Dumper,277,03/10/2021, 11:10:07,619
YPID00001,PSV IDPS Dumper,277,03/10/2021, 12:14:22,619
YPID00001,PSV IDPS Dumper,277,03/10/2021, 13:13:51,619
YPID00001,PSV IDPS Dumper,278,03/10/2021, 14:15:54,619
YPID00001,PSV IDPS Dumper,278,03/10/2021, 15:14:53,619
YPID00001,PSV IDPS Dumper,280,03/10/2021, 16:22:20,619
YPID00001,PSV IDPS Dumper,280,03/10/2021, 17:32:54,619
YPID00001,PSV IDPS Dumper,282,03/10/2021, 18:17:51,619
YPID00001,PSV IDPS Dumper,282,03/10/2021, 19:12:54,619
YPID00001,PSV IDPS Dumper,282,03/10/2021, 20:15:44,619
YPID00001,PSV IDPS Dumper,282,03/10/2021, 21:09:33,619
YPID00001,PSV IDPS Dumper,282,03/10/2021, 22:11:20,619
YPID00001,PSV IDPS Dumper,282,03/10/2021, 23:10:00,619
YPID00001,PSV IDPS Dumper,282,03/11/2021, 00:25:39,619
YPID00001,PSV IDPS Dumper,282,03/11/2021, 01:42:17,619
YPID00001,PSV IDPS Dumper,282,03/11/2021, 02:24:26,619
YPID00001,PSV IDPS Dumper,282,03/11/2021, 03:10:38,619
YPID00001,PSV IDPS Dumper,283,03/11/2021, 04:14:19,619
YPID00001,PSV IDPS Dumper,283,03/11/2021, 05:10:48,619
YPID00001,PSV IDPS Dumper,283,03/11/2021, 06:12:00,619
YPID00001,PSV IDPS Dumper,283,03/11/2021, 07:10:50,619
YPID00001,PSV IDPS Dumper,283,03/11/2021, 08:12:40,619
YPID00001,PSV IDPS Dumper,283,03/11/2021, 09:11:32,619
YPID00001,PSV IDPS Dumper,283,03/11/2021, 10:11:58,619
YPID00001,PSV IDPS Dumper,283,03/11/2021, 11:10:05,619
YPID00001,PSV IDPS Dumper,283,03/11/2021, 12:14:06,619
YPID00001,PSV IDPS Dumper,283,03/11/2021, 13:19:58,619
YPID00001,PSV IDPS Dumper,283,03/11/2021, 14:15:55,619
YPID00001,PSV IDPS Dumper,284,03/11/2021, 15:15:09,619
YPID00001,PSV IDPS Dumper,284,03/11/2021, 16:21:49,619
YPID00001,PSV IDPS Dumper,285,03/11/2021, 17:33:51,619
YPID00001,PSV IDPS Dumper,285,03/11/2021, 18:18:51,619
YPID00001,PSV IDPS Dumper,285,03/11/2021, 19:13:03,619
YPID00001,PSV IDPS Dumper,285,03/11/2021, 20:11:28,619
YPID00001,PSV IDPS Dumper,285,03/11/2021, 21:09:55,619
YPID00001,PSV IDPS Dumper,285,03/11/2021, 22:11:28,619
YPID00001,PSV IDPS Dumper,285,03/11/2021, 23:10:56,619
YPID00001,PSV IDPS Dumper,287,03/12/2021, 00:26:09,619
YPID00001,PSV IDPS Dumper,288,03/12/2021, 01:43:01,619
YPID00001,PSV IDPS Dumper,288,03/12/2021, 02:26:56,619
YPID00001,PSV IDPS Dumper,288,03/12/2021, 03:11:58,619
YPID00001,PSV IDPS Dumper,288,03/12/2021, 04:13:08,619
YPID00001,PSV IDPS Dumper,289,03/12/2021, 05:11:26,619
YPID00001,PSV IDPS Dumper,289,03/12/2021, 06:12:01,619
YPID00001,PSV IDPS Dumper,289,03/12/2021, 07:09:39,619
YPID00001,PSV IDPS Dumper,289,03/12/2021, 08:13:26,619
YPID00001,PSV IDPS Dumper,289,03/12/2021, 09:14:50,619
YPID00001,PSV IDPS Dumper,289,03/12/2021, 10:16:57,619
YPID00001,PSV IDPS Dumper,289,03/12/2021, 11:14:58,619
YPID00001,PSV IDPS Dumper,289,03/12/2021, 12:18:47,619
YPID00001,PSV IDPS Dumper,289,03/12/2021, 13:18:53,619
YPID00001,PSV IDPS Dumper,289,03/12/2021, 14:15:59,619
YPID00001,PSV IDPS Dumper,290,03/12/2021, 15:15:04,619
YPID00001,PSV IDPS Dumper,290,03/12/2021, 16:21:51,619
YPID00001,PSV IDPS Dumper,290,03/12/2021, 17:29:05,619
YPID00001,PSV IDPS Dumper,290,03/12/2021, 18:13:24,619
YPID00001,PSV IDPS Dumper,291,03/12/2021, 19:27:47,619
YPID00001,PSV IDPS Dumper,292,03/12/2021, 20:11:35,619
YPID00001,PSV IDPS Dumper,292,03/12/2021, 21:09:18,619
YPID00001,PSV IDPS Dumper,292,03/12/2021, 22:11:34,619
YPID00001,PSV IDPS Dumper,292,03/12/2021, 23:11:09,619
YPID00001,PSV IDPS Dumper,293,03/13/2021, 00:25:49,619
YPID00001,PSV IDPS Dumper,293,03/13/2021, 01:41:34,619
YPID00001,PSV IDPS Dumper,293,03/13/2021, 02:26:00,619
YPID00001,PSV IDPS Dumper,293,03/13/2021, 03:11:17,619
YPID00001,PSV IDPS Dumper,293,03/13/2021, 04:13:06,619
YPID00001,PSV IDPS Dumper,293,03/13/2021, 05:10:46,619
YPID00001,PSV IDPS Dumper,293,03/13/2021, 06:11:43,619
YPID00001,PSV IDPS Dumper,293,03/13/2021, 07:09:53,619
YPID00001,PSV IDPS Dumper,293,03/13/2021, 08:12:12,619
YPID00001,PSV IDPS Dumper,293,03/13/2021, 09:10:55,619
YPID00001,PSV IDPS Dumper,293,03/13/2021, 10:11:40,619
YPID00001,PSV IDPS Dumper,293,03/13/2021, 11:10:08,619
YPID00001,PSV IDPS Dumper,294,03/13/2021, 12:13:53,619
YPID00001,PSV IDPS Dumper,295,03/13/2021, 13:13:37,619
YPID00001,PSV IDPS Dumper,295,03/13/2021, 14:10:42,619
YPID00001,PSV IDPS Dumper,295,03/13/2021, 15:10:16,619
YPID00001,PSV IDPS Dumper,295,03/13/2021, 16:16:41,619
YPID00001,PSV IDPS Dumper,295,03/13/2021, 17:28:23,619
YPID00001,PSV IDPS Dumper,297,03/13/2021, 18:12:30,619
YPID00001,PSV IDPS Dumper,297,03/13/2021, 19:07:34,619
YPID00001,PSV IDPS Dumper,298,03/13/2021, 20:11:03,619
YPID00001,PSV IDPS Dumper,298,03/13/2021, 21:09:33,619
YPID00001,PSV IDPS Dumper,299,03/13/2021, 22:11:08,619
YPID00001,PSV IDPS Dumper,301,03/13/2021, 23:10:55,619
YPID00001,PSV IDPS Dumper,301,03/14/2021, 00:27:19,619
YPID00001,PSV IDPS Dumper,301,03/14/2021, 01:45:09,619
YPID00001,PSV IDPS Dumper,301,03/14/2021, 02:26:08,619
YPID00001,PSV IDPS Dumper,301,03/14/2021, 03:11:27,619
YPID00001,PSV IDPS Dumper,301,03/14/2021, 04:13:06,619
YPID00001,PSV IDPS Dumper,301,03/14/2021, 05:10:56,619
YPID00001,PSV IDPS Dumper,301,03/14/2021, 06:11:53,619
YPID00001,PSV IDPS Dumper,302,03/14/2021, 07:10:09,619
YPID00001,PSV IDPS Dumper,303,03/14/2021, 08:12:28,619
YPID00001,PSV IDPS Dumper,303,03/14/2021, 09:11:13,619
YPID00001,PSV IDPS Dumper,304,03/14/2021, 10:11:51,619
YPID00001,PSV IDPS Dumper,304,03/14/2021, 11:10:04,619
YPID00001,PSV IDPS Dumper,304,03/14/2021, 12:13:56,619
YPID00001,PSV IDPS Dumper,304,03/14/2021, 13:13:35,619
YPID00001,PSV IDPS Dumper,304,03/14/2021, 14:10:48,619
YPID00001,PSV IDPS Dumper,305,03/14/2021, 15:10:30,619
YPID00001,PSV IDPS Dumper,305,03/14/2021, 16:16:37,619
YPID00001,PSV IDPS Dumper,305,03/14/2021, 17:28:11,619
YPID00001,PSV IDPS Dumper,305,03/14/2021, 18:11:20,619
YPID00001,PSV IDPS Dumper,305,03/14/2021, 19:08:02,619
YPID00001,PSV IDPS Dumper,305,03/14/2021, 20:11:02,619
YPID00001,PSV IDPS Dumper,305,03/14/2021, 21:09:26,619
YPID00001,PSV IDPS Dumper,305,03/14/2021, 22:11:17,619
YPID00001,PSV IDPS Dumper,305,03/14/2021, 23:10:33,619
YPID00001,PSV IDPS Dumper,305,03/15/2021, 00:26:23,619
YPID00001,PSV IDPS Dumper,305,03/15/2021, 01:43:29,619
YPID00001,PSV IDPS Dumper,305,03/15/2021, 02:26:41,619
YPID00001,PSV IDPS Dumper,305,03/15/2021, 03:11:12,619
YPID00001,PSV IDPS Dumper,305,03/15/2021, 04:13:15,619
YPID00001,PSV IDPS Dumper,305,03/15/2021, 05:10:29,619
YPID00001,PSV IDPS Dumper,306,03/15/2021, 06:11:49,619
YPID00001,PSV IDPS Dumper,306,03/15/2021, 07:09:44,619
YPID00001,PSV IDPS Dumper,306,03/15/2021, 08:13:05,619
YPID00001,PSV IDPS Dumper,306,03/15/2021, 09:16:02,619
YPID00001,PSV IDPS Dumper,306,03/15/2021, 10:16:59,619
YPID00001,PSV IDPS Dumper,306,03/15/2021, 11:14:52,619
YPID00001,PSV IDPS Dumper,306,03/15/2021, 12:18:55,619
YPID00001,PSV IDPS Dumper,306,03/15/2021, 13:18:01,619
YPID00001,PSV IDPS Dumper,307,03/15/2021, 14:15:55,619
YPID00001,PSV IDPS Dumper,307,03/15/2021, 15:15:09,619
YPID00001,PSV IDPS Dumper,307,03/15/2021, 16:22:04,619
YPID00001,PSV IDPS Dumper,308,03/15/2021, 17:32:35,619
YPID00001,PSV IDPS Dumper,308,03/15/2021, 18:16:04,619
YPID00001,PSV IDPS Dumper,308,03/15/2021, 19:13:06,619
YPID00001,PSV IDPS Dumper,308,03/15/2021, 21:28:20,619
YPID00001,PSV IDPS Dumper,308,03/15/2021, 22:21:40,619
YPID00001,PSV IDPS Dumper,309,03/15/2021, 23:16:11,619
YPID00001,PSV IDPS Dumper,309,03/16/2021, 00:25:33,619
YPID00001,PSV IDPS Dumper,309,03/16/2021, 01:41:43,619
YPID00001,PSV IDPS Dumper,309,03/16/2021, 02:25:59,619
YPID00001,PSV IDPS Dumper,309,03/16/2021, 03:10:25,619
YPID00001,PSV IDPS Dumper,309,03/16/2021, 04:13:09,619
YPID00001,PSV IDPS Dumper,309,03/16/2021, 05:10:39,619
YPID00001,PSV IDPS Dumper,310,03/16/2021, 06:11:38,619
YPID00001,PSV IDPS Dumper,310,03/16/2021, 07:09:39,619
YPID00001,PSV IDPS Dumper,310,03/16/2021, 08:12:25,619
YPID00001,PSV IDPS Dumper,311,03/16/2021, 09:09:55,619
YPID00001,PSV IDPS Dumper,312,03/16/2021, 10:12:21,619
YPID00001,PSV IDPS Dumper,312,03/16/2021, 11:10:11,619
YPID00001,PSV IDPS Dumper,312,03/16/2021, 12:18:55,619
YPID00001,PSV IDPS Dumper,313,03/16/2021, 13:19:03,619
YPID00001,PSV IDPS Dumper,313,03/16/2021, 14:16:09,619
YPID00001,PSV IDPS Dumper,313,03/16/2021, 15:16:24,619
YPID00001,PSV IDPS Dumper,314,03/16/2021, 16:21:49,619
YPID00001,PSV IDPS Dumper,314,03/16/2021, 17:29:08,619
YPID00001,PSV IDPS Dumper,314,03/16/2021, 18:13:13,619
YPID00001,PSV IDPS Dumper,314,03/16/2021, 19:08:33,619
YPID00001,PSV IDPS Dumper,314,03/16/2021, 20:11:22,619
YPID00001,PSV IDPS Dumper,314,03/16/2021, 21:09:56,619
YPID00001,PSV IDPS Dumper,314,03/16/2021, 22:11:40,619
YPID00001,PSV IDPS Dumper,314,03/16/2021, 23:10:42,619
YPID00001,PSV IDPS Dumper,315,03/17/2021, 00:26:23,619
YPID00001,PSV IDPS Dumper,315,03/17/2021, 01:43:37,619
YPID00001,PSV IDPS Dumper,315,03/17/2021, 02:27:54,619
YPID00001,PSV IDPS Dumper,315,03/17/2021, 03:12:14,619
YPID00001,PSV IDPS Dumper,315,03/17/2021, 04:13:04,619
YPID00001,PSV IDPS Dumper,315,03/17/2021, 05:11:13,619
YPID00001,PSV IDPS Dumper,315,03/17/2021, 06:11:59,619
YPID00001,PSV IDPS Dumper,316,03/17/2021, 07:09:47,619
YPID00001,PSV IDPS Dumper,316,03/17/2021, 08:12:32,619
YPID00001,PSV IDPS Dumper,316,03/17/2021, 09:11:17,619
YPID00001,PSV IDPS Dumper,316,03/17/2021, 10:11:53,619
YPID00001,PSV IDPS Dumper,316,03/17/2021, 11:10:15,619
YPID00001,PSV IDPS Dumper,318,03/17/2021, 12:16:05,619
YPID00001,PSV IDPS Dumper,318,03/17/2021, 13:18:58,619
YPID00001,PSV IDPS Dumper,318,03/17/2021, 14:16:21,619
YPID00001,PSV IDPS Dumper,318,03/17/2021, 15:16:53,619
YPID00001,PSV IDPS Dumper,318,03/17/2021, 16:22:20,619
YPID00001,PSV IDPS Dumper,320,03/17/2021, 17:28:26,619
YPID00001,PSV IDPS Dumper,320,03/17/2021, 18:12:25,619
YPID00001,PSV IDPS Dumper,320,03/17/2021, 19:07:49,619
YPID00001,PSV IDPS Dumper,320,03/17/2021, 20:11:34,619
YPID00001,PSV IDPS Dumper,320,03/17/2021, 21:09:59,619
YPID00001,PSV IDPS Dumper,324,03/17/2021, 22:11:49,619
YPID00001,PSV IDPS Dumper,324,03/17/2021, 23:10:52,619
YPID00001,PSV IDPS Dumper,324,03/18/2021, 00:26:15,619
YPID00001,PSV IDPS Dumper,324,03/18/2021, 01:43:43,619
YPID00001,PSV IDPS Dumper,325,03/18/2021, 02:27:07,619
YPID00001,PSV IDPS Dumper,325,03/18/2021, 03:11:01,619
YPID00001,PSV IDPS Dumper,325,03/18/2021, 04:13:19,619
YPID00001,PSV IDPS Dumper,325,03/18/2021, 05:11:38,619
YPID00001,PSV IDPS Dumper,325,03/18/2021, 06:12:14,619
YPID00001,PSV IDPS Dumper,325,03/18/2021, 07:09:25,619
YPID00001,PSV IDPS Dumper,325,03/18/2021, 08:12:47,619
YPID00001,PSV IDPS Dumper,325,03/18/2021, 09:16:04,619
YPID00001,PSV IDPS Dumper,325,03/18/2021, 10:17:01,619
YPID00001,PSV IDPS Dumper,326,03/18/2021, 11:14:52,619
YPID00001,PSV IDPS Dumper,326,03/18/2021, 12:18:19,619
YPID00001,PSV IDPS Dumper,326,03/18/2021, 13:18:55,619
YPID00001,PSV IDPS Dumper,326,03/18/2021, 14:15:54,619
YPID00001,PSV IDPS Dumper,326,03/18/2021, 15:10:43,619
YPID00001,PSV IDPS Dumper,326,03/18/2021, 16:17:09,619
YPID00001,PSV IDPS Dumper,327,03/18/2021, 17:29:19,619
YPID00001,PSV IDPS Dumper,327,03/18/2021, 18:13:16,619
YPID00001,PSV IDPS Dumper,327,03/18/2021, 19:08:04,619
YPID00001,PSV IDPS Dumper,328,03/18/2021, 20:11:28,619
YPID00001,PSV IDPS Dumper,328,03/18/2021, 21:10:07,619
YPID00001,PSV IDPS Dumper,329,03/18/2021, 22:11:44,619
YPID00001,PSV IDPS Dumper,329,03/18/2021, 23:11:00,619
YPID00001,PSV IDPS Dumper,329,03/19/2021, 00:26:50,619
YPID00001,PSV IDPS Dumper,330,03/19/2021, 01:45:00,619
YPID00001,PSV IDPS Dumper,331,03/19/2021, 02:28:29,619
YPID00001,PSV IDPS Dumper,332,03/19/2021, 03:13:09,619
YPID00001,PSV IDPS Dumper,332,03/19/2021, 04:13:20,619
YPID00001,PSV IDPS Dumper,332,03/19/2021, 05:11:49,619
YPID00001,PSV IDPS Dumper,332,03/19/2021, 06:12:01,619
YPID00001,PSV IDPS Dumper,334,03/19/2021, 07:09:35,619
YPID00001,PSV IDPS Dumper,334,03/19/2021, 08:13:43,619
YPID00001,PSV IDPS Dumper,334,03/19/2021, 09:11:11,619
YPID00001,PSV IDPS Dumper,334,03/19/2021, 10:16:52,619
YPID00001,PSV IDPS Dumper,334,03/19/2021, 11:11:41,619
YPID00001,PSV IDPS Dumper,334,03/19/2021, 12:14:34,619
YPID00001,PSV IDPS Dumper,334,03/19/2021, 13:20:05,619
YPID00001,PSV IDPS Dumper,334,03/19/2021, 14:15:56,619
YPID00001,PSV IDPS Dumper,334,03/19/2021, 15:15:58,619
YPID00001,PSV IDPS Dumper,334,03/19/2021, 16:17:39,619
YPID00001,PSV IDPS Dumper,334,03/19/2021, 17:30:35,619
YPID00001,PSV IDPS Dumper,334,03/19/2021, 18:14:34,619
YPID00001,PSV IDPS Dumper,334,03/19/2021, 19:08:44,619
YPID00001,PSV IDPS Dumper,334,03/19/2021, 20:11:31,619
YPID00001,PSV IDPS Dumper,334,03/19/2021, 21:10:07,619
YPID00001,PSV IDPS Dumper,334,03/19/2021, 22:11:53,619
YPID00001,PSV IDPS Dumper,334,03/19/2021, 23:10:59,619
YPID00001,PSV IDPS Dumper,334,03/20/2021, 00:26:13,619
YPID00001,PSV IDPS Dumper,334,03/20/2021, 01:43:46,619
YPID00001,PSV IDPS Dumper,334,03/20/2021, 02:28:17,619
YPID00001,PSV IDPS Dumper,334,03/20/2021, 03:12:59,619
YPID00001,PSV IDPS Dumper,334,03/20/2021, 04:13:26,619
YPID00001,PSV IDPS Dumper,334,03/20/2021, 05:12:09,619
YPID00001,PSV IDPS Dumper,334,03/20/2021, 06:11:38,619
YPID00001,PSV IDPS Dumper,334,03/20/2021, 07:10:03,619
YPID00001,PSV IDPS Dumper,334,03/20/2021, 08:12:29,619
YPID00001,PSV IDPS Dumper,334,03/20/2021, 09:11:30,619
YPID00001,PSV IDPS Dumper,334,03/20/2021, 10:12:08,619
YPID00001,PSV IDPS Dumper,334,03/20/2021, 11:10:06,619
YPID00001,PSV IDPS Dumper,334,03/20/2021, 12:14:21,619
YPID00001,PSV IDPS Dumper,334,03/20/2021, 13:14:07,619
YPID00001,PSV IDPS Dumper,334,03/20/2021, 14:10:54,619
YPID00001,PSV IDPS Dumper,334,03/20/2021, 15:10:42,619
YPID00001,PSV IDPS Dumper,334,03/20/2021, 16:17:38,619
YPID00001,PSV IDPS Dumper,334,03/20/2021, 17:31:20,619
YPID00001,PSV IDPS Dumper,334,03/20/2021, 18:14:30,619
YPID00001,PSV IDPS Dumper,334,03/20/2021, 19:08:09,619
YPID00001,PSV IDPS Dumper,335,03/20/2021, 20:11:19,619
YPID00001,PSV IDPS Dumper,335,03/20/2021, 21:10:06,619
YPID00001,PSV IDPS Dumper,336,03/20/2021, 22:11:38,619
YPID00001,PSV IDPS Dumper,336,03/20/2021, 23:10:59,619
YPID00001,PSV IDPS Dumper,338,03/21/2021, 00:28:00,619
YPID00001,PSV IDPS Dumper,338,03/21/2021, 01:47:44,619
YPID00001,PSV IDPS Dumper,338,03/21/2021, 02:28:16,619
YPID00001,PSV IDPS Dumper,339,03/21/2021, 03:12:33,619
YPID00001,PSV IDPS Dumper,339,03/21/2021, 04:13:24,619
YPID00001,PSV IDPS Dumper,339,03/21/2021, 05:12:50,619
YPID00001,PSV IDPS Dumper,339,03/21/2021, 06:11:35,619
YPID00001,PSV IDPS Dumper,339,03/21/2021, 07:10:02,619
YPID00001,PSV IDPS Dumper,339,03/21/2021, 08:12:39,619
YPID00001,PSV IDPS Dumper,339,03/21/2021, 09:11:31,619
YPID00001,PSV IDPS Dumper,339,03/21/2021, 10:12:02,619
YPID00001,PSV IDPS Dumper,339,03/21/2021, 11:15:26,619
YPID00001,PSV IDPS Dumper,340,03/21/2021, 12:18:56,619
YPID00001,PSV IDPS Dumper,340,03/21/2021, 13:14:54,619
YPID00001,PSV IDPS Dumper,340,03/21/2021, 14:11:03,619
YPID00001,PSV IDPS Dumper,340,03/21/2021, 15:11:00,619
YPID00001,PSV IDPS Dumper,341,03/21/2021, 16:17:38,619
YPID00001,PSV IDPS Dumper,341,03/21/2021, 17:31:57,619
YPID00001,PSV IDPS Dumper,341,03/21/2021, 18:19:53,619
YPID00001,PSV IDPS Dumper,343,03/21/2021, 19:12:50,619
YPID00001,PSV IDPS Dumper,343,03/21/2021, 20:12:03,619
YPID00001,PSV IDPS Dumper,343,03/21/2021, 21:09:45,619
YPID00001,PSV IDPS Dumper,343,03/21/2021, 22:11:49,619
YPID00001,PSV IDPS Dumper,343,03/21/2021, 23:11:11,619
YPID00001,PSV IDPS Dumper,343,03/22/2021, 00:26:54,619
YPID00001,PSV IDPS Dumper,343,03/22/2021, 01:46:50,619
YPID00001,PSV IDPS Dumper,343,03/22/2021, 02:31:22,619
YPID00001,PSV IDPS Dumper,343,03/22/2021, 03:18:51,619
YPID00001,PSV IDPS Dumper,343,03/22/2021, 04:17:54,619
YPID00001,PSV IDPS Dumper,343,03/22/2021, 05:18:47,619
YPID00001,PSV IDPS Dumper,343,03/22/2021, 06:16:50,619
YPID00001,PSV IDPS Dumper,343,03/22/2021, 07:14:52,619
YPID00001,PSV IDPS Dumper,343,03/22/2021, 08:17:54,619
YPID00001,PSV IDPS Dumper,343,03/22/2021, 09:16:05,619
YPID00001,PSV IDPS Dumper,343,03/22/2021, 10:16:57,619
YPID00001,PSV IDPS Dumper,343,03/22/2021, 11:10:11,619
YPID00001,PSV IDPS Dumper,343,03/22/2021, 12:14:53,619
YPID00001,PSV IDPS Dumper,343,03/22/2021, 13:17:25,619
YPID00001,PSV IDPS Dumper,343,03/22/2021, 14:11:05,619
YPID00001,PSV IDPS Dumper,343,03/22/2021, 15:11:01,619
YPID00001,PSV IDPS Dumper,343,03/22/2021, 16:18:04,619
YPID00001,PSV IDPS Dumper,343,03/22/2021, 17:32:26,619
YPID00001,PSV IDPS Dumper,343,03/22/2021, 18:15:51,619
YPID00001,PSV IDPS Dumper,343,03/22/2021, 19:09:45,619
YPID00001,PSV IDPS Dumper,343,03/22/2021, 20:12:04,619
YPID00001,PSV IDPS Dumper,343,03/22/2021, 21:10:20,619
YPID00001,PSV IDPS Dumper,343,03/22/2021, 22:12:24,619
YPID00001,PSV IDPS Dumper,344,03/22/2021, 23:11:07,619
YPID00001,PSV IDPS Dumper,344,03/23/2021, 00:26:31,619
YPID00001,PSV IDPS Dumper,344,03/23/2021, 01:46:05,619
YPID00001,PSV IDPS Dumper,344,03/23/2021, 02:30:05,619
YPID00001,PSV IDPS Dumper,344,03/23/2021, 03:14:29,619
YPID00001,PSV IDPS Dumper,344,03/23/2021, 04:13:08,619
YPID00001,PSV IDPS Dumper,345,03/23/2021, 05:13:32,619
YPID00001,PSV IDPS Dumper,346,03/23/2021, 06:12:03,619
YPID00001,PSV IDPS Dumper,347,03/23/2021, 07:10:28,619
YPID00001,PSV IDPS Dumper,347,03/23/2021, 08:13:22,619
YPID00001,PSV IDPS Dumper,347,03/23/2021, 09:11:40,619
YPID00001,PSV IDPS Dumper,347,03/23/2021, 10:12:02,619
YPID00001,PSV IDPS Dumper,348,03/23/2021, 11:10:16,619
YPID00001,PSV IDPS Dumper,348,03/23/2021, 12:19:58,619
YPID00001,PSV IDPS Dumper,348,03/23/2021, 13:22:53,619
YPID00001,PSV IDPS Dumper,348,03/23/2021, 14:16:06,619
YPID00001,PSV IDPS Dumper,348,03/23/2021, 15:11:43,619
YPID00001,PSV IDPS Dumper,348,03/23/2021, 16:16:59,619
YPID00001,PSV IDPS Dumper,348,03/23/2021, 17:34:37,619
YPID00001,PSV IDPS Dumper,348,03/23/2021, 18:14:37,619
YPID00001,PSV IDPS Dumper,348,03/23/2021, 19:09:32,619
YPID00001,PSV IDPS Dumper,348,03/23/2021, 20:12:21,619
YPID00001,PSV IDPS Dumper,348,03/23/2021, 21:10:15,619
YPID00001,PSV IDPS Dumper,348,03/23/2021, 22:12:25,619
YPID00001,PSV IDPS Dumper,348,03/23/2021, 23:11:53,619
YPID00001,PSV IDPS Dumper,348,03/24/2021, 00:26:56,619
YPID00001,PSV IDPS Dumper,348,03/24/2021, 01:47:46,619
YPID00001,PSV IDPS Dumper,348,03/24/2021, 02:31:04,619
YPID00001,PSV IDPS Dumper,348,03/24/2021, 03:14:35,619
YPID00001,PSV IDPS Dumper,348,03/24/2021, 04:23:06,619
YPID00001,PSV IDPS Dumper,348,03/24/2021, 05:28:25,619
YPID00001,PSV IDPS Dumper,348,03/24/2021, 06:20:03,619
YPID00001,PSV IDPS Dumper,349,03/24/2021, 07:23:31,619
YPID00001,PSV IDPS Dumper,351,03/24/2021, 08:21:32,619
YPID00001,PSV IDPS Dumper,351,03/24/2021, 09:27:10,619
YPID00001,PSV IDPS Dumper,351,03/24/2021, 10:27:18,619
YPID00001,PSV IDPS Dumper,351,03/24/2021, 11:24:08,619
YPID00001,PSV IDPS Dumper,352,03/24/2021, 12:30:59,619
YPID00001,PSV IDPS Dumper,352,03/24/2021, 13:31:09,619
YPID00001,PSV IDPS Dumper,352,03/24/2021, 14:18:28,619
YPID00001,PSV IDPS Dumper,352,03/24/2021, 15:18:31,619
YPID00001,PSV IDPS Dumper,352,03/24/2021, 16:35:14,619
YPID00001,PSV IDPS Dumper,352,03/24/2021, 18:00:16,619
YPID00001,PSV IDPS Dumper,352,03/24/2021, 18:46:59,619
YPID00001,PSV IDPS Dumper,352,03/24/2021, 19:26:05,619
YPID00001,PSV IDPS Dumper,353,03/24/2021, 20:19:18,619
YPID00001,PSV IDPS Dumper,355,03/24/2021, 21:16:26,619
YPID00001,PSV IDPS Dumper,355,03/24/2021, 22:18:36,619
YPID00001,PSV IDPS Dumper,355,03/24/2021, 23:21:00,619
YPID00001,PSV IDPS Dumper,355,03/25/2021, 00:56:53,619
YPID00001,PSV IDPS Dumper,355,03/25/2021, 02:27:34,619
YPID00001,PSV IDPS Dumper,356,03/25/2021, 03:29:26,619
YPID00001,PSV IDPS Dumper,356,03/25/2021, 04:26:09,619
YPID00001,PSV IDPS Dumper,356,03/25/2021, 05:27:16,619
YPID00001,PSV IDPS Dumper,357,03/25/2021, 06:19:36,619
